-- phpMyAdmin SQL Dump
-- version 5.0.4
-- https://www.phpmyadmin.net/
--
-- Hôte : localhost
-- Généré le : mer. 20 jan. 2021 à 11:20
-- Version du serveur :  10.4.17-MariaDB
-- Version de PHP : 7.4.13

SET SQL_MODE = "NO_AUTO_VALUE_ON_ZERO";
START TRANSACTION;
SET time_zone = "+00:00";


/*!40101 SET @OLD_CHARACTER_SET_CLIENT=@@CHARACTER_SET_CLIENT */;
/*!40101 SET @OLD_CHARACTER_SET_RESULTS=@@CHARACTER_SET_RESULTS */;
/*!40101 SET @OLD_COLLATION_CONNECTION=@@COLLATION_CONNECTION */;
/*!40101 SET NAMES utf8mb4 */;

--
-- Base de données : `tynkle`
--
CREATE DATABASE IF NOT EXISTS `tynkle` DEFAULT CHARACTER SET utf8mb4 COLLATE utf8mb4_general_ci;
USE `tynkle`;

-- --------------------------------------------------------

--
-- Structure de la table `asks`
--

CREATE TABLE `asks` (
  `id` int(11) NOT NULL,
  `id_user` int(11) NOT NULL,
  `id_post` int(11) NOT NULL,
  `object` varchar(255) NOT NULL,
  `content` tinytext NOT NULL,
  `amount` double NOT NULL,
  `is_viewed` tinyint(1) NOT NULL DEFAULT 0,
  `is_accepted` tinyint(1) NOT NULL DEFAULT 0,
  `created_at` datetime NOT NULL DEFAULT current_timestamp(),
  `updated_at` datetime NOT NULL DEFAULT '0000-00-00 00:00:00' ON UPDATE current_timestamp()
) ENGINE=InnoDB DEFAULT CHARSET=utf8mb4;

-- --------------------------------------------------------

--
-- Structure de la table `breakdown_categories`
--

CREATE TABLE `breakdown_categories` (
  `id` int(11) NOT NULL,
  `id_platform` int(11) NOT NULL,
  `name` varchar(100) NOT NULL,
  `description` tinytext NOT NULL,
  `created_at` datetime NOT NULL DEFAULT current_timestamp(),
  `updated_at` datetime NOT NULL DEFAULT '0000-00-00 00:00:00' ON UPDATE current_timestamp()
) ENGINE=InnoDB DEFAULT CHARSET=utf8mb4;

--
-- Déchargement des données de la table `breakdown_categories`
--

INSERT INTO `breakdown_categories` (`id`, `id_platform`, `name`, `description`, `created_at`, `updated_at`) VALUES
(1, 5, 'logiciel', 'Necessitatibus velit accusamus repellat nam. Quasi repellat molestiae odio architecto.', '2021-01-17 15:24:45', '0000-00-00 00:00:00'),
(2, 1, 'matériel', 'Expedita nesciunt quaerat et vel iusto quod nam. In non eaque asperiores et. Impedit esse molestiae aliquam dolorum. Culpa commodi sint qui.', '2021-01-17 15:24:45', '0000-00-00 00:00:00'),
(3, 3, 'mentoring/tutorat/cours', 'Ad esse cupiditate voluptas et expedita occaecati. Autem minus voluptas quibusdam et corrupti voluptatem. Fugit in voluptas soluta. Porro officia quibusdam fuga.', '2021-01-17 15:24:45', '0000-00-00 00:00:00'),
(4, 3, 'réseau', 'Repudiandae ullam consequatur quae assumenda voluptatem. Quod ut maiores cupiditate repellat quod et voluptas.', '2021-01-17 15:24:45', '0000-00-00 00:00:00'),
(5, 1, 'logiciel', 'Aut incidunt nam et ex explicabo quidem quidem. Sit id est tempora expedita autem. Quas quisquam ut voluptatem dolores. Et totam ducimus numquam cum consectetur quo.', '2021-01-17 15:25:08', '0000-00-00 00:00:00'),
(6, 1, 'matériel', 'Impedit atque vitae illo sequi qui rerum. Eligendi facilis sed corporis cum rerum repellat. Ut porro porro quod. Quam pariatur dolor in ex repellendus. Aut voluptatem et dolores vero aut.', '2021-01-17 15:25:08', '0000-00-00 00:00:00'),
(7, 3, 'mentoring/tutorat/cours', 'Sed quasi repellat hic facilis enim natus tenetur atque. Ipsum provident ut enim quaerat expedita vel nam. Aut nobis consequatur et doloremque fuga. Porro maiores sed et omnis rem.', '2021-01-17 15:25:08', '0000-00-00 00:00:00'),
(8, 1, 'réseau', 'Iusto dicta id error minus mollitia et et. Eaque velit beatae hic alias debitis quaerat. Quis praesentium et in omnis consequatur temporibus velit. Aut accusamus alias cum voluptas aut non.', '2021-01-17 15:25:08', '0000-00-00 00:00:00'),
(9, 4, 'logiciel', 'Placeat soluta eveniet et amet aut et. Modi et nobis enim assumenda id. Hic non est nesciunt est mollitia consectetur in omnis. Temporibus provident voluptatem voluptatem sit eius.', '2021-01-17 15:25:46', '0000-00-00 00:00:00'),
(10, 2, 'matériel', 'Ab non quia enim ut. Enim et delectus laudantium alias dolorem tenetur placeat natus. Dolor harum sint rerum. Consequatur optio qui omnis provident laboriosam.', '2021-01-17 15:25:46', '0000-00-00 00:00:00'),
(11, 3, 'mentoring/tutorat/cours', 'Quia quisquam qui quo in eos numquam et. Sed magnam quam nihil rerum veniam. Dolor rerum dolores ut non ut qui cumque. Molestiae quisquam nam cumque eveniet sint sed voluptas.', '2021-01-17 15:25:46', '0000-00-00 00:00:00'),
(12, 1, 'réseau', 'Itaque quibusdam porro aliquid nihil non. Non placeat atque eos non neque.', '2021-01-17 15:25:46', '0000-00-00 00:00:00'),
(13, 2, 'logiciel', 'Magni tenetur in nisi quae sapiente odio et. Voluptatem et aut et velit eligendi fuga. Tempore est laborum et doloribus autem ut recusandae. Quia iusto a aut consequuntur.', '2021-01-17 16:28:06', '0000-00-00 00:00:00'),
(14, 3, 'matériel', 'Corrupti eos id aut molestiae nostrum explicabo ea nulla. Sint quae consequatur dolores repellat consequatur aut optio. Itaque aliquam porro nihil. Iure nobis iure rem molestiae doloribus sed.', '2021-01-17 16:28:06', '0000-00-00 00:00:00'),
(15, 4, 'mentoring/tutorat/cours', 'Rem quis sed aliquam rerum quis distinctio. Amet aut et possimus voluptates dolores omnis. Officiis nihil id fuga iste.', '2021-01-17 16:28:06', '0000-00-00 00:00:00'),
(16, 5, 'réseau', 'Et illo rem quo tempore voluptatem aut minima. Omnis quia modi doloremque reprehenderit. Animi et in et nemo. Nostrum eum dolor expedita repellat omnis ut debitis.', '2021-01-17 16:28:06', '0000-00-00 00:00:00'),
(17, 1, 'logiciel', 'Provident delectus quaerat unde. Perferendis odit dolorem qui omnis voluptate molestias. Quo sunt saepe quis dolores labore odio. Repellat non est harum dolor hic molestiae.', '2021-01-17 17:03:11', '0000-00-00 00:00:00'),
(18, 2, 'matériel', 'Minus nihil ut recusandae qui quidem ex. Voluptas dolorem deserunt nostrum qui quidem modi numquam voluptas. Error ipsum ex sed numquam.', '2021-01-17 17:03:11', '0000-00-00 00:00:00'),
(19, 2, 'mentoring/tutorat/cours', 'Quasi atque fuga error dolor voluptas. A neque asperiores consequatur iure doloremque cupiditate alias. Repellat voluptatem quas quis velit omnis. Quia rerum vero rerum nobis.', '2021-01-17 17:03:11', '0000-00-00 00:00:00'),
(20, 2, 'réseau', 'Alias iusto sapiente magni quaerat vel sit. Dolores nihil molestiae magnam suscipit voluptas.', '2021-01-17 17:03:11', '0000-00-00 00:00:00');

-- --------------------------------------------------------

--
-- Structure de la table `messages`
--

CREATE TABLE `messages` (
  `id` int(11) NOT NULL,
  `id_sender` int(11) NOT NULL,
  `id_receiver` int(11) NOT NULL,
  `object` varchar(255) NOT NULL,
  `content` tinytext NOT NULL,
  `is_sender_deleted` tinyint(1) NOT NULL DEFAULT 0,
  `is_receiver_deleted` tinyint(1) NOT NULL DEFAULT 0,
  `created_at` datetime NOT NULL DEFAULT current_timestamp(),
  `updated_at` datetime NOT NULL DEFAULT '0000-00-00 00:00:00' ON UPDATE current_timestamp()
) ENGINE=InnoDB DEFAULT CHARSET=utf8mb4;

-- --------------------------------------------------------

--
-- Structure de la table `offers`
--

CREATE TABLE `offers` (
  `id` int(11) NOT NULL,
  `id_user` int(11) NOT NULL,
  `id_post` int(11) NOT NULL,
  `object` varchar(255) NOT NULL,
  `content` tinytext NOT NULL,
  `amount` double NOT NULL,
  `is_viewed` tinyint(1) NOT NULL DEFAULT 0,
  `is_accepted` tinyint(1) NOT NULL DEFAULT 0,
  `created_at` datetime NOT NULL DEFAULT current_timestamp(),
  `updated_at` datetime NOT NULL DEFAULT '0000-00-00 00:00:00' ON UPDATE current_timestamp()
) ENGINE=InnoDB DEFAULT CHARSET=utf8mb4;

-- --------------------------------------------------------

--
-- Structure de la table `platforms`
--

CREATE TABLE `platforms` (
  `id` int(11) NOT NULL,
  `name` varchar(100) NOT NULL,
  `description` tinytext NOT NULL,
  `created_at` datetime NOT NULL DEFAULT current_timestamp(),
  `updated_at` datetime NOT NULL DEFAULT '0000-00-00 00:00:00' ON UPDATE current_timestamp()
) ENGINE=InnoDB DEFAULT CHARSET=utf8mb4;

--
-- Déchargement des données de la table `platforms`
--

INSERT INTO `platforms` (`id`, `name`, `description`, `created_at`, `updated_at`) VALUES
(1, 'pc/windows', 'Qui quo aut officia nobis quibusdam in in. Porro quis autem tenetur et. Magni nesciunt est exercitationem suscipit. Omnis ut doloribus id quia vero. Culpa est eum eos beatae occaecati rem.', '2021-01-17 14:54:36', '0000-00-00 00:00:00'),
(2, 'pc/OSX', 'Culpa dolor doloribus pariatur praesentium. Pariatur quidem ex eum nihil omnis quia. Quia non et reiciendis voluptatibus quis molestias.', '2021-01-17 14:54:36', '0000-00-00 00:00:00'),
(3, 'android', 'Delectus voluptatibus aut tenetur repudiandae sunt nulla. Aspernatur et laudantium et incidunt sit accusantium.', '2021-01-17 14:54:36', '0000-00-00 00:00:00'),
(4, 'ios', 'Et mollitia adipisci et aut iste qui. Cum nihil qui nesciunt facilis voluptatum consectetur omnis consequatur. Possimus est doloremque in sint voluptatum. Id rem libero vero non quo vel.', '2021-01-17 14:54:36', '0000-00-00 00:00:00'),
(5, 'macOSX', 'Quae repellendus est fugiat qui in explicabo aut. Vel est iste est cupiditate rerum nihil. Voluptas architecto ab tempora maxime et est. Est quam est quos laboriosam corrupti ducimus quam.', '2021-01-17 14:54:36', '0000-00-00 00:00:00');

-- --------------------------------------------------------

--
-- Structure de la table `posts`
--

CREATE TABLE `posts` (
  `id` int(11) NOT NULL,
  `id_user` int(11) NOT NULL,
  `id_breakdown_category` int(11) NOT NULL,
  `images` longtext CHARACTER SET utf8mb4 COLLATE utf8mb4_bin NOT NULL DEFAULT '"[]"' CHECK (json_valid(`images`)),
  `cover_image` varchar(255) DEFAULT NULL,
  `is_solved` tinyint(1) NOT NULL DEFAULT 0,
  `title` varchar(100) NOT NULL,
  `content` text NOT NULL,
  `budget` double NOT NULL DEFAULT 10.5,
  `city` varchar(55) NOT NULL,
  `postal_code` varchar(25) NOT NULL,
  `created_at` datetime NOT NULL DEFAULT current_timestamp(),
  `updated_at` datetime NOT NULL DEFAULT '0000-00-00 00:00:00' ON UPDATE current_timestamp()
) ENGINE=InnoDB DEFAULT CHARSET=utf8mb4;

--
-- Déchargement des données de la table `posts`
--

INSERT INTO `posts` (`id`, `id_user`, `id_breakdown_category`, `images`, `cover_image`, `is_solved`, `title`, `content`, `budget`, `city`, `postal_code`, `created_at`, `updated_at`) VALUES
(27, 69, 1, '[\"https:\\/\\/images.pexels.com\\/photos\\/821652\\/pexels-photo-821652.jpeg\",\"https:\\/\\/images.pexels.com\\/photos\\/1388947\\/technology-telephone-mobile-smart-1388947.jpeg\",\"https:\\/\\/images.pexels.com\\/photos\\/719399\\/pexels-photo-719399.jpeg\",\"https:\\/\\/images.pexels.com\\/photos\\/5053740\\/pexels-photo-5053740.jpeg\"]', '', 0, 'Super titre 26', 'Quidem adipisci vero aut ab. Tempore minus omnis id culpa. Ipsam quis id non et. Perspiciatis eum pariatur consectetur tempora quo.', 592, '', '', '2021-01-17 15:24:51', '0000-00-00 00:00:00'),
(63, 69, 1, '[\"https:\\/\\/images.pexels.com\\/photos\\/821652\\/pexels-photo-821652.jpeg\",\"https:\\/\\/images.pexels.com\\/photos\\/1388947\\/technology-telephone-mobile-smart-1388947.jpeg\",\"https:\\/\\/images.pexels.com\\/photos\\/719399\\/pexels-photo-719399.jpeg\",\"https:\\/\\/images.pexels.com\\/photos\\/5053740\\/pexels-photo-5053740.jpeg\"]', '', 0, 'Super titre 62', 'Repellendus beatae aliquid praesentium. Accusantium inventore et porro quia. Error voluptas eos eligendi omnis enim inventore.', 124, '', '', '2021-01-17 15:24:52', '0000-00-00 00:00:00'),
(85, 96, 1, '[\"https:\\/\\/images.pexels.com\\/photos\\/821652\\/pexels-photo-821652.jpeg\",\"https:\\/\\/images.pexels.com\\/photos\\/1388947\\/technology-telephone-mobile-smart-1388947.jpeg\",\"https:\\/\\/images.pexels.com\\/photos\\/719399\\/pexels-photo-719399.jpeg\",\"https:\\/\\/images.pexels.com\\/photos\\/5053740\\/pexels-photo-5053740.jpeg\"]', '', 0, 'Super titre 84', 'Rerum nobis natus hic debitis similique. Quis eligendi rerum et.', 127, '', '', '2021-01-17 15:24:52', '0000-00-00 00:00:00'),
(94, 35, 2, '[\"https:\\/\\/images.pexels.com\\/photos\\/821652\\/pexels-photo-821652.jpeg\",\"https:\\/\\/images.pexels.com\\/photos\\/1388947\\/technology-telephone-mobile-smart-1388947.jpeg\",\"https:\\/\\/images.pexels.com\\/photos\\/719399\\/pexels-photo-719399.jpeg\",\"https:\\/\\/images.pexels.com\\/photos\\/5053740\\/pexels-photo-5053740.jpeg\"]', '', 0, 'Super titre 93', 'Esse fugiat voluptas sit earum eius dolor nemo et. Non corporis odio dolor a doloribus qui nesciunt.', 139, '', '', '2021-01-17 15:24:52', '0000-00-00 00:00:00'),
(101, 8, 8, '[\"https:\\/\\/images.pexels.com\\/photos\\/821652\\/pexels-photo-821652.jpeg\",\"https:\\/\\/images.pexels.com\\/photos\\/1388947\\/technology-telephone-mobile-smart-1388947.jpeg\",\"https:\\/\\/images.pexels.com\\/photos\\/719399\\/pexels-photo-719399.jpeg\",\"https:\\/\\/images.pexels.com\\/photos\\/5053740\\/pexels-photo-5053740.jpeg\"]', '', 0, 'Super titre 0', 'Est officiis assumenda voluptates nostrum sint velit cumque. Dolor ut impedit alias. Commodi dolore et ea nobis. Odit aut inventore quia voluptatibus suscipit eum quia.', 335, '', '', '2021-01-17 15:25:14', '0000-00-00 00:00:00'),
(102, 98, 4, '[\"https:\\/\\/images.pexels.com\\/photos\\/821652\\/pexels-photo-821652.jpeg\",\"https:\\/\\/images.pexels.com\\/photos\\/1388947\\/technology-telephone-mobile-smart-1388947.jpeg\",\"https:\\/\\/images.pexels.com\\/photos\\/719399\\/pexels-photo-719399.jpeg\",\"https:\\/\\/images.pexels.com\\/photos\\/5053740\\/pexels-photo-5053740.jpeg\"]', '', 0, 'Super titre 1', 'Adipisci minus ullam animi minima et officiis sunt. Accusamus aut provident illo et inventore. Vel quo modi provident ducimus aut dignissimos veritatis.', 993, '', '', '2021-01-17 15:25:14', '0000-00-00 00:00:00'),
(126, 6, 3, '[\"https:\\/\\/images.pexels.com\\/photos\\/821652\\/pexels-photo-821652.jpeg\",\"https:\\/\\/images.pexels.com\\/photos\\/1388947\\/technology-telephone-mobile-smart-1388947.jpeg\",\"https:\\/\\/images.pexels.com\\/photos\\/719399\\/pexels-photo-719399.jpeg\",\"https:\\/\\/images.pexels.com\\/photos\\/5053740\\/pexels-photo-5053740.jpeg\"]', '', 0, 'Super titre 25', 'In similique asperiores illo eum eum aut. Quibusdam eveniet repellat quia rerum impedit. Numquam fugit iure aut at nam. Autem molestiae et labore dolorem accusantium rem. Recusandae maiores quam et.', 941, '', '', '2021-01-17 15:25:14', '0000-00-00 00:00:00'),
(146, 94, 6, '[\"https:\\/\\/images.pexels.com\\/photos\\/821652\\/pexels-photo-821652.jpeg\",\"https:\\/\\/images.pexels.com\\/photos\\/1388947\\/technology-telephone-mobile-smart-1388947.jpeg\",\"https:\\/\\/images.pexels.com\\/photos\\/719399\\/pexels-photo-719399.jpeg\",\"https:\\/\\/images.pexels.com\\/photos\\/5053740\\/pexels-photo-5053740.jpeg\"]', '', 0, 'Super titre 45', 'Distinctio perspiciatis veritatis dolor tempore qui. Architecto nam id sit. Repellat tempore consequuntur nobis quibusdam doloribus dolor. Ullam est repudiandae dolore quo non.', 657, '', '', '2021-01-17 15:25:14', '0000-00-00 00:00:00'),
(165, 65, 5, '[\"https:\\/\\/images.pexels.com\\/photos\\/821652\\/pexels-photo-821652.jpeg\",\"https:\\/\\/images.pexels.com\\/photos\\/1388947\\/technology-telephone-mobile-smart-1388947.jpeg\",\"https:\\/\\/images.pexels.com\\/photos\\/719399\\/pexels-photo-719399.jpeg\",\"https:\\/\\/images.pexels.com\\/photos\\/5053740\\/pexels-photo-5053740.jpeg\"]', '', 0, 'Super titre 64', 'Occaecati iure amet earum id qui eaque tempore ab. Ut accusantium porro velit quam explicabo dolores praesentium. Ullam illum cumque dolores ipsa.', 934, '', '', '2021-01-17 15:25:14', '0000-00-00 00:00:00'),
(169, 75, 5, '[\"https:\\/\\/images.pexels.com\\/photos\\/821652\\/pexels-photo-821652.jpeg\",\"https:\\/\\/images.pexels.com\\/photos\\/1388947\\/technology-telephone-mobile-smart-1388947.jpeg\",\"https:\\/\\/images.pexels.com\\/photos\\/719399\\/pexels-photo-719399.jpeg\",\"https:\\/\\/images.pexels.com\\/photos\\/5053740\\/pexels-photo-5053740.jpeg\"]', '', 0, 'Super titre 68', 'Culpa iste tempora amet eligendi velit voluptatem. Hic neque omnis rerum perspiciatis. Dolor ab quae dicta veritatis. Dolor vel minima corporis et dolores.', 435, '', '', '2021-01-17 15:25:14', '0000-00-00 00:00:00'),
(201, 45, 2, '[\"https:\\/\\/images.pexels.com\\/photos\\/821652\\/pexels-photo-821652.jpeg\",\"https:\\/\\/images.pexels.com\\/photos\\/1388947\\/technology-telephone-mobile-smart-1388947.jpeg\",\"https:\\/\\/images.pexels.com\\/photos\\/719399\\/pexels-photo-719399.jpeg\",\"https:\\/\\/images.pexels.com\\/photos\\/5053740\\/pexels-photo-5053740.jpeg\"]', '', 0, 'Super titre 0', 'Aut sunt iusto ut quas. Dicta est pariatur velit nihil. Fugit quia sed temporibus aut quod est corrupti laudantium. Quae facilis nostrum fugit sed.', 74, '', '', '2021-01-17 15:25:52', '0000-00-00 00:00:00'),
(202, 8, 11, '[\"https:\\/\\/images.pexels.com\\/photos\\/821652\\/pexels-photo-821652.jpeg\",\"https:\\/\\/images.pexels.com\\/photos\\/1388947\\/technology-telephone-mobile-smart-1388947.jpeg\",\"https:\\/\\/images.pexels.com\\/photos\\/719399\\/pexels-photo-719399.jpeg\",\"https:\\/\\/images.pexels.com\\/photos\\/5053740\\/pexels-photo-5053740.jpeg\"]', '', 0, 'Super titre 1', 'Quia ab aut sint officiis quam nesciunt. Sed sed ipsum vel dolore quo atque reprehenderit. Quaerat debitis temporibus vel rerum culpa.', 183, '', '', '2021-01-17 15:25:52', '0000-00-00 00:00:00'),
(203, 49, 1, '[\"https:\\/\\/images.pexels.com\\/photos\\/821652\\/pexels-photo-821652.jpeg\",\"https:\\/\\/images.pexels.com\\/photos\\/1388947\\/technology-telephone-mobile-smart-1388947.jpeg\",\"https:\\/\\/images.pexels.com\\/photos\\/719399\\/pexels-photo-719399.jpeg\",\"https:\\/\\/images.pexels.com\\/photos\\/5053740\\/pexels-photo-5053740.jpeg\"]', '', 0, 'Super titre 2', 'Iure non quos sequi itaque. Facilis ex est dolor optio debitis et sapiente. Sed ut qui adipisci eum.', 460, '', '', '2021-01-17 15:25:52', '0000-00-00 00:00:00'),
(204, 31, 9, '[\"https:\\/\\/images.pexels.com\\/photos\\/821652\\/pexels-photo-821652.jpeg\",\"https:\\/\\/images.pexels.com\\/photos\\/1388947\\/technology-telephone-mobile-smart-1388947.jpeg\",\"https:\\/\\/images.pexels.com\\/photos\\/719399\\/pexels-photo-719399.jpeg\",\"https:\\/\\/images.pexels.com\\/photos\\/5053740\\/pexels-photo-5053740.jpeg\"]', '', 0, 'Super titre 3', 'Explicabo iure quia est sed delectus consequatur labore laborum. Velit ea est reprehenderit. Et repellendus voluptatem quos amet adipisci excepturi. Animi autem et dolor.', 15, '', '', '2021-01-17 15:25:52', '0000-00-00 00:00:00'),
(205, 19, 3, '[\"https:\\/\\/images.pexels.com\\/photos\\/821652\\/pexels-photo-821652.jpeg\",\"https:\\/\\/images.pexels.com\\/photos\\/1388947\\/technology-telephone-mobile-smart-1388947.jpeg\",\"https:\\/\\/images.pexels.com\\/photos\\/719399\\/pexels-photo-719399.jpeg\",\"https:\\/\\/images.pexels.com\\/photos\\/5053740\\/pexels-photo-5053740.jpeg\"]', '', 0, 'Super titre 4', 'Hic et explicabo quis sequi quibusdam. Temporibus sed qui rem fugit. Sed modi eligendi voluptas fugit rerum consectetur. Laborum consectetur expedita inventore quis non eum inventore.', 197, '', '', '2021-01-17 15:25:52', '0000-00-00 00:00:00'),
(206, 42, 4, '[\"https:\\/\\/images.pexels.com\\/photos\\/821652\\/pexels-photo-821652.jpeg\",\"https:\\/\\/images.pexels.com\\/photos\\/1388947\\/technology-telephone-mobile-smart-1388947.jpeg\",\"https:\\/\\/images.pexels.com\\/photos\\/719399\\/pexels-photo-719399.jpeg\",\"https:\\/\\/images.pexels.com\\/photos\\/5053740\\/pexels-photo-5053740.jpeg\"]', '', 0, 'Super titre 5', 'Iste dolore aliquam quas repellat minima qui. Dolorem eaque pariatur facere dicta.', 746, '', '', '2021-01-17 15:25:52', '0000-00-00 00:00:00'),
(208, 72, 6, '[\"https:\\/\\/images.pexels.com\\/photos\\/821652\\/pexels-photo-821652.jpeg\",\"https:\\/\\/images.pexels.com\\/photos\\/1388947\\/technology-telephone-mobile-smart-1388947.jpeg\",\"https:\\/\\/images.pexels.com\\/photos\\/719399\\/pexels-photo-719399.jpeg\",\"https:\\/\\/images.pexels.com\\/photos\\/5053740\\/pexels-photo-5053740.jpeg\"]', '', 0, 'Super titre 7', 'Esse sunt quia ut aut. Minus laudantium sequi distinctio. Nostrum nobis rerum iusto dicta qui quia. Modi dolorem saepe deleniti cupiditate nesciunt voluptas.', 639, '', '', '2021-01-17 15:25:52', '0000-00-00 00:00:00'),
(209, 79, 5, '[\"https:\\/\\/images.pexels.com\\/photos\\/821652\\/pexels-photo-821652.jpeg\",\"https:\\/\\/images.pexels.com\\/photos\\/1388947\\/technology-telephone-mobile-smart-1388947.jpeg\",\"https:\\/\\/images.pexels.com\\/photos\\/719399\\/pexels-photo-719399.jpeg\",\"https:\\/\\/images.pexels.com\\/photos\\/5053740\\/pexels-photo-5053740.jpeg\"]', '', 0, 'Super titre 8', 'Aspernatur temporibus eveniet voluptas laudantium tempora vel rerum fugiat. Deleniti sit voluptas quia quis tempora earum. Voluptate vitae temporibus nam.', 678, '', '', '2021-01-17 15:25:52', '0000-00-00 00:00:00'),
(210, 30, 7, '[\"https:\\/\\/images.pexels.com\\/photos\\/821652\\/pexels-photo-821652.jpeg\",\"https:\\/\\/images.pexels.com\\/photos\\/1388947\\/technology-telephone-mobile-smart-1388947.jpeg\",\"https:\\/\\/images.pexels.com\\/photos\\/719399\\/pexels-photo-719399.jpeg\",\"https:\\/\\/images.pexels.com\\/photos\\/5053740\\/pexels-photo-5053740.jpeg\"]', '', 0, 'Super titre 9', 'Molestiae ut iusto fugiat qui fugit. Cumque voluptate accusantium illo placeat error id voluptatem. Ut tempore voluptatibus dignissimos est.', 656, '', '', '2021-01-17 15:25:52', '0000-00-00 00:00:00'),
(211, 26, 11, '[\"https:\\/\\/images.pexels.com\\/photos\\/821652\\/pexels-photo-821652.jpeg\",\"https:\\/\\/images.pexels.com\\/photos\\/1388947\\/technology-telephone-mobile-smart-1388947.jpeg\",\"https:\\/\\/images.pexels.com\\/photos\\/719399\\/pexels-photo-719399.jpeg\",\"https:\\/\\/images.pexels.com\\/photos\\/5053740\\/pexels-photo-5053740.jpeg\"]', '', 0, 'Super titre 10', 'Exercitationem eos assumenda dolores possimus sit ut. Quis harum sint est quis repudiandae occaecati.', 657, '', '', '2021-01-17 15:25:52', '0000-00-00 00:00:00'),
(212, 96, 9, '[\"https:\\/\\/images.pexels.com\\/photos\\/821652\\/pexels-photo-821652.jpeg\",\"https:\\/\\/images.pexels.com\\/photos\\/1388947\\/technology-telephone-mobile-smart-1388947.jpeg\",\"https:\\/\\/images.pexels.com\\/photos\\/719399\\/pexels-photo-719399.jpeg\",\"https:\\/\\/images.pexels.com\\/photos\\/5053740\\/pexels-photo-5053740.jpeg\"]', '', 0, 'Super titre 11', 'Ut pariatur ut iste ea voluptas accusamus dignissimos. Esse natus dolor et mollitia. Fugiat ut quae autem sit quam.', 525, '', '', '2021-01-17 15:25:52', '0000-00-00 00:00:00'),
(213, 50, 2, '[\"https:\\/\\/images.pexels.com\\/photos\\/821652\\/pexels-photo-821652.jpeg\",\"https:\\/\\/images.pexels.com\\/photos\\/1388947\\/technology-telephone-mobile-smart-1388947.jpeg\",\"https:\\/\\/images.pexels.com\\/photos\\/719399\\/pexels-photo-719399.jpeg\",\"https:\\/\\/images.pexels.com\\/photos\\/5053740\\/pexels-photo-5053740.jpeg\"]', '', 0, 'Super titre 12', 'Ratione voluptatum sunt quis et voluptatem. Et beatae dolorem repellendus et magni quidem. Architecto aut repellendus et minus ut. Quia non expedita non accusantium ab quam.', 133, '', '', '2021-01-17 15:25:52', '0000-00-00 00:00:00'),
(214, 43, 3, '[\"https:\\/\\/images.pexels.com\\/photos\\/821652\\/pexels-photo-821652.jpeg\",\"https:\\/\\/images.pexels.com\\/photos\\/1388947\\/technology-telephone-mobile-smart-1388947.jpeg\",\"https:\\/\\/images.pexels.com\\/photos\\/719399\\/pexels-photo-719399.jpeg\",\"https:\\/\\/images.pexels.com\\/photos\\/5053740\\/pexels-photo-5053740.jpeg\"]', '', 0, 'Super titre 13', 'Rerum animi enim et deleniti vero omnis in ducimus. Beatae aliquam error labore iste. Expedita amet reprehenderit veniam quasi. Ut consequatur magni ipsam veritatis commodi.', 137, '', '', '2021-01-17 15:25:52', '0000-00-00 00:00:00'),
(215, 69, 11, '[\"https:\\/\\/images.pexels.com\\/photos\\/821652\\/pexels-photo-821652.jpeg\",\"https:\\/\\/images.pexels.com\\/photos\\/1388947\\/technology-telephone-mobile-smart-1388947.jpeg\",\"https:\\/\\/images.pexels.com\\/photos\\/719399\\/pexels-photo-719399.jpeg\",\"https:\\/\\/images.pexels.com\\/photos\\/5053740\\/pexels-photo-5053740.jpeg\"]', '', 0, 'Super titre 14', 'Voluptatem eaque modi enim. A veniam et reiciendis sapiente. Omnis et odit soluta sed. Ut natus laudantium autem excepturi quas.', 218, '', '', '2021-01-17 15:25:52', '0000-00-00 00:00:00'),
(216, 95, 7, '[\"https:\\/\\/images.pexels.com\\/photos\\/821652\\/pexels-photo-821652.jpeg\",\"https:\\/\\/images.pexels.com\\/photos\\/1388947\\/technology-telephone-mobile-smart-1388947.jpeg\",\"https:\\/\\/images.pexels.com\\/photos\\/719399\\/pexels-photo-719399.jpeg\",\"https:\\/\\/images.pexels.com\\/photos\\/5053740\\/pexels-photo-5053740.jpeg\"]', '', 0, 'Super titre 15', 'Officiis ullam perspiciatis unde. Qui harum eos non velit et voluptatem. Quis magnam voluptatem tempora reprehenderit expedita. Quia ipsa aut similique accusamus.', 775, '', '', '2021-01-17 15:25:52', '0000-00-00 00:00:00'),
(217, 59, 3, '[\"https:\\/\\/images.pexels.com\\/photos\\/821652\\/pexels-photo-821652.jpeg\",\"https:\\/\\/images.pexels.com\\/photos\\/1388947\\/technology-telephone-mobile-smart-1388947.jpeg\",\"https:\\/\\/images.pexels.com\\/photos\\/719399\\/pexels-photo-719399.jpeg\",\"https:\\/\\/images.pexels.com\\/photos\\/5053740\\/pexels-photo-5053740.jpeg\"]', '', 0, 'Super titre 16', 'Tenetur consequatur maxime numquam. Asperiores quia alias omnis et non. Ut quae est ad laudantium dolores culpa.', 734, '', '', '2021-01-17 15:25:52', '0000-00-00 00:00:00'),
(219, 70, 1, '[\"https:\\/\\/images.pexels.com\\/photos\\/821652\\/pexels-photo-821652.jpeg\",\"https:\\/\\/images.pexels.com\\/photos\\/1388947\\/technology-telephone-mobile-smart-1388947.jpeg\",\"https:\\/\\/images.pexels.com\\/photos\\/719399\\/pexels-photo-719399.jpeg\",\"https:\\/\\/images.pexels.com\\/photos\\/5053740\\/pexels-photo-5053740.jpeg\"]', '', 0, 'Super titre 18', 'Rerum corrupti officiis et repudiandae et. Minus accusamus ad fugit. Dolores nihil eligendi praesentium illum dolor. Quo nulla similique enim aut error.', 273, '', '', '2021-01-17 15:25:52', '0000-00-00 00:00:00'),
(220, 89, 2, '[\"https:\\/\\/images.pexels.com\\/photos\\/821652\\/pexels-photo-821652.jpeg\",\"https:\\/\\/images.pexels.com\\/photos\\/1388947\\/technology-telephone-mobile-smart-1388947.jpeg\",\"https:\\/\\/images.pexels.com\\/photos\\/719399\\/pexels-photo-719399.jpeg\",\"https:\\/\\/images.pexels.com\\/photos\\/5053740\\/pexels-photo-5053740.jpeg\"]', '', 0, 'Super titre 19', 'Harum vero quam aut sit rerum dolor. Eveniet aut quasi aut cumque earum. Architecto dicta numquam aut quis autem aut. Autem ipsum porro impedit. Nihil provident hic et inventore quis.', 427, '', '', '2021-01-17 15:25:52', '0000-00-00 00:00:00'),
(221, 67, 8, '[\"https:\\/\\/images.pexels.com\\/photos\\/821652\\/pexels-photo-821652.jpeg\",\"https:\\/\\/images.pexels.com\\/photos\\/1388947\\/technology-telephone-mobile-smart-1388947.jpeg\",\"https:\\/\\/images.pexels.com\\/photos\\/719399\\/pexels-photo-719399.jpeg\",\"https:\\/\\/images.pexels.com\\/photos\\/5053740\\/pexels-photo-5053740.jpeg\"]', '', 0, 'Super titre 20', 'Laudantium saepe nulla tempore eveniet. Ipsum placeat veniam sed qui. Officiis maiores eos alias esse consequatur dolores quasi ut.', 813, '', '', '2021-01-17 15:25:52', '0000-00-00 00:00:00'),
(222, 11, 2, '[\"https:\\/\\/images.pexels.com\\/photos\\/821652\\/pexels-photo-821652.jpeg\",\"https:\\/\\/images.pexels.com\\/photos\\/1388947\\/technology-telephone-mobile-smart-1388947.jpeg\",\"https:\\/\\/images.pexels.com\\/photos\\/719399\\/pexels-photo-719399.jpeg\",\"https:\\/\\/images.pexels.com\\/photos\\/5053740\\/pexels-photo-5053740.jpeg\"]', '', 0, 'Super titre 21', 'Nemo sint et nam sed. Corporis odit pariatur aut sit. Sint dolores recusandae ea consequuntur accusamus qui. Nemo impedit aut velit possimus.', 706, '', '', '2021-01-17 15:25:52', '0000-00-00 00:00:00'),
(223, 67, 3, '[\"https:\\/\\/images.pexels.com\\/photos\\/821652\\/pexels-photo-821652.jpeg\",\"https:\\/\\/images.pexels.com\\/photos\\/1388947\\/technology-telephone-mobile-smart-1388947.jpeg\",\"https:\\/\\/images.pexels.com\\/photos\\/719399\\/pexels-photo-719399.jpeg\",\"https:\\/\\/images.pexels.com\\/photos\\/5053740\\/pexels-photo-5053740.jpeg\"]', '', 0, 'Super titre 22', 'Non id aliquam qui ut ut. Ea magnam eum ipsam quod non amet perferendis. Aut consectetur ut aut. Explicabo exercitationem accusantium tenetur consequuntur omnis quis aut sunt.', 254, '', '', '2021-01-17 15:25:52', '0000-00-00 00:00:00'),
(225, 10, 3, '[\"https:\\/\\/images.pexels.com\\/photos\\/821652\\/pexels-photo-821652.jpeg\",\"https:\\/\\/images.pexels.com\\/photos\\/1388947\\/technology-telephone-mobile-smart-1388947.jpeg\",\"https:\\/\\/images.pexels.com\\/photos\\/719399\\/pexels-photo-719399.jpeg\",\"https:\\/\\/images.pexels.com\\/photos\\/5053740\\/pexels-photo-5053740.jpeg\"]', '', 0, 'Super titre 24', 'Et ducimus incidunt voluptate aut sint labore. Et ab alias nihil. Similique vitae qui est odio in eaque repellendus voluptatem.', 654, '', '', '2021-01-17 15:25:52', '0000-00-00 00:00:00'),
(226, 98, 11, '[\"https:\\/\\/images.pexels.com\\/photos\\/821652\\/pexels-photo-821652.jpeg\",\"https:\\/\\/images.pexels.com\\/photos\\/1388947\\/technology-telephone-mobile-smart-1388947.jpeg\",\"https:\\/\\/images.pexels.com\\/photos\\/719399\\/pexels-photo-719399.jpeg\",\"https:\\/\\/images.pexels.com\\/photos\\/5053740\\/pexels-photo-5053740.jpeg\"]', '', 0, 'Super titre 25', 'Temporibus vel rerum porro. Sit veritatis et vel qui deleniti sed. Illum dolores dignissimos sed explicabo. Illum nam et molestiae ut eius. Dolore iste aliquid veritatis porro.', 904, '', '', '2021-01-17 15:25:52', '0000-00-00 00:00:00'),
(227, 60, 3, '[\"https:\\/\\/images.pexels.com\\/photos\\/821652\\/pexels-photo-821652.jpeg\",\"https:\\/\\/images.pexels.com\\/photos\\/1388947\\/technology-telephone-mobile-smart-1388947.jpeg\",\"https:\\/\\/images.pexels.com\\/photos\\/719399\\/pexels-photo-719399.jpeg\",\"https:\\/\\/images.pexels.com\\/photos\\/5053740\\/pexels-photo-5053740.jpeg\"]', '', 0, 'Super titre 26', 'Exercitationem qui laborum autem doloremque voluptatum quia sed. Omnis ut est in vitae. Itaque ab magni quisquam autem numquam.', 851, '', '', '2021-01-17 15:25:52', '0000-00-00 00:00:00'),
(228, 30, 10, '[\"https:\\/\\/images.pexels.com\\/photos\\/821652\\/pexels-photo-821652.jpeg\",\"https:\\/\\/images.pexels.com\\/photos\\/1388947\\/technology-telephone-mobile-smart-1388947.jpeg\",\"https:\\/\\/images.pexels.com\\/photos\\/719399\\/pexels-photo-719399.jpeg\",\"https:\\/\\/images.pexels.com\\/photos\\/5053740\\/pexels-photo-5053740.jpeg\"]', '', 0, 'Super titre 27', 'Et sapiente voluptatem autem provident ea autem aliquam. Voluptate sunt expedita fugiat dolorem dolores numquam. Quisquam reiciendis ad aliquid qui.', 219, '', '', '2021-01-17 15:25:52', '0000-00-00 00:00:00'),
(229, 45, 3, '[\"https:\\/\\/images.pexels.com\\/photos\\/821652\\/pexels-photo-821652.jpeg\",\"https:\\/\\/images.pexels.com\\/photos\\/1388947\\/technology-telephone-mobile-smart-1388947.jpeg\",\"https:\\/\\/images.pexels.com\\/photos\\/719399\\/pexels-photo-719399.jpeg\",\"https:\\/\\/images.pexels.com\\/photos\\/5053740\\/pexels-photo-5053740.jpeg\"]', '', 0, 'Super titre 28', 'Veritatis error perferendis consequuntur id qui. Totam deleniti voluptatem hic. Ut voluptatibus quas magni eligendi fuga sint.', 210, '', '', '2021-01-17 15:25:52', '0000-00-00 00:00:00'),
(230, 20, 5, '[\"https:\\/\\/images.pexels.com\\/photos\\/821652\\/pexels-photo-821652.jpeg\",\"https:\\/\\/images.pexels.com\\/photos\\/1388947\\/technology-telephone-mobile-smart-1388947.jpeg\",\"https:\\/\\/images.pexels.com\\/photos\\/719399\\/pexels-photo-719399.jpeg\",\"https:\\/\\/images.pexels.com\\/photos\\/5053740\\/pexels-photo-5053740.jpeg\"]', '', 0, 'Super titre 29', 'Sunt et laborum non rerum optio est neque. Illum nulla aut molestiae. Ullam qui qui est laudantium eius voluptate et. Et et quos omnis reiciendis dignissimos.', 205, '', '', '2021-01-17 15:25:52', '0000-00-00 00:00:00'),
(233, 69, 3, '[\"https:\\/\\/images.pexels.com\\/photos\\/821652\\/pexels-photo-821652.jpeg\",\"https:\\/\\/images.pexels.com\\/photos\\/1388947\\/technology-telephone-mobile-smart-1388947.jpeg\",\"https:\\/\\/images.pexels.com\\/photos\\/719399\\/pexels-photo-719399.jpeg\",\"https:\\/\\/images.pexels.com\\/photos\\/5053740\\/pexels-photo-5053740.jpeg\"]', '', 0, 'Super titre 32', 'Qui et quo et non temporibus. At voluptatem consequatur eum optio et.', 957, '', '', '2021-01-17 15:25:52', '0000-00-00 00:00:00'),
(234, 61, 1, '[\"https:\\/\\/images.pexels.com\\/photos\\/821652\\/pexels-photo-821652.jpeg\",\"https:\\/\\/images.pexels.com\\/photos\\/1388947\\/technology-telephone-mobile-smart-1388947.jpeg\",\"https:\\/\\/images.pexels.com\\/photos\\/719399\\/pexels-photo-719399.jpeg\",\"https:\\/\\/images.pexels.com\\/photos\\/5053740\\/pexels-photo-5053740.jpeg\"]', '', 0, 'Super titre 33', 'Qui accusantium quos suscipit ut numquam. Doloribus quae sed quia ea. Qui consequatur soluta et hic. Modi enim harum dolorum sed.', 934, '', '', '2021-01-17 15:25:52', '0000-00-00 00:00:00'),
(235, 41, 4, '[\"https:\\/\\/images.pexels.com\\/photos\\/821652\\/pexels-photo-821652.jpeg\",\"https:\\/\\/images.pexels.com\\/photos\\/1388947\\/technology-telephone-mobile-smart-1388947.jpeg\",\"https:\\/\\/images.pexels.com\\/photos\\/719399\\/pexels-photo-719399.jpeg\",\"https:\\/\\/images.pexels.com\\/photos\\/5053740\\/pexels-photo-5053740.jpeg\"]', '', 0, 'Super titre 34', 'Temporibus accusamus sed ut natus expedita. Alias similique voluptatem nesciunt laudantium qui. Ea sunt quaerat facere cum. Est natus et beatae non quo.', 114, '', '', '2021-01-17 15:25:52', '0000-00-00 00:00:00'),
(236, 27, 11, '[\"https:\\/\\/images.pexels.com\\/photos\\/821652\\/pexels-photo-821652.jpeg\",\"https:\\/\\/images.pexels.com\\/photos\\/1388947\\/technology-telephone-mobile-smart-1388947.jpeg\",\"https:\\/\\/images.pexels.com\\/photos\\/719399\\/pexels-photo-719399.jpeg\",\"https:\\/\\/images.pexels.com\\/photos\\/5053740\\/pexels-photo-5053740.jpeg\"]', '', 0, 'Super titre 35', 'Est est quaerat quos explicabo saepe. At quo est eius harum id ea. Porro non sed voluptatem corrupti illum delectus. Ut et est aut quia.', 778, '', '', '2021-01-17 15:25:52', '0000-00-00 00:00:00'),
(237, 41, 7, '[\"https:\\/\\/images.pexels.com\\/photos\\/821652\\/pexels-photo-821652.jpeg\",\"https:\\/\\/images.pexels.com\\/photos\\/1388947\\/technology-telephone-mobile-smart-1388947.jpeg\",\"https:\\/\\/images.pexels.com\\/photos\\/719399\\/pexels-photo-719399.jpeg\",\"https:\\/\\/images.pexels.com\\/photos\\/5053740\\/pexels-photo-5053740.jpeg\"]', '', 0, 'Super titre 36', 'Exercitationem et recusandae rerum amet et at. Animi praesentium laborum beatae. Ipsam rem laudantium et.', 959, '', '', '2021-01-17 15:25:52', '0000-00-00 00:00:00'),
(238, 92, 6, '[\"https:\\/\\/images.pexels.com\\/photos\\/821652\\/pexels-photo-821652.jpeg\",\"https:\\/\\/images.pexels.com\\/photos\\/1388947\\/technology-telephone-mobile-smart-1388947.jpeg\",\"https:\\/\\/images.pexels.com\\/photos\\/719399\\/pexels-photo-719399.jpeg\",\"https:\\/\\/images.pexels.com\\/photos\\/5053740\\/pexels-photo-5053740.jpeg\"]', '', 0, 'Super titre 37', 'Facilis rerum itaque vitae et numquam. Laborum repellat natus omnis quibusdam sit non. Ducimus temporibus quaerat libero explicabo. Recusandae libero aut sed vel.', 891, '', '', '2021-01-17 15:25:52', '0000-00-00 00:00:00'),
(239, 41, 8, '[\"https:\\/\\/images.pexels.com\\/photos\\/821652\\/pexels-photo-821652.jpeg\",\"https:\\/\\/images.pexels.com\\/photos\\/1388947\\/technology-telephone-mobile-smart-1388947.jpeg\",\"https:\\/\\/images.pexels.com\\/photos\\/719399\\/pexels-photo-719399.jpeg\",\"https:\\/\\/images.pexels.com\\/photos\\/5053740\\/pexels-photo-5053740.jpeg\"]', '', 0, 'Super titre 38', 'Culpa consequatur eligendi sed et. In ea quam doloribus molestiae soluta molestiae. Minus aut maiores voluptatum iste nulla. Et et repellendus a est autem.', 192, '', '', '2021-01-17 15:25:52', '0000-00-00 00:00:00'),
(240, 78, 4, '[\"https:\\/\\/images.pexels.com\\/photos\\/821652\\/pexels-photo-821652.jpeg\",\"https:\\/\\/images.pexels.com\\/photos\\/1388947\\/technology-telephone-mobile-smart-1388947.jpeg\",\"https:\\/\\/images.pexels.com\\/photos\\/719399\\/pexels-photo-719399.jpeg\",\"https:\\/\\/images.pexels.com\\/photos\\/5053740\\/pexels-photo-5053740.jpeg\"]', '', 0, 'Super titre 39', 'Repudiandae voluptas rem deleniti in at. Delectus recusandae porro autem dicta nisi.', 339, '', '', '2021-01-17 15:25:52', '0000-00-00 00:00:00'),
(241, 32, 3, '[\"https:\\/\\/images.pexels.com\\/photos\\/821652\\/pexels-photo-821652.jpeg\",\"https:\\/\\/images.pexels.com\\/photos\\/1388947\\/technology-telephone-mobile-smart-1388947.jpeg\",\"https:\\/\\/images.pexels.com\\/photos\\/719399\\/pexels-photo-719399.jpeg\",\"https:\\/\\/images.pexels.com\\/photos\\/5053740\\/pexels-photo-5053740.jpeg\"]', '', 0, 'Super titre 40', 'Incidunt et officia ut quis quidem. Sapiente laborum voluptas sint enim nihil rerum. Iste eligendi aliquam ab nostrum alias. Qui consequatur deleniti suscipit deleniti.', 389, '', '', '2021-01-17 15:25:52', '0000-00-00 00:00:00'),
(242, 91, 3, '[\"https:\\/\\/images.pexels.com\\/photos\\/821652\\/pexels-photo-821652.jpeg\",\"https:\\/\\/images.pexels.com\\/photos\\/1388947\\/technology-telephone-mobile-smart-1388947.jpeg\",\"https:\\/\\/images.pexels.com\\/photos\\/719399\\/pexels-photo-719399.jpeg\",\"https:\\/\\/images.pexels.com\\/photos\\/5053740\\/pexels-photo-5053740.jpeg\"]', '', 0, 'Super titre 41', 'Aut hic ut et accusantium. Quia et accusantium placeat. Molestiae qui adipisci fugiat porro architecto. Quam eos sint tenetur labore cum.', 592, '', '', '2021-01-17 15:25:52', '0000-00-00 00:00:00'),
(244, 36, 4, '[\"https:\\/\\/images.pexels.com\\/photos\\/821652\\/pexels-photo-821652.jpeg\",\"https:\\/\\/images.pexels.com\\/photos\\/1388947\\/technology-telephone-mobile-smart-1388947.jpeg\",\"https:\\/\\/images.pexels.com\\/photos\\/719399\\/pexels-photo-719399.jpeg\",\"https:\\/\\/images.pexels.com\\/photos\\/5053740\\/pexels-photo-5053740.jpeg\"]', '', 0, 'Super titre 43', 'Consequuntur et laudantium ut ut rerum. Est corrupti consequatur quae et ut. Quia aut enim illum modi totam asperiores aut. Voluptates quas omnis voluptatem est.', 839, '', '', '2021-01-17 15:25:52', '0000-00-00 00:00:00'),
(246, 64, 3, '[\"https:\\/\\/images.pexels.com\\/photos\\/821652\\/pexels-photo-821652.jpeg\",\"https:\\/\\/images.pexels.com\\/photos\\/1388947\\/technology-telephone-mobile-smart-1388947.jpeg\",\"https:\\/\\/images.pexels.com\\/photos\\/719399\\/pexels-photo-719399.jpeg\",\"https:\\/\\/images.pexels.com\\/photos\\/5053740\\/pexels-photo-5053740.jpeg\"]', '', 0, 'Super titre 45', 'Quia deserunt non beatae eligendi voluptatem dolorem deserunt. Et commodi placeat nesciunt inventore nemo ut rem. Illum officiis quis occaecati id totam sint.', 117, '', '', '2021-01-17 15:25:52', '0000-00-00 00:00:00'),
(247, 46, 10, '[\"https:\\/\\/images.pexels.com\\/photos\\/821652\\/pexels-photo-821652.jpeg\",\"https:\\/\\/images.pexels.com\\/photos\\/1388947\\/technology-telephone-mobile-smart-1388947.jpeg\",\"https:\\/\\/images.pexels.com\\/photos\\/719399\\/pexels-photo-719399.jpeg\",\"https:\\/\\/images.pexels.com\\/photos\\/5053740\\/pexels-photo-5053740.jpeg\"]', '', 0, 'Super titre 46', 'Consectetur ut et reprehenderit sit necessitatibus rem in. Qui eum autem tempore itaque quis qui reiciendis.', 356, '', '', '2021-01-17 15:25:52', '0000-00-00 00:00:00'),
(248, 32, 1, '[\"https:\\/\\/images.pexels.com\\/photos\\/821652\\/pexels-photo-821652.jpeg\",\"https:\\/\\/images.pexels.com\\/photos\\/1388947\\/technology-telephone-mobile-smart-1388947.jpeg\",\"https:\\/\\/images.pexels.com\\/photos\\/719399\\/pexels-photo-719399.jpeg\",\"https:\\/\\/images.pexels.com\\/photos\\/5053740\\/pexels-photo-5053740.jpeg\"]', '', 0, 'Super titre 47', 'Repellendus dolores quia incidunt est. Quod aliquam hic dolorum tempora quod animi. Dolorem eos cupiditate sunt qui. Amet doloribus ratione quae omnis et sint.', 715, '', '', '2021-01-17 15:25:52', '0000-00-00 00:00:00'),
(249, 46, 10, '[\"https:\\/\\/images.pexels.com\\/photos\\/821652\\/pexels-photo-821652.jpeg\",\"https:\\/\\/images.pexels.com\\/photos\\/1388947\\/technology-telephone-mobile-smart-1388947.jpeg\",\"https:\\/\\/images.pexels.com\\/photos\\/719399\\/pexels-photo-719399.jpeg\",\"https:\\/\\/images.pexels.com\\/photos\\/5053740\\/pexels-photo-5053740.jpeg\"]', '', 0, 'Super titre 48', 'Non sequi voluptatem asperiores sed ipsa. Qui et aut aspernatur delectus. Cupiditate alias molestiae a quia. Minus odit laboriosam eum hic. Et asperiores corporis nisi magni delectus ea vitae.', 855, '', '', '2021-01-17 15:25:52', '0000-00-00 00:00:00'),
(250, 5, 9, '[\"https:\\/\\/images.pexels.com\\/photos\\/821652\\/pexels-photo-821652.jpeg\",\"https:\\/\\/images.pexels.com\\/photos\\/1388947\\/technology-telephone-mobile-smart-1388947.jpeg\",\"https:\\/\\/images.pexels.com\\/photos\\/719399\\/pexels-photo-719399.jpeg\",\"https:\\/\\/images.pexels.com\\/photos\\/5053740\\/pexels-photo-5053740.jpeg\"]', '', 0, 'Super titre 49', 'Fugiat modi autem consectetur. Architecto illum cupiditate minus possimus at nobis. Non distinctio illo et illo ipsa. Rerum molestias aut est qui.', 951, '', '', '2021-01-17 15:25:52', '0000-00-00 00:00:00'),
(251, 5, 11, '[\"https:\\/\\/images.pexels.com\\/photos\\/821652\\/pexels-photo-821652.jpeg\",\"https:\\/\\/images.pexels.com\\/photos\\/1388947\\/technology-telephone-mobile-smart-1388947.jpeg\",\"https:\\/\\/images.pexels.com\\/photos\\/719399\\/pexels-photo-719399.jpeg\",\"https:\\/\\/images.pexels.com\\/photos\\/5053740\\/pexels-photo-5053740.jpeg\"]', '', 0, 'Super titre 50', 'Provident possimus facere enim qui. Omnis hic laboriosam esse dignissimos. Aliquam quae voluptates rerum id unde. Consequatur deleniti quae aspernatur in.', 925, '', '', '2021-01-17 15:25:52', '0000-00-00 00:00:00'),
(252, 68, 10, '[\"https:\\/\\/images.pexels.com\\/photos\\/821652\\/pexels-photo-821652.jpeg\",\"https:\\/\\/images.pexels.com\\/photos\\/1388947\\/technology-telephone-mobile-smart-1388947.jpeg\",\"https:\\/\\/images.pexels.com\\/photos\\/719399\\/pexels-photo-719399.jpeg\",\"https:\\/\\/images.pexels.com\\/photos\\/5053740\\/pexels-photo-5053740.jpeg\"]', '', 0, 'Super titre 51', 'Voluptatem nesciunt ex corrupti non. Sed voluptatibus voluptate sint. Perspiciatis rem quis incidunt magni ratione soluta corporis.', 485, '', '', '2021-01-17 15:25:52', '0000-00-00 00:00:00'),
(253, 58, 6, '[\"https:\\/\\/images.pexels.com\\/photos\\/821652\\/pexels-photo-821652.jpeg\",\"https:\\/\\/images.pexels.com\\/photos\\/1388947\\/technology-telephone-mobile-smart-1388947.jpeg\",\"https:\\/\\/images.pexels.com\\/photos\\/719399\\/pexels-photo-719399.jpeg\",\"https:\\/\\/images.pexels.com\\/photos\\/5053740\\/pexels-photo-5053740.jpeg\"]', '', 0, 'Super titre 52', 'At doloremque aut a impedit sit. Ullam atque ab eos aperiam non est. Ea ut et veniam odit explicabo dolor incidunt.', 991, '', '', '2021-01-17 15:25:52', '0000-00-00 00:00:00'),
(254, 90, 1, '[\"https:\\/\\/images.pexels.com\\/photos\\/821652\\/pexels-photo-821652.jpeg\",\"https:\\/\\/images.pexels.com\\/photos\\/1388947\\/technology-telephone-mobile-smart-1388947.jpeg\",\"https:\\/\\/images.pexels.com\\/photos\\/719399\\/pexels-photo-719399.jpeg\",\"https:\\/\\/images.pexels.com\\/photos\\/5053740\\/pexels-photo-5053740.jpeg\"]', '', 0, 'Super titre 53', 'Modi explicabo aut esse. Dolorum molestias eligendi magni temporibus impedit sapiente minus. Optio ad dolores autem odit et incidunt voluptatem. Et velit quis error voluptatem deserunt sit optio est.', 772, '', '', '2021-01-17 15:25:52', '0000-00-00 00:00:00'),
(255, 12, 11, '[\"https:\\/\\/images.pexels.com\\/photos\\/821652\\/pexels-photo-821652.jpeg\",\"https:\\/\\/images.pexels.com\\/photos\\/1388947\\/technology-telephone-mobile-smart-1388947.jpeg\",\"https:\\/\\/images.pexels.com\\/photos\\/719399\\/pexels-photo-719399.jpeg\",\"https:\\/\\/images.pexels.com\\/photos\\/5053740\\/pexels-photo-5053740.jpeg\"]', '', 0, 'Super titre 54', 'Nihil amet iusto a ipsam. Voluptate quod nulla voluptates nostrum asperiores sapiente quod. Suscipit in facilis commodi fugiat eum. Fugiat at rerum quia.', 870, '', '', '2021-01-17 15:25:52', '0000-00-00 00:00:00'),
(256, 7, 2, '[\"https:\\/\\/images.pexels.com\\/photos\\/821652\\/pexels-photo-821652.jpeg\",\"https:\\/\\/images.pexels.com\\/photos\\/1388947\\/technology-telephone-mobile-smart-1388947.jpeg\",\"https:\\/\\/images.pexels.com\\/photos\\/719399\\/pexels-photo-719399.jpeg\",\"https:\\/\\/images.pexels.com\\/photos\\/5053740\\/pexels-photo-5053740.jpeg\"]', '', 0, 'Super titre 55', 'Enim quasi rerum distinctio est fugit adipisci. Provident ratione non molestias aut suscipit voluptas. Dicta totam rem doloribus necessitatibus eius ea vero.', 279, '', '', '2021-01-17 15:25:52', '0000-00-00 00:00:00'),
(257, 94, 4, '[\"https:\\/\\/images.pexels.com\\/photos\\/821652\\/pexels-photo-821652.jpeg\",\"https:\\/\\/images.pexels.com\\/photos\\/1388947\\/technology-telephone-mobile-smart-1388947.jpeg\",\"https:\\/\\/images.pexels.com\\/photos\\/719399\\/pexels-photo-719399.jpeg\",\"https:\\/\\/images.pexels.com\\/photos\\/5053740\\/pexels-photo-5053740.jpeg\"]', '', 0, 'Super titre 56', 'Non laboriosam dolor in omnis voluptas cupiditate. Eaque laudantium omnis qui debitis non veritatis sed. Accusamus quibusdam fugiat ratione occaecati.', 626, '', '', '2021-01-17 15:25:52', '0000-00-00 00:00:00'),
(258, 3, 6, '[\"https:\\/\\/images.pexels.com\\/photos\\/821652\\/pexels-photo-821652.jpeg\",\"https:\\/\\/images.pexels.com\\/photos\\/1388947\\/technology-telephone-mobile-smart-1388947.jpeg\",\"https:\\/\\/images.pexels.com\\/photos\\/719399\\/pexels-photo-719399.jpeg\",\"https:\\/\\/images.pexels.com\\/photos\\/5053740\\/pexels-photo-5053740.jpeg\"]', '', 0, 'Super titre 57', 'Voluptates quia blanditiis iure repellat ullam ipsum voluptas. Porro id nam natus vitae. Itaque ullam sit deleniti nostrum fugit molestiae qui.', 301, '', '', '2021-01-17 15:25:52', '0000-00-00 00:00:00'),
(260, 83, 7, '[\"https:\\/\\/images.pexels.com\\/photos\\/821652\\/pexels-photo-821652.jpeg\",\"https:\\/\\/images.pexels.com\\/photos\\/1388947\\/technology-telephone-mobile-smart-1388947.jpeg\",\"https:\\/\\/images.pexels.com\\/photos\\/719399\\/pexels-photo-719399.jpeg\",\"https:\\/\\/images.pexels.com\\/photos\\/5053740\\/pexels-photo-5053740.jpeg\"]', '', 0, 'Super titre 59', 'Sit dicta quam quia quisquam qui animi. In eos cum doloremque dolore tempora quaerat. Possimus iure ipsa quis rerum numquam quam.', 174, '', '', '2021-01-17 15:25:52', '0000-00-00 00:00:00'),
(261, 66, 2, '[\"https:\\/\\/images.pexels.com\\/photos\\/821652\\/pexels-photo-821652.jpeg\",\"https:\\/\\/images.pexels.com\\/photos\\/1388947\\/technology-telephone-mobile-smart-1388947.jpeg\",\"https:\\/\\/images.pexels.com\\/photos\\/719399\\/pexels-photo-719399.jpeg\",\"https:\\/\\/images.pexels.com\\/photos\\/5053740\\/pexels-photo-5053740.jpeg\"]', '', 0, 'Super titre 60', 'Officia fuga voluptas maxime perspiciatis qui consectetur cum. Vero cum et doloremque voluptates totam quia. Aliquam facilis porro quasi sit totam eveniet quibusdam odio.', 309, '', '', '2021-01-17 15:25:52', '0000-00-00 00:00:00'),
(262, 13, 3, '[\"https:\\/\\/images.pexels.com\\/photos\\/821652\\/pexels-photo-821652.jpeg\",\"https:\\/\\/images.pexels.com\\/photos\\/1388947\\/technology-telephone-mobile-smart-1388947.jpeg\",\"https:\\/\\/images.pexels.com\\/photos\\/719399\\/pexels-photo-719399.jpeg\",\"https:\\/\\/images.pexels.com\\/photos\\/5053740\\/pexels-photo-5053740.jpeg\"]', '', 0, 'Super titre 61', 'Autem velit voluptas porro dicta eveniet et sit. Vitae magnam esse voluptatem qui earum iusto. Odio sunt sint fuga nihil. Placeat dolores ex alias quos aut mollitia.', 666, '', '', '2021-01-17 15:25:52', '0000-00-00 00:00:00'),
(265, 7, 8, '[\"https:\\/\\/images.pexels.com\\/photos\\/821652\\/pexels-photo-821652.jpeg\",\"https:\\/\\/images.pexels.com\\/photos\\/1388947\\/technology-telephone-mobile-smart-1388947.jpeg\",\"https:\\/\\/images.pexels.com\\/photos\\/719399\\/pexels-photo-719399.jpeg\",\"https:\\/\\/images.pexels.com\\/photos\\/5053740\\/pexels-photo-5053740.jpeg\"]', '', 0, 'Super titre 64', 'Harum odit qui culpa et tempore. Tenetur voluptas et molestias eum qui nihil dolore repellendus. Temporibus ipsum iste animi quos asperiores voluptatem.', 600, '', '', '2021-01-17 15:25:52', '0000-00-00 00:00:00'),
(266, 76, 1, '[\"https:\\/\\/images.pexels.com\\/photos\\/821652\\/pexels-photo-821652.jpeg\",\"https:\\/\\/images.pexels.com\\/photos\\/1388947\\/technology-telephone-mobile-smart-1388947.jpeg\",\"https:\\/\\/images.pexels.com\\/photos\\/719399\\/pexels-photo-719399.jpeg\",\"https:\\/\\/images.pexels.com\\/photos\\/5053740\\/pexels-photo-5053740.jpeg\"]', '', 0, 'Super titre 65', 'Quibusdam et voluptas velit. Est recusandae vitae eum odio. Corrupti cum veritatis ea illo amet. Placeat qui et aspernatur expedita sed ut distinctio.', 796, '', '', '2021-01-17 15:25:52', '0000-00-00 00:00:00'),
(267, 6, 4, '[\"https:\\/\\/images.pexels.com\\/photos\\/821652\\/pexels-photo-821652.jpeg\",\"https:\\/\\/images.pexels.com\\/photos\\/1388947\\/technology-telephone-mobile-smart-1388947.jpeg\",\"https:\\/\\/images.pexels.com\\/photos\\/719399\\/pexels-photo-719399.jpeg\",\"https:\\/\\/images.pexels.com\\/photos\\/5053740\\/pexels-photo-5053740.jpeg\"]', '', 0, 'Super titre 66', 'Illo magni iusto recusandae at. Et illum aut et facere aliquam quas. Quis velit voluptas molestiae recusandae. At voluptatem omnis et molestias exercitationem est. Quas eum id deleniti placeat.', 708, '', '', '2021-01-17 15:25:52', '0000-00-00 00:00:00'),
(268, 35, 3, '[\"https:\\/\\/images.pexels.com\\/photos\\/821652\\/pexels-photo-821652.jpeg\",\"https:\\/\\/images.pexels.com\\/photos\\/1388947\\/technology-telephone-mobile-smart-1388947.jpeg\",\"https:\\/\\/images.pexels.com\\/photos\\/719399\\/pexels-photo-719399.jpeg\",\"https:\\/\\/images.pexels.com\\/photos\\/5053740\\/pexels-photo-5053740.jpeg\"]', '', 0, 'Super titre 67', 'Optio hic neque debitis labore odit vitae occaecati. Explicabo ut nisi est nam et cumque ut. Sapiente qui labore maiores dignissimos amet ipsam. Iure aspernatur ut impedit est voluptas omnis.', 968, '', '', '2021-01-17 15:25:52', '0000-00-00 00:00:00'),
(269, 42, 7, '[\"https:\\/\\/images.pexels.com\\/photos\\/821652\\/pexels-photo-821652.jpeg\",\"https:\\/\\/images.pexels.com\\/photos\\/1388947\\/technology-telephone-mobile-smart-1388947.jpeg\",\"https:\\/\\/images.pexels.com\\/photos\\/719399\\/pexels-photo-719399.jpeg\",\"https:\\/\\/images.pexels.com\\/photos\\/5053740\\/pexels-photo-5053740.jpeg\"]', '', 0, 'Super titre 68', 'Saepe delectus facilis occaecati magni expedita. Illo voluptatum vero nulla animi et. Libero perspiciatis repellat cumque libero.', 688, '', '', '2021-01-17 15:25:52', '0000-00-00 00:00:00'),
(270, 23, 10, '[\"https:\\/\\/images.pexels.com\\/photos\\/821652\\/pexels-photo-821652.jpeg\",\"https:\\/\\/images.pexels.com\\/photos\\/1388947\\/technology-telephone-mobile-smart-1388947.jpeg\",\"https:\\/\\/images.pexels.com\\/photos\\/719399\\/pexels-photo-719399.jpeg\",\"https:\\/\\/images.pexels.com\\/photos\\/5053740\\/pexels-photo-5053740.jpeg\"]', '', 0, 'Super titre 69', 'Molestiae ut voluptas ducimus qui ipsa consequatur. Debitis quasi ad error maxime ut mollitia a. Id occaecati et aut quod eveniet autem.', 858, '', '', '2021-01-17 15:25:52', '0000-00-00 00:00:00'),
(271, 17, 8, '[\"https:\\/\\/images.pexels.com\\/photos\\/821652\\/pexels-photo-821652.jpeg\",\"https:\\/\\/images.pexels.com\\/photos\\/1388947\\/technology-telephone-mobile-smart-1388947.jpeg\",\"https:\\/\\/images.pexels.com\\/photos\\/719399\\/pexels-photo-719399.jpeg\",\"https:\\/\\/images.pexels.com\\/photos\\/5053740\\/pexels-photo-5053740.jpeg\"]', '', 0, 'Super titre 70', 'Placeat laborum magni nemo aut fugiat et veniam. Consequatur dolore dolores praesentium quia. Autem animi nam similique unde ut. Facilis dolores doloremque omnis occaecati doloribus.', 558, '', '', '2021-01-17 15:25:52', '0000-00-00 00:00:00'),
(272, 37, 7, '[\"https:\\/\\/images.pexels.com\\/photos\\/821652\\/pexels-photo-821652.jpeg\",\"https:\\/\\/images.pexels.com\\/photos\\/1388947\\/technology-telephone-mobile-smart-1388947.jpeg\",\"https:\\/\\/images.pexels.com\\/photos\\/719399\\/pexels-photo-719399.jpeg\",\"https:\\/\\/images.pexels.com\\/photos\\/5053740\\/pexels-photo-5053740.jpeg\"]', '', 0, 'Super titre 71', 'Nulla alias vitae rerum facere repellendus. Facere non rem suscipit corrupti enim. Qui distinctio repudiandae quia rerum culpa doloremque.', 639, '', '', '2021-01-17 15:25:52', '0000-00-00 00:00:00'),
(273, 13, 2, '[\"https:\\/\\/images.pexels.com\\/photos\\/821652\\/pexels-photo-821652.jpeg\",\"https:\\/\\/images.pexels.com\\/photos\\/1388947\\/technology-telephone-mobile-smart-1388947.jpeg\",\"https:\\/\\/images.pexels.com\\/photos\\/719399\\/pexels-photo-719399.jpeg\",\"https:\\/\\/images.pexels.com\\/photos\\/5053740\\/pexels-photo-5053740.jpeg\"]', '', 0, 'Super titre 72', 'Tenetur et dolorem quo. Harum voluptate rerum consequatur maiores. Necessitatibus nam adipisci in qui aut cupiditate repudiandae.', 644, '', '', '2021-01-17 15:25:52', '0000-00-00 00:00:00'),
(274, 49, 8, '[\"https:\\/\\/images.pexels.com\\/photos\\/821652\\/pexels-photo-821652.jpeg\",\"https:\\/\\/images.pexels.com\\/photos\\/1388947\\/technology-telephone-mobile-smart-1388947.jpeg\",\"https:\\/\\/images.pexels.com\\/photos\\/719399\\/pexels-photo-719399.jpeg\",\"https:\\/\\/images.pexels.com\\/photos\\/5053740\\/pexels-photo-5053740.jpeg\"]', '', 0, 'Super titre 73', 'Qui voluptatem asperiores et ab suscipit. Incidunt vel id voluptatum quis est fuga. Vitae perspiciatis ut dicta dolorem molestiae sapiente. Nobis et et est quaerat reiciendis vel.', 136, '', '', '2021-01-17 15:25:52', '0000-00-00 00:00:00'),
(275, 38, 5, '[\"https:\\/\\/images.pexels.com\\/photos\\/821652\\/pexels-photo-821652.jpeg\",\"https:\\/\\/images.pexels.com\\/photos\\/1388947\\/technology-telephone-mobile-smart-1388947.jpeg\",\"https:\\/\\/images.pexels.com\\/photos\\/719399\\/pexels-photo-719399.jpeg\",\"https:\\/\\/images.pexels.com\\/photos\\/5053740\\/pexels-photo-5053740.jpeg\"]', '', 0, 'Super titre 74', 'Nulla amet omnis ullam est ratione. Qui nulla libero et accusantium sit illum iste. Et qui deserunt fuga enim. Nisi ipsum odio distinctio nobis.', 276, '', '', '2021-01-17 15:25:52', '0000-00-00 00:00:00'),
(276, 35, 3, '[\"https:\\/\\/images.pexels.com\\/photos\\/821652\\/pexels-photo-821652.jpeg\",\"https:\\/\\/images.pexels.com\\/photos\\/1388947\\/technology-telephone-mobile-smart-1388947.jpeg\",\"https:\\/\\/images.pexels.com\\/photos\\/719399\\/pexels-photo-719399.jpeg\",\"https:\\/\\/images.pexels.com\\/photos\\/5053740\\/pexels-photo-5053740.jpeg\"]', '', 0, 'Super titre 75', 'Eligendi molestiae aut in quis. Optio rem et autem omnis. Commodi dolorum unde vitae consequatur illo numquam. Voluptates quia ipsum totam est asperiores est.', 613, '', '', '2021-01-17 15:25:52', '0000-00-00 00:00:00'),
(277, 7, 4, '[\"https:\\/\\/images.pexels.com\\/photos\\/821652\\/pexels-photo-821652.jpeg\",\"https:\\/\\/images.pexels.com\\/photos\\/1388947\\/technology-telephone-mobile-smart-1388947.jpeg\",\"https:\\/\\/images.pexels.com\\/photos\\/719399\\/pexels-photo-719399.jpeg\",\"https:\\/\\/images.pexels.com\\/photos\\/5053740\\/pexels-photo-5053740.jpeg\"]', '', 0, 'Super titre 76', 'Inventore est ducimus nobis nobis cum ducimus. Dicta quisquam rerum facere eos rerum aliquid quo vel. Non sapiente mollitia et fuga sint quidem qui.', 41, '', '', '2021-01-17 15:25:52', '0000-00-00 00:00:00'),
(278, 48, 11, '[\"https:\\/\\/images.pexels.com\\/photos\\/821652\\/pexels-photo-821652.jpeg\",\"https:\\/\\/images.pexels.com\\/photos\\/1388947\\/technology-telephone-mobile-smart-1388947.jpeg\",\"https:\\/\\/images.pexels.com\\/photos\\/719399\\/pexels-photo-719399.jpeg\",\"https:\\/\\/images.pexels.com\\/photos\\/5053740\\/pexels-photo-5053740.jpeg\"]', '', 0, 'Super titre 77', 'Minus quidem non cupiditate inventore qui. Error accusantium nam sunt asperiores quo. Tempora ipsum saepe quam debitis sit velit qui.', 812, '', '', '2021-01-17 15:25:52', '0000-00-00 00:00:00'),
(279, 58, 2, '[\"https:\\/\\/images.pexels.com\\/photos\\/821652\\/pexels-photo-821652.jpeg\",\"https:\\/\\/images.pexels.com\\/photos\\/1388947\\/technology-telephone-mobile-smart-1388947.jpeg\",\"https:\\/\\/images.pexels.com\\/photos\\/719399\\/pexels-photo-719399.jpeg\",\"https:\\/\\/images.pexels.com\\/photos\\/5053740\\/pexels-photo-5053740.jpeg\"]', '', 0, 'Super titre 78', 'Veniam quis aut et dolorum distinctio in. Et delectus aut delectus esse. Vero omnis impedit nesciunt adipisci deserunt.', 633, '', '', '2021-01-17 15:25:52', '0000-00-00 00:00:00'),
(280, 98, 4, '[\"https:\\/\\/images.pexels.com\\/photos\\/821652\\/pexels-photo-821652.jpeg\",\"https:\\/\\/images.pexels.com\\/photos\\/1388947\\/technology-telephone-mobile-smart-1388947.jpeg\",\"https:\\/\\/images.pexels.com\\/photos\\/719399\\/pexels-photo-719399.jpeg\",\"https:\\/\\/images.pexels.com\\/photos\\/5053740\\/pexels-photo-5053740.jpeg\"]', '', 0, 'Super titre 79', 'In consequuntur voluptatum dolorem iure aliquid. Velit dicta corrupti ut doloribus maxime aliquid. Possimus quam doloribus incidunt beatae voluptas autem ratione. Ipsam et ratione animi facere nobis.', 475, '', '', '2021-01-17 15:25:52', '0000-00-00 00:00:00'),
(281, 38, 8, '[\"https:\\/\\/images.pexels.com\\/photos\\/821652\\/pexels-photo-821652.jpeg\",\"https:\\/\\/images.pexels.com\\/photos\\/1388947\\/technology-telephone-mobile-smart-1388947.jpeg\",\"https:\\/\\/images.pexels.com\\/photos\\/719399\\/pexels-photo-719399.jpeg\",\"https:\\/\\/images.pexels.com\\/photos\\/5053740\\/pexels-photo-5053740.jpeg\"]', '', 0, 'Super titre 80', 'Vitae rem voluptate dolores non deserunt. In ullam fugit debitis suscipit iste excepturi debitis.', 940, '', '', '2021-01-17 15:25:52', '0000-00-00 00:00:00'),
(284, 30, 7, '[\"https:\\/\\/images.pexels.com\\/photos\\/821652\\/pexels-photo-821652.jpeg\",\"https:\\/\\/images.pexels.com\\/photos\\/1388947\\/technology-telephone-mobile-smart-1388947.jpeg\",\"https:\\/\\/images.pexels.com\\/photos\\/719399\\/pexels-photo-719399.jpeg\",\"https:\\/\\/images.pexels.com\\/photos\\/5053740\\/pexels-photo-5053740.jpeg\"]', '', 0, 'Super titre 83', 'Quia ea voluptas ipsam voluptas aut. Laboriosam cupiditate non molestiae culpa dolorem rem consequatur. Dolorem minima ab deleniti quod soluta occaecati. Cumque aut totam in.', 385, '', '', '2021-01-17 15:25:52', '0000-00-00 00:00:00'),
(285, 70, 10, '[\"https:\\/\\/images.pexels.com\\/photos\\/821652\\/pexels-photo-821652.jpeg\",\"https:\\/\\/images.pexels.com\\/photos\\/1388947\\/technology-telephone-mobile-smart-1388947.jpeg\",\"https:\\/\\/images.pexels.com\\/photos\\/719399\\/pexels-photo-719399.jpeg\",\"https:\\/\\/images.pexels.com\\/photos\\/5053740\\/pexels-photo-5053740.jpeg\"]', '', 0, 'Super titre 84', 'Assumenda error totam quis labore aut. Placeat voluptas accusantium qui voluptas. Maiores perspiciatis quia voluptate delectus. Deserunt exercitationem est alias qui molestiae sit.', 80, '', '', '2021-01-17 15:25:52', '0000-00-00 00:00:00'),
(286, 8, 1, '[\"https:\\/\\/images.pexels.com\\/photos\\/821652\\/pexels-photo-821652.jpeg\",\"https:\\/\\/images.pexels.com\\/photos\\/1388947\\/technology-telephone-mobile-smart-1388947.jpeg\",\"https:\\/\\/images.pexels.com\\/photos\\/719399\\/pexels-photo-719399.jpeg\",\"https:\\/\\/images.pexels.com\\/photos\\/5053740\\/pexels-photo-5053740.jpeg\"]', '', 0, 'Super titre 85', 'Voluptas maxime voluptatum quo expedita maiores ullam aperiam. Optio incidunt totam perspiciatis.', 41, '', '', '2021-01-17 15:25:52', '0000-00-00 00:00:00');
INSERT INTO `posts` (`id`, `id_user`, `id_breakdown_category`, `images`, `cover_image`, `is_solved`, `title`, `content`, `budget`, `city`, `postal_code`, `created_at`, `updated_at`) VALUES
(287, 17, 1, '[\"https:\\/\\/images.pexels.com\\/photos\\/821652\\/pexels-photo-821652.jpeg\",\"https:\\/\\/images.pexels.com\\/photos\\/1388947\\/technology-telephone-mobile-smart-1388947.jpeg\",\"https:\\/\\/images.pexels.com\\/photos\\/719399\\/pexels-photo-719399.jpeg\",\"https:\\/\\/images.pexels.com\\/photos\\/5053740\\/pexels-photo-5053740.jpeg\"]', '', 0, 'Super titre 86', 'Ut cum ut aperiam eum earum provident excepturi. Minima omnis et nulla delectus. Soluta vero voluptate sint rerum pariatur et.', 591, '', '', '2021-01-17 15:25:52', '0000-00-00 00:00:00'),
(288, 11, 3, '[\"https:\\/\\/images.pexels.com\\/photos\\/821652\\/pexels-photo-821652.jpeg\",\"https:\\/\\/images.pexels.com\\/photos\\/1388947\\/technology-telephone-mobile-smart-1388947.jpeg\",\"https:\\/\\/images.pexels.com\\/photos\\/719399\\/pexels-photo-719399.jpeg\",\"https:\\/\\/images.pexels.com\\/photos\\/5053740\\/pexels-photo-5053740.jpeg\"]', '', 0, 'Super titre 87', 'Optio voluptatum ut repudiandae est. Vitae quis cum ut laudantium. Exercitationem soluta aliquid delectus ipsa voluptatum ullam. Aliquam ut quia fuga itaque deleniti recusandae.', 625, '', '', '2021-01-17 15:25:52', '0000-00-00 00:00:00'),
(289, 67, 3, '[\"https:\\/\\/images.pexels.com\\/photos\\/821652\\/pexels-photo-821652.jpeg\",\"https:\\/\\/images.pexels.com\\/photos\\/1388947\\/technology-telephone-mobile-smart-1388947.jpeg\",\"https:\\/\\/images.pexels.com\\/photos\\/719399\\/pexels-photo-719399.jpeg\",\"https:\\/\\/images.pexels.com\\/photos\\/5053740\\/pexels-photo-5053740.jpeg\"]', '', 0, 'Super titre 88', 'Fugit ut rerum et. Ex aliquid placeat eos et reiciendis quasi. Porro eius distinctio nesciunt rerum nisi eius. Facilis at quis doloribus nulla facere nostrum molestiae.', 272, '', '', '2021-01-17 15:25:52', '0000-00-00 00:00:00'),
(290, 55, 1, '[\"https:\\/\\/images.pexels.com\\/photos\\/821652\\/pexels-photo-821652.jpeg\",\"https:\\/\\/images.pexels.com\\/photos\\/1388947\\/technology-telephone-mobile-smart-1388947.jpeg\",\"https:\\/\\/images.pexels.com\\/photos\\/719399\\/pexels-photo-719399.jpeg\",\"https:\\/\\/images.pexels.com\\/photos\\/5053740\\/pexels-photo-5053740.jpeg\"]', '', 0, 'Super titre 89', 'Dolorum consequatur asperiores maiores quod illo minima assumenda. Ut ipsum voluptate et officia nesciunt et consectetur dolorem. Earum qui culpa et quia rerum ab.', 412, '', '', '2021-01-17 15:25:52', '0000-00-00 00:00:00'),
(292, 56, 3, '[\"https:\\/\\/images.pexels.com\\/photos\\/821652\\/pexels-photo-821652.jpeg\",\"https:\\/\\/images.pexels.com\\/photos\\/1388947\\/technology-telephone-mobile-smart-1388947.jpeg\",\"https:\\/\\/images.pexels.com\\/photos\\/719399\\/pexels-photo-719399.jpeg\",\"https:\\/\\/images.pexels.com\\/photos\\/5053740\\/pexels-photo-5053740.jpeg\"]', '', 0, 'Super titre 91', 'Qui magnam cupiditate hic sit est. Ipsum et sint et quo. Esse eos esse voluptatem voluptatem consequuntur.', 295, '', '', '2021-01-17 15:25:52', '0000-00-00 00:00:00'),
(294, 64, 3, '[\"https:\\/\\/images.pexels.com\\/photos\\/821652\\/pexels-photo-821652.jpeg\",\"https:\\/\\/images.pexels.com\\/photos\\/1388947\\/technology-telephone-mobile-smart-1388947.jpeg\",\"https:\\/\\/images.pexels.com\\/photos\\/719399\\/pexels-photo-719399.jpeg\",\"https:\\/\\/images.pexels.com\\/photos\\/5053740\\/pexels-photo-5053740.jpeg\"]', '', 0, 'Super titre 93', 'Vero qui excepturi iure nesciunt similique perferendis. Consequatur amet sint maxime iusto harum facere quisquam omnis.', 882, '', '', '2021-01-17 15:25:52', '0000-00-00 00:00:00'),
(295, 54, 2, '[\"https:\\/\\/images.pexels.com\\/photos\\/821652\\/pexels-photo-821652.jpeg\",\"https:\\/\\/images.pexels.com\\/photos\\/1388947\\/technology-telephone-mobile-smart-1388947.jpeg\",\"https:\\/\\/images.pexels.com\\/photos\\/719399\\/pexels-photo-719399.jpeg\",\"https:\\/\\/images.pexels.com\\/photos\\/5053740\\/pexels-photo-5053740.jpeg\"]', '', 0, 'Super titre 94', 'Dolor sequi ullam nemo placeat voluptates. Tempora eos similique numquam ea. Inventore explicabo odit iste id facere iusto in. Ut atque nobis eum itaque optio consectetur aut.', 578, '', '', '2021-01-17 15:25:52', '0000-00-00 00:00:00'),
(296, 64, 6, '[\"https:\\/\\/images.pexels.com\\/photos\\/821652\\/pexels-photo-821652.jpeg\",\"https:\\/\\/images.pexels.com\\/photos\\/1388947\\/technology-telephone-mobile-smart-1388947.jpeg\",\"https:\\/\\/images.pexels.com\\/photos\\/719399\\/pexels-photo-719399.jpeg\",\"https:\\/\\/images.pexels.com\\/photos\\/5053740\\/pexels-photo-5053740.jpeg\"]', '', 0, 'Super titre 95', 'Voluptatem sed et asperiores provident. Error fugiat ab sunt tempora rem ea distinctio molestiae. Est consequatur cupiditate corporis ut. Recusandae a mollitia provident ut eveniet.', 537, '', '', '2021-01-17 15:25:52', '0000-00-00 00:00:00'),
(297, 99, 1, '[\"https:\\/\\/images.pexels.com\\/photos\\/821652\\/pexels-photo-821652.jpeg\",\"https:\\/\\/images.pexels.com\\/photos\\/1388947\\/technology-telephone-mobile-smart-1388947.jpeg\",\"https:\\/\\/images.pexels.com\\/photos\\/719399\\/pexels-photo-719399.jpeg\",\"https:\\/\\/images.pexels.com\\/photos\\/5053740\\/pexels-photo-5053740.jpeg\"]', '', 0, 'Super titre 96', 'Ut quisquam ex in reiciendis. Expedita voluptatum praesentium exercitationem. Veniam assumenda delectus autem ab qui unde.', 373, '', '', '2021-01-17 15:25:52', '0000-00-00 00:00:00'),
(298, 35, 9, '[\"https:\\/\\/images.pexels.com\\/photos\\/821652\\/pexels-photo-821652.jpeg\",\"https:\\/\\/images.pexels.com\\/photos\\/1388947\\/technology-telephone-mobile-smart-1388947.jpeg\",\"https:\\/\\/images.pexels.com\\/photos\\/719399\\/pexels-photo-719399.jpeg\",\"https:\\/\\/images.pexels.com\\/photos\\/5053740\\/pexels-photo-5053740.jpeg\"]', '', 0, 'Super titre 97', 'Voluptatem doloribus ea aperiam alias delectus ut sed. Voluptatum inventore facere rerum modi sit.', 498, '', '', '2021-01-17 15:25:52', '0000-00-00 00:00:00'),
(300, 45, 4, '[\"https:\\/\\/images.pexels.com\\/photos\\/821652\\/pexels-photo-821652.jpeg\",\"https:\\/\\/images.pexels.com\\/photos\\/1388947\\/technology-telephone-mobile-smart-1388947.jpeg\",\"https:\\/\\/images.pexels.com\\/photos\\/719399\\/pexels-photo-719399.jpeg\",\"https:\\/\\/images.pexels.com\\/photos\\/5053740\\/pexels-photo-5053740.jpeg\"]', '', 0, 'Super titre 99', 'Dignissimos aut minus officia consequatur. Commodi quam non et rerum sint aut ut nam. Exercitationem ratione odit totam repudiandae eveniet minima.', 465, '', '', '2021-01-17 15:25:52', '0000-00-00 00:00:00'),
(301, 75, 12, '[\"https:\\/\\/images.pexels.com\\/photos\\/821652\\/pexels-photo-821652.jpeg\",\"https:\\/\\/images.pexels.com\\/photos\\/1388947\\/technology-telephone-mobile-smart-1388947.jpeg\",\"https:\\/\\/images.pexels.com\\/photos\\/719399\\/pexels-photo-719399.jpeg\",\"https:\\/\\/images.pexels.com\\/photos\\/5053740\\/pexels-photo-5053740.jpeg\"]', '', 0, 'Super titre 0', 'Culpa aliquid ad eligendi ab dolorum distinctio et. Nesciunt sed aut modi sint. Facilis error in autem. Quia deleniti fuga rerum enim eum impedit quaerat.', 685, 'New Brannonburgh', '08815', '2021-01-17 16:28:12', '0000-00-00 00:00:00'),
(302, 69, 4, '[\"https:\\/\\/images.pexels.com\\/photos\\/821652\\/pexels-photo-821652.jpeg\",\"https:\\/\\/images.pexels.com\\/photos\\/1388947\\/technology-telephone-mobile-smart-1388947.jpeg\",\"https:\\/\\/images.pexels.com\\/photos\\/719399\\/pexels-photo-719399.jpeg\",\"https:\\/\\/images.pexels.com\\/photos\\/5053740\\/pexels-photo-5053740.jpeg\"]', '', 0, 'Super titre 1', 'Sequi perferendis impedit neque culpa. Dolores voluptatem sit vero placeat reiciendis. Velit hic suscipit dolorem dolore.', 474, 'Fayview', '75746', '2021-01-17 16:28:12', '0000-00-00 00:00:00'),
(303, 33, 1, '[\"https:\\/\\/images.pexels.com\\/photos\\/821652\\/pexels-photo-821652.jpeg\",\"https:\\/\\/images.pexels.com\\/photos\\/1388947\\/technology-telephone-mobile-smart-1388947.jpeg\",\"https:\\/\\/images.pexels.com\\/photos\\/719399\\/pexels-photo-719399.jpeg\",\"https:\\/\\/images.pexels.com\\/photos\\/5053740\\/pexels-photo-5053740.jpeg\"]', '', 0, 'Super titre 2', 'Esse occaecati aut quo possimus sit illo. Voluptatem aliquam autem et magnam et et et. Atque sint est laudantium reiciendis. Fuga facere omnis perferendis nobis iste expedita.', 173, 'Port Albert', '38614', '2021-01-17 16:28:12', '0000-00-00 00:00:00'),
(304, 69, 15, '[\"https:\\/\\/images.pexels.com\\/photos\\/821652\\/pexels-photo-821652.jpeg\",\"https:\\/\\/images.pexels.com\\/photos\\/1388947\\/technology-telephone-mobile-smart-1388947.jpeg\",\"https:\\/\\/images.pexels.com\\/photos\\/719399\\/pexels-photo-719399.jpeg\",\"https:\\/\\/images.pexels.com\\/photos\\/5053740\\/pexels-photo-5053740.jpeg\"]', '', 0, 'Super titre 3', 'Dolor et non voluptatem vel inventore. Culpa ducimus deserunt quae at. Qui ipsa magnam illo quaerat est qui ut quis.', 571, 'Port Billychester', '03874-0827', '2021-01-17 16:28:12', '0000-00-00 00:00:00'),
(305, 17, 5, '[\"https:\\/\\/images.pexels.com\\/photos\\/821652\\/pexels-photo-821652.jpeg\",\"https:\\/\\/images.pexels.com\\/photos\\/1388947\\/technology-telephone-mobile-smart-1388947.jpeg\",\"https:\\/\\/images.pexels.com\\/photos\\/719399\\/pexels-photo-719399.jpeg\",\"https:\\/\\/images.pexels.com\\/photos\\/5053740\\/pexels-photo-5053740.jpeg\"]', '', 0, 'Super titre 4', 'Rerum sunt natus labore vitae esse possimus eum. Consequatur dolore et mollitia. Velit sit ipsum quia fugit ab. Id soluta sit recusandae ut dicta molestiae impedit fuga.', 86, 'West Dayton', '12958', '2021-01-17 16:28:12', '0000-00-00 00:00:00'),
(306, 51, 4, '[\"https:\\/\\/images.pexels.com\\/photos\\/821652\\/pexels-photo-821652.jpeg\",\"https:\\/\\/images.pexels.com\\/photos\\/1388947\\/technology-telephone-mobile-smart-1388947.jpeg\",\"https:\\/\\/images.pexels.com\\/photos\\/719399\\/pexels-photo-719399.jpeg\",\"https:\\/\\/images.pexels.com\\/photos\\/5053740\\/pexels-photo-5053740.jpeg\"]', '', 0, 'Super titre 5', 'Reiciendis voluptas et inventore ut vero itaque et. Explicabo cum similique omnis soluta ut. Eum occaecati libero itaque necessitatibus velit quibusdam sunt.', 831, 'South Marcella', '41101-7984', '2021-01-17 16:28:12', '0000-00-00 00:00:00'),
(307, 57, 2, '[\"https:\\/\\/images.pexels.com\\/photos\\/821652\\/pexels-photo-821652.jpeg\",\"https:\\/\\/images.pexels.com\\/photos\\/1388947\\/technology-telephone-mobile-smart-1388947.jpeg\",\"https:\\/\\/images.pexels.com\\/photos\\/719399\\/pexels-photo-719399.jpeg\",\"https:\\/\\/images.pexels.com\\/photos\\/5053740\\/pexels-photo-5053740.jpeg\"]', '', 0, 'Super titre 6', 'Reprehenderit et quia velit nam aut quia omnis. Natus tenetur quas ea reiciendis quo et ipsam molestiae. Quis ullam tempore ut eum quia animi aliquam consequatur.', 447, 'West Cedrickshire', '72497-9865', '2021-01-17 16:28:12', '0000-00-00 00:00:00'),
(308, 51, 7, '[\"https:\\/\\/images.pexels.com\\/photos\\/821652\\/pexels-photo-821652.jpeg\",\"https:\\/\\/images.pexels.com\\/photos\\/1388947\\/technology-telephone-mobile-smart-1388947.jpeg\",\"https:\\/\\/images.pexels.com\\/photos\\/719399\\/pexels-photo-719399.jpeg\",\"https:\\/\\/images.pexels.com\\/photos\\/5053740\\/pexels-photo-5053740.jpeg\"]', '', 0, 'Super titre 7', 'Ex est tempora aut doloremque nam repudiandae ad quia. Officia dicta velit est. Amet et atque autem ducimus in et. Quis voluptas perferendis veniam rem eveniet dolorum qui.', 435, 'South Anastacio', '40606-5445', '2021-01-17 16:28:12', '0000-00-00 00:00:00'),
(310, 48, 6, '[\"https:\\/\\/images.pexels.com\\/photos\\/821652\\/pexels-photo-821652.jpeg\",\"https:\\/\\/images.pexels.com\\/photos\\/1388947\\/technology-telephone-mobile-smart-1388947.jpeg\",\"https:\\/\\/images.pexels.com\\/photos\\/719399\\/pexels-photo-719399.jpeg\",\"https:\\/\\/images.pexels.com\\/photos\\/5053740\\/pexels-photo-5053740.jpeg\"]', '', 0, 'Super titre 9', 'Aut fugiat rerum sint recusandae. Sed eum modi sed dolorum optio delectus ex. Voluptatem et sit et quia. Ratione reprehenderit laborum dolore nobis nihil.', 641, 'South Lola', '86813', '2021-01-17 16:28:12', '0000-00-00 00:00:00'),
(311, 67, 10, '[\"https:\\/\\/images.pexels.com\\/photos\\/821652\\/pexels-photo-821652.jpeg\",\"https:\\/\\/images.pexels.com\\/photos\\/1388947\\/technology-telephone-mobile-smart-1388947.jpeg\",\"https:\\/\\/images.pexels.com\\/photos\\/719399\\/pexels-photo-719399.jpeg\",\"https:\\/\\/images.pexels.com\\/photos\\/5053740\\/pexels-photo-5053740.jpeg\"]', '', 0, 'Super titre 10', 'Ipsum beatae nam mollitia. Nisi et quis sequi sunt quod. Minima sapiente quaerat dolor inventore quibusdam dolores deserunt. Est ipsam odio eos repellat.', 343, 'West Christian', '03799-5268', '2021-01-17 16:28:12', '0000-00-00 00:00:00'),
(312, 31, 9, '[\"https:\\/\\/images.pexels.com\\/photos\\/821652\\/pexels-photo-821652.jpeg\",\"https:\\/\\/images.pexels.com\\/photos\\/1388947\\/technology-telephone-mobile-smart-1388947.jpeg\",\"https:\\/\\/images.pexels.com\\/photos\\/719399\\/pexels-photo-719399.jpeg\",\"https:\\/\\/images.pexels.com\\/photos\\/5053740\\/pexels-photo-5053740.jpeg\"]', '', 0, 'Super titre 11', 'Earum adipisci consequuntur consequatur aut aut temporibus molestiae. Rerum vero vel voluptatibus non dolorem optio illum qui. Cum quos atque excepturi nulla fuga.', 98, 'Margarettaborough', '55620-2208', '2021-01-17 16:28:12', '0000-00-00 00:00:00'),
(313, 2, 9, '[\"https:\\/\\/images.pexels.com\\/photos\\/821652\\/pexels-photo-821652.jpeg\",\"https:\\/\\/images.pexels.com\\/photos\\/1388947\\/technology-telephone-mobile-smart-1388947.jpeg\",\"https:\\/\\/images.pexels.com\\/photos\\/719399\\/pexels-photo-719399.jpeg\",\"https:\\/\\/images.pexels.com\\/photos\\/5053740\\/pexels-photo-5053740.jpeg\"]', '', 0, 'Super titre 12', 'A alias ea voluptatem adipisci. Eius molestiae saepe qui fugit. Deserunt eos maxime quasi debitis rerum nulla. Temporibus aut rerum possimus id officia totam et totam.', 935, 'New Keanu', '30552-8663', '2021-01-17 16:28:12', '0000-00-00 00:00:00'),
(314, 2, 7, '[\"https:\\/\\/images.pexels.com\\/photos\\/821652\\/pexels-photo-821652.jpeg\",\"https:\\/\\/images.pexels.com\\/photos\\/1388947\\/technology-telephone-mobile-smart-1388947.jpeg\",\"https:\\/\\/images.pexels.com\\/photos\\/719399\\/pexels-photo-719399.jpeg\",\"https:\\/\\/images.pexels.com\\/photos\\/5053740\\/pexels-photo-5053740.jpeg\"]', '', 0, 'Super titre 13', 'Reprehenderit est quod inventore minima voluptas adipisci. Cumque voluptatem asperiores excepturi aliquam. Corrupti eos totam ex asperiores voluptas. Id explicabo et est iure occaecati ut esse.', 451, 'New Ariel', '17291', '2021-01-17 16:28:12', '0000-00-00 00:00:00'),
(316, 7, 15, '[\"https:\\/\\/images.pexels.com\\/photos\\/821652\\/pexels-photo-821652.jpeg\",\"https:\\/\\/images.pexels.com\\/photos\\/1388947\\/technology-telephone-mobile-smart-1388947.jpeg\",\"https:\\/\\/images.pexels.com\\/photos\\/719399\\/pexels-photo-719399.jpeg\",\"https:\\/\\/images.pexels.com\\/photos\\/5053740\\/pexels-photo-5053740.jpeg\"]', '', 0, 'Super titre 15', 'Omnis est iste temporibus harum aut cumque iusto. Molestias quasi repudiandae consequatur dicta. Nulla eos dolorum illum quis autem quia id.', 935, 'Lake Katarinafurt', '95175', '2021-01-17 16:28:12', '0000-00-00 00:00:00'),
(317, 26, 4, '[\"https:\\/\\/images.pexels.com\\/photos\\/821652\\/pexels-photo-821652.jpeg\",\"https:\\/\\/images.pexels.com\\/photos\\/1388947\\/technology-telephone-mobile-smart-1388947.jpeg\",\"https:\\/\\/images.pexels.com\\/photos\\/719399\\/pexels-photo-719399.jpeg\",\"https:\\/\\/images.pexels.com\\/photos\\/5053740\\/pexels-photo-5053740.jpeg\"]', '', 0, 'Super titre 16', 'Deserunt explicabo rerum debitis quidem aut velit. Distinctio eius et tenetur dolorum. In autem repudiandae est enim.', 385, 'Emardtown', '85383-7149', '2021-01-17 16:28:12', '0000-00-00 00:00:00'),
(318, 37, 6, '[\"https:\\/\\/images.pexels.com\\/photos\\/821652\\/pexels-photo-821652.jpeg\",\"https:\\/\\/images.pexels.com\\/photos\\/1388947\\/technology-telephone-mobile-smart-1388947.jpeg\",\"https:\\/\\/images.pexels.com\\/photos\\/719399\\/pexels-photo-719399.jpeg\",\"https:\\/\\/images.pexels.com\\/photos\\/5053740\\/pexels-photo-5053740.jpeg\"]', '', 0, 'Super titre 17', 'Molestiae consectetur et cumque vitae tempore ducimus. Sunt earum eum delectus et. Occaecati ut molestiae eligendi neque. Eaque corrupti dolor molestiae et veniam tempore praesentium commodi.', 586, 'Casperstad', '38646-8400', '2021-01-17 16:28:12', '0000-00-00 00:00:00'),
(319, 98, 14, '[\"https:\\/\\/images.pexels.com\\/photos\\/821652\\/pexels-photo-821652.jpeg\",\"https:\\/\\/images.pexels.com\\/photos\\/1388947\\/technology-telephone-mobile-smart-1388947.jpeg\",\"https:\\/\\/images.pexels.com\\/photos\\/719399\\/pexels-photo-719399.jpeg\",\"https:\\/\\/images.pexels.com\\/photos\\/5053740\\/pexels-photo-5053740.jpeg\"]', '', 0, 'Super titre 18', 'Expedita eos cumque et. Eum aspernatur ducimus laboriosam cum sint qui alias voluptas. Iste natus odio sapiente. Rerum consectetur perferendis ut ipsum libero rerum accusamus.', 418, 'Ralphton', '36335', '2021-01-17 16:28:12', '0000-00-00 00:00:00'),
(320, 40, 3, '[\"https:\\/\\/images.pexels.com\\/photos\\/821652\\/pexels-photo-821652.jpeg\",\"https:\\/\\/images.pexels.com\\/photos\\/1388947\\/technology-telephone-mobile-smart-1388947.jpeg\",\"https:\\/\\/images.pexels.com\\/photos\\/719399\\/pexels-photo-719399.jpeg\",\"https:\\/\\/images.pexels.com\\/photos\\/5053740\\/pexels-photo-5053740.jpeg\"]', '', 0, 'Super titre 19', 'Ut molestias eum ut ratione qui odit quas. Molestias nemo sit iusto. Aspernatur sunt dicta minima ipsa. Sit rerum voluptatem voluptatum aliquid accusantium. Beatae minima eos expedita.', 889, 'McCulloughbury', '03048-5181', '2021-01-17 16:28:12', '0000-00-00 00:00:00'),
(321, 12, 12, '[\"https:\\/\\/images.pexels.com\\/photos\\/821652\\/pexels-photo-821652.jpeg\",\"https:\\/\\/images.pexels.com\\/photos\\/1388947\\/technology-telephone-mobile-smart-1388947.jpeg\",\"https:\\/\\/images.pexels.com\\/photos\\/719399\\/pexels-photo-719399.jpeg\",\"https:\\/\\/images.pexels.com\\/photos\\/5053740\\/pexels-photo-5053740.jpeg\"]', '', 0, 'Super titre 20', 'Ut ratione iste aut nobis odit. In qui molestias ipsa ex in iste ut voluptatem.', 100, 'Aryannaton', '60448', '2021-01-17 16:28:12', '0000-00-00 00:00:00'),
(322, 88, 6, '[\"https:\\/\\/images.pexels.com\\/photos\\/821652\\/pexels-photo-821652.jpeg\",\"https:\\/\\/images.pexels.com\\/photos\\/1388947\\/technology-telephone-mobile-smart-1388947.jpeg\",\"https:\\/\\/images.pexels.com\\/photos\\/719399\\/pexels-photo-719399.jpeg\",\"https:\\/\\/images.pexels.com\\/photos\\/5053740\\/pexels-photo-5053740.jpeg\"]', '', 0, 'Super titre 21', 'Ea at est mollitia. Et tenetur necessitatibus molestiae et dolorem dolore. Officia iste est et voluptas aliquid et blanditiis. Quas sint sed odio consequatur minus dolorem.', 790, 'East Briastad', '23132', '2021-01-17 16:28:12', '0000-00-00 00:00:00'),
(323, 51, 5, '[\"https:\\/\\/images.pexels.com\\/photos\\/821652\\/pexels-photo-821652.jpeg\",\"https:\\/\\/images.pexels.com\\/photos\\/1388947\\/technology-telephone-mobile-smart-1388947.jpeg\",\"https:\\/\\/images.pexels.com\\/photos\\/719399\\/pexels-photo-719399.jpeg\",\"https:\\/\\/images.pexels.com\\/photos\\/5053740\\/pexels-photo-5053740.jpeg\"]', '', 0, 'Super titre 22', 'Eius qui eos maxime exercitationem sapiente dolor. Voluptatem est et occaecati ea. Odit et veritatis accusantium repellat.', 380, 'North Constantinstad', '34142-5043', '2021-01-17 16:28:12', '0000-00-00 00:00:00'),
(324, 51, 1, '[\"https:\\/\\/images.pexels.com\\/photos\\/821652\\/pexels-photo-821652.jpeg\",\"https:\\/\\/images.pexels.com\\/photos\\/1388947\\/technology-telephone-mobile-smart-1388947.jpeg\",\"https:\\/\\/images.pexels.com\\/photos\\/719399\\/pexels-photo-719399.jpeg\",\"https:\\/\\/images.pexels.com\\/photos\\/5053740\\/pexels-photo-5053740.jpeg\"]', '', 0, 'Super titre 23', 'Sed est laboriosam laudantium eligendi autem quia non voluptatem. Beatae rerum porro dicta molestiae inventore corrupti vitae. Quas assumenda voluptas molestiae repudiandae libero perferendis ab.', 800, 'Mosciskistad', '84518', '2021-01-17 16:28:12', '0000-00-00 00:00:00'),
(325, 48, 4, '[\"https:\\/\\/images.pexels.com\\/photos\\/821652\\/pexels-photo-821652.jpeg\",\"https:\\/\\/images.pexels.com\\/photos\\/1388947\\/technology-telephone-mobile-smart-1388947.jpeg\",\"https:\\/\\/images.pexels.com\\/photos\\/719399\\/pexels-photo-719399.jpeg\",\"https:\\/\\/images.pexels.com\\/photos\\/5053740\\/pexels-photo-5053740.jpeg\"]', '', 0, 'Super titre 24', 'Facere quae reiciendis est et cum. Quod et nesciunt odit non. Et quos neque et assumenda. Voluptatem consectetur velit soluta dignissimos repudiandae voluptatem.', 828, 'Federicochester', '52434-9146', '2021-01-17 16:28:12', '0000-00-00 00:00:00'),
(326, 98, 6, '[\"https:\\/\\/images.pexels.com\\/photos\\/821652\\/pexels-photo-821652.jpeg\",\"https:\\/\\/images.pexels.com\\/photos\\/1388947\\/technology-telephone-mobile-smart-1388947.jpeg\",\"https:\\/\\/images.pexels.com\\/photos\\/719399\\/pexels-photo-719399.jpeg\",\"https:\\/\\/images.pexels.com\\/photos\\/5053740\\/pexels-photo-5053740.jpeg\"]', '', 0, 'Super titre 25', 'Tenetur non vero officiis minus. Non incidunt quo quia. Omnis architecto quis non est. A tenetur molestiae similique quo facilis dolor.', 842, 'Mableside', '82440', '2021-01-17 16:28:12', '0000-00-00 00:00:00'),
(327, 32, 5, '[\"https:\\/\\/images.pexels.com\\/photos\\/821652\\/pexels-photo-821652.jpeg\",\"https:\\/\\/images.pexels.com\\/photos\\/1388947\\/technology-telephone-mobile-smart-1388947.jpeg\",\"https:\\/\\/images.pexels.com\\/photos\\/719399\\/pexels-photo-719399.jpeg\",\"https:\\/\\/images.pexels.com\\/photos\\/5053740\\/pexels-photo-5053740.jpeg\"]', '', 0, 'Super titre 26', 'Animi omnis fuga quo ipsum. Error sit quae earum eum exercitationem rerum nemo. Impedit libero hic fuga aut minus temporibus laudantium corporis.', 346, 'Auerville', '84499-7518', '2021-01-17 16:28:12', '0000-00-00 00:00:00'),
(328, 53, 6, '[\"https:\\/\\/images.pexels.com\\/photos\\/821652\\/pexels-photo-821652.jpeg\",\"https:\\/\\/images.pexels.com\\/photos\\/1388947\\/technology-telephone-mobile-smart-1388947.jpeg\",\"https:\\/\\/images.pexels.com\\/photos\\/719399\\/pexels-photo-719399.jpeg\",\"https:\\/\\/images.pexels.com\\/photos\\/5053740\\/pexels-photo-5053740.jpeg\"]', '', 0, 'Super titre 27', 'Quia omnis ea architecto. Libero officiis possimus minus. Eum voluptates aut voluptatem consequatur.', 275, 'Rubyhaven', '93327', '2021-01-17 16:28:12', '0000-00-00 00:00:00'),
(329, 8, 10, '[\"https:\\/\\/images.pexels.com\\/photos\\/821652\\/pexels-photo-821652.jpeg\",\"https:\\/\\/images.pexels.com\\/photos\\/1388947\\/technology-telephone-mobile-smart-1388947.jpeg\",\"https:\\/\\/images.pexels.com\\/photos\\/719399\\/pexels-photo-719399.jpeg\",\"https:\\/\\/images.pexels.com\\/photos\\/5053740\\/pexels-photo-5053740.jpeg\"]', '', 0, 'Super titre 28', 'Impedit tempora distinctio facilis provident quis quas provident. Laudantium repellat velit ut magni. Aliquam natus quaerat sunt et sed at.', 66, 'Bruenside', '98302', '2021-01-17 16:28:12', '0000-00-00 00:00:00'),
(330, 29, 2, '[\"https:\\/\\/images.pexels.com\\/photos\\/821652\\/pexels-photo-821652.jpeg\",\"https:\\/\\/images.pexels.com\\/photos\\/1388947\\/technology-telephone-mobile-smart-1388947.jpeg\",\"https:\\/\\/images.pexels.com\\/photos\\/719399\\/pexels-photo-719399.jpeg\",\"https:\\/\\/images.pexels.com\\/photos\\/5053740\\/pexels-photo-5053740.jpeg\"]', '', 0, 'Super titre 29', 'Quam magnam et nulla ipsam. Consequatur doloremque ut dicta est. Reiciendis rem ea nulla corrupti nemo. Alias et eos enim illum atque qui totam. Delectus non exercitationem maxime.', 357, 'New Noelia', '51917', '2021-01-17 16:28:12', '0000-00-00 00:00:00'),
(331, 15, 11, '[\"https:\\/\\/images.pexels.com\\/photos\\/821652\\/pexels-photo-821652.jpeg\",\"https:\\/\\/images.pexels.com\\/photos\\/1388947\\/technology-telephone-mobile-smart-1388947.jpeg\",\"https:\\/\\/images.pexels.com\\/photos\\/719399\\/pexels-photo-719399.jpeg\",\"https:\\/\\/images.pexels.com\\/photos\\/5053740\\/pexels-photo-5053740.jpeg\"]', '', 0, 'Super titre 30', 'Sed praesentium quis soluta in excepturi voluptas. Mollitia harum minima culpa. Fugiat aperiam ut iure nulla optio accusamus laboriosam.', 238, 'Lake Babyview', '60533', '2021-01-17 16:28:12', '0000-00-00 00:00:00'),
(332, 81, 14, '[\"https:\\/\\/images.pexels.com\\/photos\\/821652\\/pexels-photo-821652.jpeg\",\"https:\\/\\/images.pexels.com\\/photos\\/1388947\\/technology-telephone-mobile-smart-1388947.jpeg\",\"https:\\/\\/images.pexels.com\\/photos\\/719399\\/pexels-photo-719399.jpeg\",\"https:\\/\\/images.pexels.com\\/photos\\/5053740\\/pexels-photo-5053740.jpeg\"]', '', 0, 'Super titre 31', 'Eaque totam velit et aliquid ab impedit assumenda. Quia adipisci qui ut ea est quis expedita. Rerum cum sapiente quis culpa qui voluptas tempore. Ducimus harum atque quis totam et impedit quis.', 423, 'West Jaunitaside', '81623-2752', '2021-01-17 16:28:12', '0000-00-00 00:00:00'),
(333, 51, 11, '[\"https:\\/\\/images.pexels.com\\/photos\\/821652\\/pexels-photo-821652.jpeg\",\"https:\\/\\/images.pexels.com\\/photos\\/1388947\\/technology-telephone-mobile-smart-1388947.jpeg\",\"https:\\/\\/images.pexels.com\\/photos\\/719399\\/pexels-photo-719399.jpeg\",\"https:\\/\\/images.pexels.com\\/photos\\/5053740\\/pexels-photo-5053740.jpeg\"]', '', 0, 'Super titre 32', 'Aliquam non facilis explicabo id rem. Placeat harum sed adipisci vitae modi quaerat quibusdam. Eos dolore eligendi neque. Itaque possimus aliquam ullam quo voluptatibus iusto.', 772, 'West Minerva', '15893', '2021-01-17 16:28:12', '0000-00-00 00:00:00'),
(334, 49, 12, '[\"https:\\/\\/images.pexels.com\\/photos\\/821652\\/pexels-photo-821652.jpeg\",\"https:\\/\\/images.pexels.com\\/photos\\/1388947\\/technology-telephone-mobile-smart-1388947.jpeg\",\"https:\\/\\/images.pexels.com\\/photos\\/719399\\/pexels-photo-719399.jpeg\",\"https:\\/\\/images.pexels.com\\/photos\\/5053740\\/pexels-photo-5053740.jpeg\"]', '', 0, 'Super titre 33', 'Nulla eum necessitatibus et eos. Et praesentium repellendus quae debitis alias. Minus non autem eos.', 290, 'Brekkemouth', '51773-0520', '2021-01-17 16:28:12', '0000-00-00 00:00:00'),
(335, 16, 3, '[\"https:\\/\\/images.pexels.com\\/photos\\/821652\\/pexels-photo-821652.jpeg\",\"https:\\/\\/images.pexels.com\\/photos\\/1388947\\/technology-telephone-mobile-smart-1388947.jpeg\",\"https:\\/\\/images.pexels.com\\/photos\\/719399\\/pexels-photo-719399.jpeg\",\"https:\\/\\/images.pexels.com\\/photos\\/5053740\\/pexels-photo-5053740.jpeg\"]', '', 0, 'Super titre 34', 'Placeat similique deleniti deleniti et. Aspernatur et laborum impedit. Provident sit sequi impedit ex sed. Quibusdam optio in aut animi qui corporis.', 981, 'Port Henry', '23082-5687', '2021-01-17 16:28:12', '0000-00-00 00:00:00'),
(336, 99, 10, '[\"https:\\/\\/images.pexels.com\\/photos\\/821652\\/pexels-photo-821652.jpeg\",\"https:\\/\\/images.pexels.com\\/photos\\/1388947\\/technology-telephone-mobile-smart-1388947.jpeg\",\"https:\\/\\/images.pexels.com\\/photos\\/719399\\/pexels-photo-719399.jpeg\",\"https:\\/\\/images.pexels.com\\/photos\\/5053740\\/pexels-photo-5053740.jpeg\"]', '', 0, 'Super titre 35', 'Commodi delectus quis mollitia culpa. Debitis omnis fuga corrupti quod ea consequatur consequatur et. Quo autem labore aut atque.', 472, 'North Nettietown', '64708-5218', '2021-01-17 16:28:12', '0000-00-00 00:00:00'),
(337, 53, 7, '[\"https:\\/\\/images.pexels.com\\/photos\\/821652\\/pexels-photo-821652.jpeg\",\"https:\\/\\/images.pexels.com\\/photos\\/1388947\\/technology-telephone-mobile-smart-1388947.jpeg\",\"https:\\/\\/images.pexels.com\\/photos\\/719399\\/pexels-photo-719399.jpeg\",\"https:\\/\\/images.pexels.com\\/photos\\/5053740\\/pexels-photo-5053740.jpeg\"]', '', 0, 'Super titre 36', 'Eos magnam natus harum rerum sit. Adipisci adipisci magnam aut ea.', 82, 'East Eldonberg', '75490-9356', '2021-01-17 16:28:12', '0000-00-00 00:00:00'),
(338, 36, 6, '[\"https:\\/\\/images.pexels.com\\/photos\\/821652\\/pexels-photo-821652.jpeg\",\"https:\\/\\/images.pexels.com\\/photos\\/1388947\\/technology-telephone-mobile-smart-1388947.jpeg\",\"https:\\/\\/images.pexels.com\\/photos\\/719399\\/pexels-photo-719399.jpeg\",\"https:\\/\\/images.pexels.com\\/photos\\/5053740\\/pexels-photo-5053740.jpeg\"]', '', 0, 'Super titre 37', 'Aliquid omnis dolore qui iure saepe. Itaque voluptatem dolorum ad ad laboriosam esse. Aut sit eius sequi exercitationem dolor veniam iure. Ut non praesentium impedit sunt.', 828, 'Frederickhaven', '60502-0294', '2021-01-17 16:28:12', '0000-00-00 00:00:00'),
(339, 92, 4, '[\"https:\\/\\/images.pexels.com\\/photos\\/821652\\/pexels-photo-821652.jpeg\",\"https:\\/\\/images.pexels.com\\/photos\\/1388947\\/technology-telephone-mobile-smart-1388947.jpeg\",\"https:\\/\\/images.pexels.com\\/photos\\/719399\\/pexels-photo-719399.jpeg\",\"https:\\/\\/images.pexels.com\\/photos\\/5053740\\/pexels-photo-5053740.jpeg\"]', '', 0, 'Super titre 38', 'Consequuntur iusto sit enim debitis odio ducimus. Qui distinctio laudantium nulla pariatur. Fugiat est modi quo natus. Repellat aut blanditiis consequuntur.', 78, 'Brendafort', '94187-4962', '2021-01-17 16:28:12', '0000-00-00 00:00:00'),
(340, 48, 12, '[\"https:\\/\\/images.pexels.com\\/photos\\/821652\\/pexels-photo-821652.jpeg\",\"https:\\/\\/images.pexels.com\\/photos\\/1388947\\/technology-telephone-mobile-smart-1388947.jpeg\",\"https:\\/\\/images.pexels.com\\/photos\\/719399\\/pexels-photo-719399.jpeg\",\"https:\\/\\/images.pexels.com\\/photos\\/5053740\\/pexels-photo-5053740.jpeg\"]', '', 0, 'Super titre 39', 'Recusandae maxime quia iure quis debitis odio. Sunt et sed nemo itaque soluta. Sint eos omnis totam pariatur necessitatibus facilis.', 840, 'Reynoldshaven', '01673-4227', '2021-01-17 16:28:12', '0000-00-00 00:00:00'),
(341, 71, 12, '[\"https:\\/\\/images.pexels.com\\/photos\\/821652\\/pexels-photo-821652.jpeg\",\"https:\\/\\/images.pexels.com\\/photos\\/1388947\\/technology-telephone-mobile-smart-1388947.jpeg\",\"https:\\/\\/images.pexels.com\\/photos\\/719399\\/pexels-photo-719399.jpeg\",\"https:\\/\\/images.pexels.com\\/photos\\/5053740\\/pexels-photo-5053740.jpeg\"]', '', 0, 'Super titre 40', 'Et accusamus asperiores ducimus rerum. Ducimus voluptatem consequatur quis quo aspernatur. Eaque asperiores voluptatem eveniet perspiciatis consequatur laboriosam soluta.', 915, 'West Jalonchester', '96259-5266', '2021-01-17 16:28:12', '0000-00-00 00:00:00'),
(342, 89, 3, '[\"https:\\/\\/images.pexels.com\\/photos\\/821652\\/pexels-photo-821652.jpeg\",\"https:\\/\\/images.pexels.com\\/photos\\/1388947\\/technology-telephone-mobile-smart-1388947.jpeg\",\"https:\\/\\/images.pexels.com\\/photos\\/719399\\/pexels-photo-719399.jpeg\",\"https:\\/\\/images.pexels.com\\/photos\\/5053740\\/pexels-photo-5053740.jpeg\"]', '', 0, 'Super titre 41', 'Et aliquam quia nisi voluptatem officia ab pariatur. Perferendis est veritatis neque maxime dolor. Maiores similique quia aliquam quae.', 20, 'Veumborough', '90104', '2021-01-17 16:28:12', '0000-00-00 00:00:00'),
(343, 94, 7, '[\"https:\\/\\/images.pexels.com\\/photos\\/821652\\/pexels-photo-821652.jpeg\",\"https:\\/\\/images.pexels.com\\/photos\\/1388947\\/technology-telephone-mobile-smart-1388947.jpeg\",\"https:\\/\\/images.pexels.com\\/photos\\/719399\\/pexels-photo-719399.jpeg\",\"https:\\/\\/images.pexels.com\\/photos\\/5053740\\/pexels-photo-5053740.jpeg\"]', '', 0, 'Super titre 42', 'Iure nam quo et quia adipisci. Velit rerum dolores magni ut at repellendus. Provident ipsum molestias quod reprehenderit velit. Dolores ducimus repudiandae qui nobis tempore qui nam.', 295, 'Francescomouth', '38332-4146', '2021-01-17 16:28:12', '0000-00-00 00:00:00'),
(344, 72, 2, '[\"https:\\/\\/images.pexels.com\\/photos\\/821652\\/pexels-photo-821652.jpeg\",\"https:\\/\\/images.pexels.com\\/photos\\/1388947\\/technology-telephone-mobile-smart-1388947.jpeg\",\"https:\\/\\/images.pexels.com\\/photos\\/719399\\/pexels-photo-719399.jpeg\",\"https:\\/\\/images.pexels.com\\/photos\\/5053740\\/pexels-photo-5053740.jpeg\"]', '', 0, 'Super titre 43', 'Voluptatum accusamus aliquam eveniet ipsam fuga. Sit molestiae error incidunt repudiandae. Qui distinctio voluptatem molestiae magnam quidem.', 775, 'Kathryneburgh', '35977', '2021-01-17 16:28:12', '0000-00-00 00:00:00'),
(345, 99, 8, '[\"https:\\/\\/images.pexels.com\\/photos\\/821652\\/pexels-photo-821652.jpeg\",\"https:\\/\\/images.pexels.com\\/photos\\/1388947\\/technology-telephone-mobile-smart-1388947.jpeg\",\"https:\\/\\/images.pexels.com\\/photos\\/719399\\/pexels-photo-719399.jpeg\",\"https:\\/\\/images.pexels.com\\/photos\\/5053740\\/pexels-photo-5053740.jpeg\"]', '', 0, 'Super titre 44', 'Eum aut maiores quaerat. Mollitia vitae ea explicabo voluptatibus deserunt quisquam. Dolor aut iusto aperiam. Accusamus ut est voluptatem sunt.', 742, 'West Walker', '50228', '2021-01-17 16:28:12', '0000-00-00 00:00:00'),
(346, 94, 9, '[\"https:\\/\\/images.pexels.com\\/photos\\/821652\\/pexels-photo-821652.jpeg\",\"https:\\/\\/images.pexels.com\\/photos\\/1388947\\/technology-telephone-mobile-smart-1388947.jpeg\",\"https:\\/\\/images.pexels.com\\/photos\\/719399\\/pexels-photo-719399.jpeg\",\"https:\\/\\/images.pexels.com\\/photos\\/5053740\\/pexels-photo-5053740.jpeg\"]', '', 0, 'Super titre 45', 'Consequatur a at et. Voluptate atque est modi quos ipsam. Quis numquam adipisci incidunt laborum.', 78, 'Osinskimouth', '72109-2868', '2021-01-17 16:28:12', '0000-00-00 00:00:00'),
(347, 72, 8, '[\"https:\\/\\/images.pexels.com\\/photos\\/821652\\/pexels-photo-821652.jpeg\",\"https:\\/\\/images.pexels.com\\/photos\\/1388947\\/technology-telephone-mobile-smart-1388947.jpeg\",\"https:\\/\\/images.pexels.com\\/photos\\/719399\\/pexels-photo-719399.jpeg\",\"https:\\/\\/images.pexels.com\\/photos\\/5053740\\/pexels-photo-5053740.jpeg\"]', '', 0, 'Super titre 46', 'Sit omnis ut eos est. Et eveniet optio molestias molestias. Doloremque ea delectus minus corrupti reiciendis ut quidem. Dolor nulla aut voluptates et animi.', 639, 'Lake Norwood', '75866', '2021-01-17 16:28:12', '0000-00-00 00:00:00'),
(348, 19, 6, '[\"https:\\/\\/images.pexels.com\\/photos\\/821652\\/pexels-photo-821652.jpeg\",\"https:\\/\\/images.pexels.com\\/photos\\/1388947\\/technology-telephone-mobile-smart-1388947.jpeg\",\"https:\\/\\/images.pexels.com\\/photos\\/719399\\/pexels-photo-719399.jpeg\",\"https:\\/\\/images.pexels.com\\/photos\\/5053740\\/pexels-photo-5053740.jpeg\"]', '', 0, 'Super titre 47', 'Molestiae voluptatibus consequatur aut ut. Sed dolores perferendis ab maiores veniam. Impedit et architecto voluptates occaecati dolor qui eos quia.', 488, 'Destiniburgh', '83292-6332', '2021-01-17 16:28:12', '0000-00-00 00:00:00'),
(349, 44, 13, '[\"https:\\/\\/images.pexels.com\\/photos\\/821652\\/pexels-photo-821652.jpeg\",\"https:\\/\\/images.pexels.com\\/photos\\/1388947\\/technology-telephone-mobile-smart-1388947.jpeg\",\"https:\\/\\/images.pexels.com\\/photos\\/719399\\/pexels-photo-719399.jpeg\",\"https:\\/\\/images.pexels.com\\/photos\\/5053740\\/pexels-photo-5053740.jpeg\"]', '', 0, 'Super titre 48', 'Vero voluptatem et magni. Quasi quas deserunt excepturi aspernatur. Voluptatem impedit laborum omnis qui est unde tenetur. Mollitia quae modi sint nostrum quo.', 725, 'Lake Darleneland', '18171', '2021-01-17 16:28:12', '0000-00-00 00:00:00'),
(350, 25, 6, '[\"https:\\/\\/images.pexels.com\\/photos\\/821652\\/pexels-photo-821652.jpeg\",\"https:\\/\\/images.pexels.com\\/photos\\/1388947\\/technology-telephone-mobile-smart-1388947.jpeg\",\"https:\\/\\/images.pexels.com\\/photos\\/719399\\/pexels-photo-719399.jpeg\",\"https:\\/\\/images.pexels.com\\/photos\\/5053740\\/pexels-photo-5053740.jpeg\"]', '', 0, 'Super titre 49', 'Non est voluptatum aut enim qui quidem non. Quidem aliquam omnis eum odio aut ab suscipit. Sunt nemo aut enim enim explicabo. At dolores reprehenderit ea enim cumque rerum.', 444, 'Ilaview', '48344', '2021-01-17 16:28:12', '0000-00-00 00:00:00'),
(351, 54, 3, '[\"https:\\/\\/images.pexels.com\\/photos\\/821652\\/pexels-photo-821652.jpeg\",\"https:\\/\\/images.pexels.com\\/photos\\/1388947\\/technology-telephone-mobile-smart-1388947.jpeg\",\"https:\\/\\/images.pexels.com\\/photos\\/719399\\/pexels-photo-719399.jpeg\",\"https:\\/\\/images.pexels.com\\/photos\\/5053740\\/pexels-photo-5053740.jpeg\"]', '', 0, 'Super titre 50', 'Pariatur totam nulla exercitationem dolore molestiae quos. Non dolorum doloremque tempore fugit. Deleniti sint commodi voluptas corporis accusantium est. Sit ducimus ab tempore et cum.', 393, 'Smithammouth', '75782-4996', '2021-01-17 16:28:12', '0000-00-00 00:00:00'),
(352, 57, 6, '[\"https:\\/\\/images.pexels.com\\/photos\\/821652\\/pexels-photo-821652.jpeg\",\"https:\\/\\/images.pexels.com\\/photos\\/1388947\\/technology-telephone-mobile-smart-1388947.jpeg\",\"https:\\/\\/images.pexels.com\\/photos\\/719399\\/pexels-photo-719399.jpeg\",\"https:\\/\\/images.pexels.com\\/photos\\/5053740\\/pexels-photo-5053740.jpeg\"]', '', 0, 'Super titre 51', 'Praesentium eos inventore ipsum ad nihil dolorum suscipit. Libero sed vel perferendis unde dignissimos. Sint eos ut fugiat fugiat. Ullam optio veniam reprehenderit eos voluptate sint aspernatur.', 387, 'Simonisville', '83496', '2021-01-17 16:28:12', '0000-00-00 00:00:00'),
(353, 15, 7, '[\"https:\\/\\/images.pexels.com\\/photos\\/821652\\/pexels-photo-821652.jpeg\",\"https:\\/\\/images.pexels.com\\/photos\\/1388947\\/technology-telephone-mobile-smart-1388947.jpeg\",\"https:\\/\\/images.pexels.com\\/photos\\/719399\\/pexels-photo-719399.jpeg\",\"https:\\/\\/images.pexels.com\\/photos\\/5053740\\/pexels-photo-5053740.jpeg\"]', '', 0, 'Super titre 52', 'Molestias est incidunt laudantium iure sit. Temporibus non nam vel nostrum. Id voluptas nulla ut fugiat reprehenderit dolores. Iste qui necessitatibus ut velit aliquid fugit assumenda.', 490, 'West Myahstad', '91829', '2021-01-17 16:28:12', '0000-00-00 00:00:00'),
(354, 15, 10, '[\"https:\\/\\/images.pexels.com\\/photos\\/821652\\/pexels-photo-821652.jpeg\",\"https:\\/\\/images.pexels.com\\/photos\\/1388947\\/technology-telephone-mobile-smart-1388947.jpeg\",\"https:\\/\\/images.pexels.com\\/photos\\/719399\\/pexels-photo-719399.jpeg\",\"https:\\/\\/images.pexels.com\\/photos\\/5053740\\/pexels-photo-5053740.jpeg\"]', '', 0, 'Super titre 53', 'Voluptatem consequuntur ea eius animi enim iusto ratione. Eveniet et officia rem ut rerum. Dolores minus vel sint.', 693, 'East Ben', '35677', '2021-01-17 16:28:12', '0000-00-00 00:00:00'),
(355, 78, 1, '[\"https:\\/\\/images.pexels.com\\/photos\\/821652\\/pexels-photo-821652.jpeg\",\"https:\\/\\/images.pexels.com\\/photos\\/1388947\\/technology-telephone-mobile-smart-1388947.jpeg\",\"https:\\/\\/images.pexels.com\\/photos\\/719399\\/pexels-photo-719399.jpeg\",\"https:\\/\\/images.pexels.com\\/photos\\/5053740\\/pexels-photo-5053740.jpeg\"]', '', 0, 'Super titre 54', 'Sint iusto quam corporis doloremque dolore nihil velit est. Aliquid perferendis facere cumque voluptates voluptas. Commodi impedit aut culpa magnam. Aliquid quo sit veritatis est.', 344, 'North Marlon', '91871', '2021-01-17 16:28:12', '0000-00-00 00:00:00'),
(356, 54, 11, '[\"https:\\/\\/images.pexels.com\\/photos\\/821652\\/pexels-photo-821652.jpeg\",\"https:\\/\\/images.pexels.com\\/photos\\/1388947\\/technology-telephone-mobile-smart-1388947.jpeg\",\"https:\\/\\/images.pexels.com\\/photos\\/719399\\/pexels-photo-719399.jpeg\",\"https:\\/\\/images.pexels.com\\/photos\\/5053740\\/pexels-photo-5053740.jpeg\"]', '', 0, 'Super titre 55', 'Quo autem quaerat quos et. Officia tenetur modi nihil repudiandae deserunt quisquam. Et veritatis ipsum rerum temporibus quam. Totam totam est maxime.', 124, 'Naderview', '61153', '2021-01-17 16:28:12', '0000-00-00 00:00:00'),
(357, 52, 6, '[\"https:\\/\\/images.pexels.com\\/photos\\/821652\\/pexels-photo-821652.jpeg\",\"https:\\/\\/images.pexels.com\\/photos\\/1388947\\/technology-telephone-mobile-smart-1388947.jpeg\",\"https:\\/\\/images.pexels.com\\/photos\\/719399\\/pexels-photo-719399.jpeg\",\"https:\\/\\/images.pexels.com\\/photos\\/5053740\\/pexels-photo-5053740.jpeg\"]', '', 0, 'Super titre 56', 'Ad fuga ea voluptates harum corrupti cupiditate. Et harum nihil ducimus. Modi at nihil et. Modi iste praesentium excepturi.', 187, 'Dibbertville', '90991', '2021-01-17 16:28:12', '0000-00-00 00:00:00'),
(358, 74, 15, '[\"https:\\/\\/images.pexels.com\\/photos\\/821652\\/pexels-photo-821652.jpeg\",\"https:\\/\\/images.pexels.com\\/photos\\/1388947\\/technology-telephone-mobile-smart-1388947.jpeg\",\"https:\\/\\/images.pexels.com\\/photos\\/719399\\/pexels-photo-719399.jpeg\",\"https:\\/\\/images.pexels.com\\/photos\\/5053740\\/pexels-photo-5053740.jpeg\"]', '', 0, 'Super titre 57', 'Earum ut et minus iste repellendus. Voluptatem omnis voluptate totam soluta rem qui occaecati. Sunt ut molestias dolores qui alias sed. Dolores atque exercitationem aut quae.', 969, 'Marvinmouth', '24823-5874', '2021-01-17 16:28:12', '0000-00-00 00:00:00'),
(359, 24, 6, '[\"https:\\/\\/images.pexels.com\\/photos\\/821652\\/pexels-photo-821652.jpeg\",\"https:\\/\\/images.pexels.com\\/photos\\/1388947\\/technology-telephone-mobile-smart-1388947.jpeg\",\"https:\\/\\/images.pexels.com\\/photos\\/719399\\/pexels-photo-719399.jpeg\",\"https:\\/\\/images.pexels.com\\/photos\\/5053740\\/pexels-photo-5053740.jpeg\"]', '', 0, 'Super titre 58', 'Eius voluptates quas modi explicabo expedita reprehenderit. Quod ut est exercitationem dolore. Et voluptas et non sit.', 597, 'Port Viva', '07561', '2021-01-17 16:28:12', '0000-00-00 00:00:00'),
(360, 5, 8, '[\"https:\\/\\/images.pexels.com\\/photos\\/821652\\/pexels-photo-821652.jpeg\",\"https:\\/\\/images.pexels.com\\/photos\\/1388947\\/technology-telephone-mobile-smart-1388947.jpeg\",\"https:\\/\\/images.pexels.com\\/photos\\/719399\\/pexels-photo-719399.jpeg\",\"https:\\/\\/images.pexels.com\\/photos\\/5053740\\/pexels-photo-5053740.jpeg\"]', '', 0, 'Super titre 59', 'Laboriosam ut quo ut ad et ea nihil. Eveniet accusamus perspiciatis recusandae non expedita.', 930, 'Nolanmouth', '73539-2614', '2021-01-17 16:28:12', '0000-00-00 00:00:00'),
(361, 21, 12, '[\"https:\\/\\/images.pexels.com\\/photos\\/821652\\/pexels-photo-821652.jpeg\",\"https:\\/\\/images.pexels.com\\/photos\\/1388947\\/technology-telephone-mobile-smart-1388947.jpeg\",\"https:\\/\\/images.pexels.com\\/photos\\/719399\\/pexels-photo-719399.jpeg\",\"https:\\/\\/images.pexels.com\\/photos\\/5053740\\/pexels-photo-5053740.jpeg\"]', '', 0, 'Super titre 60', 'Autem est maiores nihil debitis vel est. Autem quia et rerum dolorem rerum velit dolore. Aut at iusto non porro pariatur.', 754, 'Gusikowskiport', '55795', '2021-01-17 16:28:12', '0000-00-00 00:00:00'),
(362, 21, 14, '[\"https:\\/\\/images.pexels.com\\/photos\\/821652\\/pexels-photo-821652.jpeg\",\"https:\\/\\/images.pexels.com\\/photos\\/1388947\\/technology-telephone-mobile-smart-1388947.jpeg\",\"https:\\/\\/images.pexels.com\\/photos\\/719399\\/pexels-photo-719399.jpeg\",\"https:\\/\\/images.pexels.com\\/photos\\/5053740\\/pexels-photo-5053740.jpeg\"]', '', 0, 'Super titre 61', 'Vel inventore cum est commodi placeat dignissimos voluptatem. Expedita ipsum excepturi natus. Aliquid iure vitae sint et eos quia.', 855, 'Port Lueside', '87660', '2021-01-17 16:28:13', '0000-00-00 00:00:00'),
(363, 59, 10, '[\"https:\\/\\/images.pexels.com\\/photos\\/821652\\/pexels-photo-821652.jpeg\",\"https:\\/\\/images.pexels.com\\/photos\\/1388947\\/technology-telephone-mobile-smart-1388947.jpeg\",\"https:\\/\\/images.pexels.com\\/photos\\/719399\\/pexels-photo-719399.jpeg\",\"https:\\/\\/images.pexels.com\\/photos\\/5053740\\/pexels-photo-5053740.jpeg\"]', '', 0, 'Super titre 62', 'Doloribus qui velit maxime perspiciatis. Deserunt iusto saepe debitis voluptatum unde eos molestiae quos. Velit mollitia qui commodi facilis illo voluptas.', 385, 'Runteside', '37802', '2021-01-17 16:28:13', '0000-00-00 00:00:00'),
(364, 79, 15, '[\"https:\\/\\/images.pexels.com\\/photos\\/821652\\/pexels-photo-821652.jpeg\",\"https:\\/\\/images.pexels.com\\/photos\\/1388947\\/technology-telephone-mobile-smart-1388947.jpeg\",\"https:\\/\\/images.pexels.com\\/photos\\/719399\\/pexels-photo-719399.jpeg\",\"https:\\/\\/images.pexels.com\\/photos\\/5053740\\/pexels-photo-5053740.jpeg\"]', '', 0, 'Super titre 63', 'Ut nisi totam deserunt exercitationem qui minus. Alias qui minus adipisci totam sapiente ab. Odit est sunt fugiat doloribus totam.', 216, 'Wiegandchester', '27486', '2021-01-17 16:28:13', '0000-00-00 00:00:00'),
(365, 61, 3, '[\"https:\\/\\/images.pexels.com\\/photos\\/821652\\/pexels-photo-821652.jpeg\",\"https:\\/\\/images.pexels.com\\/photos\\/1388947\\/technology-telephone-mobile-smart-1388947.jpeg\",\"https:\\/\\/images.pexels.com\\/photos\\/719399\\/pexels-photo-719399.jpeg\",\"https:\\/\\/images.pexels.com\\/photos\\/5053740\\/pexels-photo-5053740.jpeg\"]', '', 0, 'Super titre 64', 'Et non ut amet recusandae. Vitae suscipit assumenda similique mollitia aut. Corrupti temporibus consectetur dolor atque impedit ducimus commodi.', 495, 'New Kayley', '66821-9094', '2021-01-17 16:28:13', '0000-00-00 00:00:00'),
(366, 74, 5, '[\"https:\\/\\/images.pexels.com\\/photos\\/821652\\/pexels-photo-821652.jpeg\",\"https:\\/\\/images.pexels.com\\/photos\\/1388947\\/technology-telephone-mobile-smart-1388947.jpeg\",\"https:\\/\\/images.pexels.com\\/photos\\/719399\\/pexels-photo-719399.jpeg\",\"https:\\/\\/images.pexels.com\\/photos\\/5053740\\/pexels-photo-5053740.jpeg\"]', '', 0, 'Super titre 65', 'Omnis ut eaque voluptas dolor possimus. Accusantium minima non repudiandae aut reiciendis. Rerum adipisci quia rerum eum vel placeat adipisci.', 834, 'South Valentinetown', '04715-5051', '2021-01-17 16:28:13', '0000-00-00 00:00:00'),
(367, 77, 5, '[\"https:\\/\\/images.pexels.com\\/photos\\/821652\\/pexels-photo-821652.jpeg\",\"https:\\/\\/images.pexels.com\\/photos\\/1388947\\/technology-telephone-mobile-smart-1388947.jpeg\",\"https:\\/\\/images.pexels.com\\/photos\\/719399\\/pexels-photo-719399.jpeg\",\"https:\\/\\/images.pexels.com\\/photos\\/5053740\\/pexels-photo-5053740.jpeg\"]', '', 0, 'Super titre 66', 'Magnam debitis molestiae quo cupiditate. Placeat aut ipsam doloribus unde eos molestiae nemo omnis. Non sunt quibusdam laudantium enim.', 816, 'Huelsbury', '46461', '2021-01-17 16:28:13', '0000-00-00 00:00:00'),
(368, 54, 9, '[\"https:\\/\\/images.pexels.com\\/photos\\/821652\\/pexels-photo-821652.jpeg\",\"https:\\/\\/images.pexels.com\\/photos\\/1388947\\/technology-telephone-mobile-smart-1388947.jpeg\",\"https:\\/\\/images.pexels.com\\/photos\\/719399\\/pexels-photo-719399.jpeg\",\"https:\\/\\/images.pexels.com\\/photos\\/5053740\\/pexels-photo-5053740.jpeg\"]', '', 0, 'Super titre 67', 'Eum sequi odit aperiam quos molestiae sint. Aut qui voluptatem corrupti cumque. Dolorem id laboriosam aliquid modi vero sed exercitationem et.', 944, 'West Odell', '88852-8365', '2021-01-17 16:28:13', '0000-00-00 00:00:00'),
(369, 13, 2, '[\"https:\\/\\/images.pexels.com\\/photos\\/821652\\/pexels-photo-821652.jpeg\",\"https:\\/\\/images.pexels.com\\/photos\\/1388947\\/technology-telephone-mobile-smart-1388947.jpeg\",\"https:\\/\\/images.pexels.com\\/photos\\/719399\\/pexels-photo-719399.jpeg\",\"https:\\/\\/images.pexels.com\\/photos\\/5053740\\/pexels-photo-5053740.jpeg\"]', '', 0, 'Super titre 68', 'Accusantium dolores quibusdam vel assumenda corrupti similique et. Dolores officiis id non velit. Delectus incidunt odio velit a ipsa autem qui. Vero possimus voluptatem nulla ut.', 161, 'Hintzberg', '52624-8739', '2021-01-17 16:28:13', '0000-00-00 00:00:00'),
(370, 98, 9, '[\"https:\\/\\/images.pexels.com\\/photos\\/821652\\/pexels-photo-821652.jpeg\",\"https:\\/\\/images.pexels.com\\/photos\\/1388947\\/technology-telephone-mobile-smart-1388947.jpeg\",\"https:\\/\\/images.pexels.com\\/photos\\/719399\\/pexels-photo-719399.jpeg\",\"https:\\/\\/images.pexels.com\\/photos\\/5053740\\/pexels-photo-5053740.jpeg\"]', '', 0, 'Super titre 69', 'Non autem reiciendis vitae deserunt ipsa. Laudantium eum fuga ipsa voluptatibus rerum eaque. Aut repellendus labore optio sit quibusdam debitis blanditiis perspiciatis.', 779, 'South Arvelport', '41993-0953', '2021-01-17 16:28:13', '0000-00-00 00:00:00'),
(371, 83, 11, '[\"https:\\/\\/images.pexels.com\\/photos\\/821652\\/pexels-photo-821652.jpeg\",\"https:\\/\\/images.pexels.com\\/photos\\/1388947\\/technology-telephone-mobile-smart-1388947.jpeg\",\"https:\\/\\/images.pexels.com\\/photos\\/719399\\/pexels-photo-719399.jpeg\",\"https:\\/\\/images.pexels.com\\/photos\\/5053740\\/pexels-photo-5053740.jpeg\"]', '', 0, 'Super titre 70', 'Numquam facere ullam officiis doloremque. Non enim consequuntur aliquid minus veritatis. Rerum illo eos quo deserunt.', 168, 'Brookchester', '01771', '2021-01-17 16:28:13', '0000-00-00 00:00:00'),
(372, 84, 6, '[\"https:\\/\\/images.pexels.com\\/photos\\/821652\\/pexels-photo-821652.jpeg\",\"https:\\/\\/images.pexels.com\\/photos\\/1388947\\/technology-telephone-mobile-smart-1388947.jpeg\",\"https:\\/\\/images.pexels.com\\/photos\\/719399\\/pexels-photo-719399.jpeg\",\"https:\\/\\/images.pexels.com\\/photos\\/5053740\\/pexels-photo-5053740.jpeg\"]', '', 0, 'Super titre 71', 'Quo voluptatem aut molestiae. Natus error voluptas ex sed soluta debitis. Vel dignissimos enim velit tempore impedit. Hic eaque alias consequatur at et est. Natus aliquid architecto et minima.', 978, 'Parisianport', '65053', '2021-01-17 16:28:13', '0000-00-00 00:00:00');
INSERT INTO `posts` (`id`, `id_user`, `id_breakdown_category`, `images`, `cover_image`, `is_solved`, `title`, `content`, `budget`, `city`, `postal_code`, `created_at`, `updated_at`) VALUES
(373, 7, 14, '[\"https:\\/\\/images.pexels.com\\/photos\\/821652\\/pexels-photo-821652.jpeg\",\"https:\\/\\/images.pexels.com\\/photos\\/1388947\\/technology-telephone-mobile-smart-1388947.jpeg\",\"https:\\/\\/images.pexels.com\\/photos\\/719399\\/pexels-photo-719399.jpeg\",\"https:\\/\\/images.pexels.com\\/photos\\/5053740\\/pexels-photo-5053740.jpeg\"]', '', 0, 'Super titre 72', 'Fugit sit ut officiis maiores quo quod animi harum. Vel consequatur nobis iure. Illum ipsam est pariatur a illum. Et molestias tenetur unde rerum fugiat ut. Quas dolor sit incidunt magni.', 848, 'North Gunnarton', '54158', '2021-01-17 16:28:13', '0000-00-00 00:00:00'),
(374, 53, 9, '[\"https:\\/\\/images.pexels.com\\/photos\\/821652\\/pexels-photo-821652.jpeg\",\"https:\\/\\/images.pexels.com\\/photos\\/1388947\\/technology-telephone-mobile-smart-1388947.jpeg\",\"https:\\/\\/images.pexels.com\\/photos\\/719399\\/pexels-photo-719399.jpeg\",\"https:\\/\\/images.pexels.com\\/photos\\/5053740\\/pexels-photo-5053740.jpeg\"]', '', 0, 'Super titre 73', 'Iusto adipisci quia illum est non et beatae. Officia quia aut ipsum eveniet enim sunt illum qui. Voluptatibus et et rerum et officia illum.', 820, 'Avaville', '52251', '2021-01-17 16:28:13', '0000-00-00 00:00:00'),
(375, 96, 14, '[\"https:\\/\\/images.pexels.com\\/photos\\/821652\\/pexels-photo-821652.jpeg\",\"https:\\/\\/images.pexels.com\\/photos\\/1388947\\/technology-telephone-mobile-smart-1388947.jpeg\",\"https:\\/\\/images.pexels.com\\/photos\\/719399\\/pexels-photo-719399.jpeg\",\"https:\\/\\/images.pexels.com\\/photos\\/5053740\\/pexels-photo-5053740.jpeg\"]', '', 0, 'Super titre 74', 'Et aut ullam vitae ea commodi excepturi atque rem. Tempora aut maiores asperiores eos. Cum voluptatem ut aut quo omnis.', 148, 'Wardburgh', '41753-8441', '2021-01-17 16:28:13', '0000-00-00 00:00:00'),
(376, 33, 7, '[\"https:\\/\\/images.pexels.com\\/photos\\/821652\\/pexels-photo-821652.jpeg\",\"https:\\/\\/images.pexels.com\\/photos\\/1388947\\/technology-telephone-mobile-smart-1388947.jpeg\",\"https:\\/\\/images.pexels.com\\/photos\\/719399\\/pexels-photo-719399.jpeg\",\"https:\\/\\/images.pexels.com\\/photos\\/5053740\\/pexels-photo-5053740.jpeg\"]', '', 0, 'Super titre 75', 'Est eos sed sit culpa ipsum odit consequatur. Aut doloribus illum at et. Nostrum architecto facere voluptates. Dignissimos qui aliquam hic sunt sint voluptatum qui vero.', 882, 'Bonniehaven', '07890-6098', '2021-01-17 16:28:13', '0000-00-00 00:00:00'),
(377, 57, 1, '[\"https:\\/\\/images.pexels.com\\/photos\\/821652\\/pexels-photo-821652.jpeg\",\"https:\\/\\/images.pexels.com\\/photos\\/1388947\\/technology-telephone-mobile-smart-1388947.jpeg\",\"https:\\/\\/images.pexels.com\\/photos\\/719399\\/pexels-photo-719399.jpeg\",\"https:\\/\\/images.pexels.com\\/photos\\/5053740\\/pexels-photo-5053740.jpeg\"]', '', 0, 'Super titre 76', 'Unde asperiores neque quia accusamus. Eos dolorem non eveniet.', 781, 'Cummeratahaven', '79231', '2021-01-17 16:28:13', '0000-00-00 00:00:00'),
(378, 56, 12, '[\"https:\\/\\/images.pexels.com\\/photos\\/821652\\/pexels-photo-821652.jpeg\",\"https:\\/\\/images.pexels.com\\/photos\\/1388947\\/technology-telephone-mobile-smart-1388947.jpeg\",\"https:\\/\\/images.pexels.com\\/photos\\/719399\\/pexels-photo-719399.jpeg\",\"https:\\/\\/images.pexels.com\\/photos\\/5053740\\/pexels-photo-5053740.jpeg\"]', '', 0, 'Super titre 77', 'Id molestias quo voluptatem et ut voluptate a. Aliquam minus omnis dicta quaerat rerum. At pariatur dolores omnis qui.', 834, 'East Kaileefort', '43773', '2021-01-17 16:28:13', '0000-00-00 00:00:00'),
(379, 55, 6, '[\"https:\\/\\/images.pexels.com\\/photos\\/821652\\/pexels-photo-821652.jpeg\",\"https:\\/\\/images.pexels.com\\/photos\\/1388947\\/technology-telephone-mobile-smart-1388947.jpeg\",\"https:\\/\\/images.pexels.com\\/photos\\/719399\\/pexels-photo-719399.jpeg\",\"https:\\/\\/images.pexels.com\\/photos\\/5053740\\/pexels-photo-5053740.jpeg\"]', '', 0, 'Super titre 78', 'Aut atque et nulla iusto et. Non ut aperiam facere esse provident excepturi molestiae. Similique veniam reprehenderit autem.', 279, 'South Bradley', '81090-3899', '2021-01-17 16:28:13', '0000-00-00 00:00:00'),
(380, 55, 11, '[\"https:\\/\\/images.pexels.com\\/photos\\/821652\\/pexels-photo-821652.jpeg\",\"https:\\/\\/images.pexels.com\\/photos\\/1388947\\/technology-telephone-mobile-smart-1388947.jpeg\",\"https:\\/\\/images.pexels.com\\/photos\\/719399\\/pexels-photo-719399.jpeg\",\"https:\\/\\/images.pexels.com\\/photos\\/5053740\\/pexels-photo-5053740.jpeg\"]', '', 0, 'Super titre 79', 'Ut quod quae consequatur officiis eos. Animi aliquid illo tempora dicta modi accusantium aut. Omnis vitae voluptates est natus magnam et hic. Officia voluptatem eveniet dolor eaque itaque.', 10, 'Carminebury', '67469', '2021-01-17 16:28:13', '0000-00-00 00:00:00'),
(381, 18, 4, '[\"https:\\/\\/images.pexels.com\\/photos\\/821652\\/pexels-photo-821652.jpeg\",\"https:\\/\\/images.pexels.com\\/photos\\/1388947\\/technology-telephone-mobile-smart-1388947.jpeg\",\"https:\\/\\/images.pexels.com\\/photos\\/719399\\/pexels-photo-719399.jpeg\",\"https:\\/\\/images.pexels.com\\/photos\\/5053740\\/pexels-photo-5053740.jpeg\"]', '', 0, 'Super titre 80', 'Qui enim qui adipisci. Voluptate est maiores ab et nisi veritatis. Quasi eum ea iusto omnis et accusantium.', 196, 'East Hendersonmouth', '77136', '2021-01-17 16:28:13', '0000-00-00 00:00:00'),
(382, 90, 15, '[\"https:\\/\\/images.pexels.com\\/photos\\/821652\\/pexels-photo-821652.jpeg\",\"https:\\/\\/images.pexels.com\\/photos\\/1388947\\/technology-telephone-mobile-smart-1388947.jpeg\",\"https:\\/\\/images.pexels.com\\/photos\\/719399\\/pexels-photo-719399.jpeg\",\"https:\\/\\/images.pexels.com\\/photos\\/5053740\\/pexels-photo-5053740.jpeg\"]', '', 0, 'Super titre 81', 'Et perferendis sequi quia dolorum sint omnis ut et. Maxime consectetur iure modi aspernatur qui. Sint rerum omnis reiciendis cupiditate. Sed distinctio voluptas est earum natus. Sunt at sed sequi.', 616, 'North Fred', '03092', '2021-01-17 16:28:13', '0000-00-00 00:00:00'),
(383, 14, 15, '[\"https:\\/\\/images.pexels.com\\/photos\\/821652\\/pexels-photo-821652.jpeg\",\"https:\\/\\/images.pexels.com\\/photos\\/1388947\\/technology-telephone-mobile-smart-1388947.jpeg\",\"https:\\/\\/images.pexels.com\\/photos\\/719399\\/pexels-photo-719399.jpeg\",\"https:\\/\\/images.pexels.com\\/photos\\/5053740\\/pexels-photo-5053740.jpeg\"]', '', 0, 'Super titre 82', 'Vero quia sapiente harum ut in corrupti. Aut ut nam repellendus cum corrupti tempora vel. Doloremque modi soluta nostrum excepturi repellat. Fuga quasi qui distinctio aut nobis.', 517, 'D\'Amoreton', '70970-7217', '2021-01-17 16:28:13', '0000-00-00 00:00:00'),
(384, 58, 3, '[\"https:\\/\\/images.pexels.com\\/photos\\/821652\\/pexels-photo-821652.jpeg\",\"https:\\/\\/images.pexels.com\\/photos\\/1388947\\/technology-telephone-mobile-smart-1388947.jpeg\",\"https:\\/\\/images.pexels.com\\/photos\\/719399\\/pexels-photo-719399.jpeg\",\"https:\\/\\/images.pexels.com\\/photos\\/5053740\\/pexels-photo-5053740.jpeg\"]', '', 0, 'Super titre 83', 'Quis voluptatum voluptatem maxime voluptas blanditiis ut eveniet. Laudantium quo non voluptas et rerum quia. Id sit illo tenetur quidem. Eos officiis fugit et sit. Quia nisi quaerat officiis rem.', 972, 'Pfannerstillview', '63160', '2021-01-17 16:28:13', '0000-00-00 00:00:00'),
(385, 23, 2, '[\"https:\\/\\/images.pexels.com\\/photos\\/821652\\/pexels-photo-821652.jpeg\",\"https:\\/\\/images.pexels.com\\/photos\\/1388947\\/technology-telephone-mobile-smart-1388947.jpeg\",\"https:\\/\\/images.pexels.com\\/photos\\/719399\\/pexels-photo-719399.jpeg\",\"https:\\/\\/images.pexels.com\\/photos\\/5053740\\/pexels-photo-5053740.jpeg\"]', '', 0, 'Super titre 84', 'Sint reiciendis adipisci adipisci repellat eos nam. Aut dicta consequatur illum temporibus. Esse nam quisquam maxime explicabo non cumque.', 339, 'Hartmannchester', '10580', '2021-01-17 16:28:13', '0000-00-00 00:00:00'),
(386, 98, 12, '[\"https:\\/\\/images.pexels.com\\/photos\\/821652\\/pexels-photo-821652.jpeg\",\"https:\\/\\/images.pexels.com\\/photos\\/1388947\\/technology-telephone-mobile-smart-1388947.jpeg\",\"https:\\/\\/images.pexels.com\\/photos\\/719399\\/pexels-photo-719399.jpeg\",\"https:\\/\\/images.pexels.com\\/photos\\/5053740\\/pexels-photo-5053740.jpeg\"]', '', 0, 'Super titre 85', 'Ut nesciunt ea cum. Culpa voluptates quae odit beatae ut aliquam fuga quae. Nihil libero et fugiat beatae sapiente. Aut omnis laboriosam iste qui.', 131, 'North Marlen', '23347-5128', '2021-01-17 16:28:13', '0000-00-00 00:00:00'),
(387, 100, 7, '[\"https:\\/\\/images.pexels.com\\/photos\\/821652\\/pexels-photo-821652.jpeg\",\"https:\\/\\/images.pexels.com\\/photos\\/1388947\\/technology-telephone-mobile-smart-1388947.jpeg\",\"https:\\/\\/images.pexels.com\\/photos\\/719399\\/pexels-photo-719399.jpeg\",\"https:\\/\\/images.pexels.com\\/photos\\/5053740\\/pexels-photo-5053740.jpeg\"]', '', 0, 'Super titre 86', 'Sit sed saepe velit modi. Illum placeat rerum qui repellat amet beatae sit. Modi sint nihil eaque saepe sapiente ut.', 643, 'Ashtynfort', '41579-3178', '2021-01-17 16:28:13', '0000-00-00 00:00:00'),
(388, 5, 6, '[\"https:\\/\\/images.pexels.com\\/photos\\/821652\\/pexels-photo-821652.jpeg\",\"https:\\/\\/images.pexels.com\\/photos\\/1388947\\/technology-telephone-mobile-smart-1388947.jpeg\",\"https:\\/\\/images.pexels.com\\/photos\\/719399\\/pexels-photo-719399.jpeg\",\"https:\\/\\/images.pexels.com\\/photos\\/5053740\\/pexels-photo-5053740.jpeg\"]', '', 0, 'Super titre 87', 'Quia consectetur aliquam dolorem quo sunt. Qui nam laborum nemo similique deleniti. Impedit laudantium nisi molestiae quia.', 468, 'Lake Eugenia', '80873', '2021-01-17 16:28:13', '0000-00-00 00:00:00'),
(389, 63, 4, '[\"https:\\/\\/images.pexels.com\\/photos\\/821652\\/pexels-photo-821652.jpeg\",\"https:\\/\\/images.pexels.com\\/photos\\/1388947\\/technology-telephone-mobile-smart-1388947.jpeg\",\"https:\\/\\/images.pexels.com\\/photos\\/719399\\/pexels-photo-719399.jpeg\",\"https:\\/\\/images.pexels.com\\/photos\\/5053740\\/pexels-photo-5053740.jpeg\"]', '', 0, 'Super titre 88', 'Amet hic voluptatum unde qui nobis voluptas sequi. Nulla non est harum laboriosam vero in ut pariatur. Doloremque nihil aspernatur accusantium et dolorem voluptatem sed.', 89, 'Khalidchester', '17675-0767', '2021-01-17 16:28:13', '0000-00-00 00:00:00'),
(390, 74, 2, '[\"https:\\/\\/images.pexels.com\\/photos\\/821652\\/pexels-photo-821652.jpeg\",\"https:\\/\\/images.pexels.com\\/photos\\/1388947\\/technology-telephone-mobile-smart-1388947.jpeg\",\"https:\\/\\/images.pexels.com\\/photos\\/719399\\/pexels-photo-719399.jpeg\",\"https:\\/\\/images.pexels.com\\/photos\\/5053740\\/pexels-photo-5053740.jpeg\"]', '', 0, 'Super titre 89', 'Eveniet natus est iure deserunt voluptas et tempore. Nostrum similique dignissimos nostrum eum iusto voluptatem. Id et dolore sit. Occaecati illo vitae corporis praesentium maxime enim.', 115, 'West Zoie', '37767-6224', '2021-01-17 16:28:13', '0000-00-00 00:00:00'),
(391, 53, 12, '[\"https:\\/\\/images.pexels.com\\/photos\\/821652\\/pexels-photo-821652.jpeg\",\"https:\\/\\/images.pexels.com\\/photos\\/1388947\\/technology-telephone-mobile-smart-1388947.jpeg\",\"https:\\/\\/images.pexels.com\\/photos\\/719399\\/pexels-photo-719399.jpeg\",\"https:\\/\\/images.pexels.com\\/photos\\/5053740\\/pexels-photo-5053740.jpeg\"]', '', 0, 'Super titre 90', 'Quis sint et fuga dolorem. Dolores sequi et sed deleniti sequi ratione. Qui pariatur mollitia voluptas voluptatem.', 363, 'Kingtown', '63193-7979', '2021-01-17 16:28:13', '0000-00-00 00:00:00'),
(392, 77, 13, '[\"https:\\/\\/images.pexels.com\\/photos\\/821652\\/pexels-photo-821652.jpeg\",\"https:\\/\\/images.pexels.com\\/photos\\/1388947\\/technology-telephone-mobile-smart-1388947.jpeg\",\"https:\\/\\/images.pexels.com\\/photos\\/719399\\/pexels-photo-719399.jpeg\",\"https:\\/\\/images.pexels.com\\/photos\\/5053740\\/pexels-photo-5053740.jpeg\"]', '', 0, 'Super titre 91', 'Nisi animi quia et molestiae vel blanditiis. Molestiae qui aut corporis aut vel velit qui. Ea asperiores impedit sed consequatur sed quam. Harum tempora voluptas nobis cupiditate.', 975, 'Reillyfurt', '96516', '2021-01-17 16:28:13', '0000-00-00 00:00:00'),
(393, 87, 5, '[\"https:\\/\\/images.pexels.com\\/photos\\/821652\\/pexels-photo-821652.jpeg\",\"https:\\/\\/images.pexels.com\\/photos\\/1388947\\/technology-telephone-mobile-smart-1388947.jpeg\",\"https:\\/\\/images.pexels.com\\/photos\\/719399\\/pexels-photo-719399.jpeg\",\"https:\\/\\/images.pexels.com\\/photos\\/5053740\\/pexels-photo-5053740.jpeg\"]', '', 0, 'Super titre 92', 'Recusandae aut dolorem dolorem itaque accusamus. Reprehenderit consequuntur ad asperiores odit culpa suscipit vero sunt. Qui ea quae voluptatem esse. Odio eligendi corrupti qui vel qui aliquam.', 278, 'Bauchfort', '69598', '2021-01-17 16:28:13', '0000-00-00 00:00:00'),
(394, 30, 14, '[\"https:\\/\\/images.pexels.com\\/photos\\/821652\\/pexels-photo-821652.jpeg\",\"https:\\/\\/images.pexels.com\\/photos\\/1388947\\/technology-telephone-mobile-smart-1388947.jpeg\",\"https:\\/\\/images.pexels.com\\/photos\\/719399\\/pexels-photo-719399.jpeg\",\"https:\\/\\/images.pexels.com\\/photos\\/5053740\\/pexels-photo-5053740.jpeg\"]', '', 0, 'Super titre 93', 'Ipsam optio sed esse recusandae. Qui deleniti deleniti sed dolore. Possimus modi exercitationem saepe laudantium qui dolor. Eligendi provident quis vel. Eos in saepe sit molestiae ipsam.', 756, 'East Davon', '48144', '2021-01-17 16:28:13', '0000-00-00 00:00:00'),
(395, 8, 2, '[\"https:\\/\\/images.pexels.com\\/photos\\/821652\\/pexels-photo-821652.jpeg\",\"https:\\/\\/images.pexels.com\\/photos\\/1388947\\/technology-telephone-mobile-smart-1388947.jpeg\",\"https:\\/\\/images.pexels.com\\/photos\\/719399\\/pexels-photo-719399.jpeg\",\"https:\\/\\/images.pexels.com\\/photos\\/5053740\\/pexels-photo-5053740.jpeg\"]', '', 0, 'Super titre 94', 'Consequuntur aut at aut iste tenetur suscipit quasi laborum. Officiis aspernatur quos qui ut ratione cum cupiditate.', 833, 'South Constantin', '53210', '2021-01-17 16:28:13', '0000-00-00 00:00:00'),
(396, 47, 10, '[\"https:\\/\\/images.pexels.com\\/photos\\/821652\\/pexels-photo-821652.jpeg\",\"https:\\/\\/images.pexels.com\\/photos\\/1388947\\/technology-telephone-mobile-smart-1388947.jpeg\",\"https:\\/\\/images.pexels.com\\/photos\\/719399\\/pexels-photo-719399.jpeg\",\"https:\\/\\/images.pexels.com\\/photos\\/5053740\\/pexels-photo-5053740.jpeg\"]', '', 0, 'Super titre 95', 'Asperiores placeat non dolor sed aut earum. Voluptatibus atque nihil asperiores libero. Quos sed ut illum dicta quia est aliquid. Ut expedita exercitationem ratione similique nisi et.', 588, 'Mistymouth', '84295', '2021-01-17 16:28:13', '0000-00-00 00:00:00'),
(397, 61, 5, '[\"https:\\/\\/images.pexels.com\\/photos\\/821652\\/pexels-photo-821652.jpeg\",\"https:\\/\\/images.pexels.com\\/photos\\/1388947\\/technology-telephone-mobile-smart-1388947.jpeg\",\"https:\\/\\/images.pexels.com\\/photos\\/719399\\/pexels-photo-719399.jpeg\",\"https:\\/\\/images.pexels.com\\/photos\\/5053740\\/pexels-photo-5053740.jpeg\"]', '', 0, 'Super titre 96', 'Cumque explicabo aut explicabo eum consequatur expedita. Vel aut aliquid et quo esse unde fugit consectetur.', 641, 'Macberg', '10456-4812', '2021-01-17 16:28:13', '0000-00-00 00:00:00'),
(398, 50, 8, '[\"https:\\/\\/images.pexels.com\\/photos\\/821652\\/pexels-photo-821652.jpeg\",\"https:\\/\\/images.pexels.com\\/photos\\/1388947\\/technology-telephone-mobile-smart-1388947.jpeg\",\"https:\\/\\/images.pexels.com\\/photos\\/719399\\/pexels-photo-719399.jpeg\",\"https:\\/\\/images.pexels.com\\/photos\\/5053740\\/pexels-photo-5053740.jpeg\"]', '', 0, 'Super titre 97', 'Laboriosam quas consequatur qui totam. Sint id sequi dolores.', 147, 'Kshlerinside', '04564-8491', '2021-01-17 16:28:13', '0000-00-00 00:00:00'),
(399, 62, 13, '[\"https:\\/\\/images.pexels.com\\/photos\\/821652\\/pexels-photo-821652.jpeg\",\"https:\\/\\/images.pexels.com\\/photos\\/1388947\\/technology-telephone-mobile-smart-1388947.jpeg\",\"https:\\/\\/images.pexels.com\\/photos\\/719399\\/pexels-photo-719399.jpeg\",\"https:\\/\\/images.pexels.com\\/photos\\/5053740\\/pexels-photo-5053740.jpeg\"]', '', 0, 'Super titre 98', 'Perspiciatis aut mollitia esse totam sunt aperiam. Dolores ut omnis sint laborum voluptas sunt fugiat debitis. Vel dolor qui laudantium animi nam at. Iure alias repudiandae vel eum.', 5, 'Dickensmouth', '97264-9994', '2021-01-17 16:28:13', '0000-00-00 00:00:00'),
(400, 55, 4, '[\"https:\\/\\/images.pexels.com\\/photos\\/821652\\/pexels-photo-821652.jpeg\",\"https:\\/\\/images.pexels.com\\/photos\\/1388947\\/technology-telephone-mobile-smart-1388947.jpeg\",\"https:\\/\\/images.pexels.com\\/photos\\/719399\\/pexels-photo-719399.jpeg\",\"https:\\/\\/images.pexels.com\\/photos\\/5053740\\/pexels-photo-5053740.jpeg\"]', '', 0, 'Super titre 99', 'Consequatur rerum corporis eius. Exercitationem earum molestiae sed corrupti illum autem facere. Fuga perspiciatis nisi enim aperiam adipisci cupiditate.', 113, 'South Geo', '04391', '2021-01-17 16:28:13', '0000-00-00 00:00:00'),
(401, 91, 3, '[\"https:\\/\\/images.pexels.com\\/photos\\/821652\\/pexels-photo-821652.jpeg\",\"https:\\/\\/images.pexels.com\\/photos\\/1388947\\/technology-telephone-mobile-smart-1388947.jpeg\",\"https:\\/\\/images.pexels.com\\/photos\\/719399\\/pexels-photo-719399.jpeg\",\"https:\\/\\/images.pexels.com\\/photos\\/5053740\\/pexels-photo-5053740.jpeg\"]', 'https://images.pexels.com/photos/719399/pexels-photo-719399.jpeg', 0, 'Super titre 0', 'Nihil cupiditate ipsa perspiciatis quos quis quidem. Itaque qui quia quam ut dicta hic. Nam dolores voluptas at odio ut impedit eius. Vel consequuntur omnis dolorum voluptatem.', 741, 'Enidberg', '27506-9053', '2021-01-17 17:03:17', '0000-00-00 00:00:00'),
(402, 39, 18, '[\"https:\\/\\/images.pexels.com\\/photos\\/821652\\/pexels-photo-821652.jpeg\",\"https:\\/\\/images.pexels.com\\/photos\\/1388947\\/technology-telephone-mobile-smart-1388947.jpeg\",\"https:\\/\\/images.pexels.com\\/photos\\/719399\\/pexels-photo-719399.jpeg\",\"https:\\/\\/images.pexels.com\\/photos\\/5053740\\/pexels-photo-5053740.jpeg\"]', 'https://images.pexels.com/photos/719399/pexels-photo-719399.jpeg', 0, 'Super titre 1', 'Ipsam quo incidunt quisquam a aut. Atque aut alias accusantium quae. Corporis perferendis tempora eum et et cupiditate eveniet.', 603, 'Farrellfurt', '53680-4250', '2021-01-17 17:03:17', '0000-00-00 00:00:00'),
(403, 8, 14, '[\"https:\\/\\/images.pexels.com\\/photos\\/821652\\/pexels-photo-821652.jpeg\",\"https:\\/\\/images.pexels.com\\/photos\\/1388947\\/technology-telephone-mobile-smart-1388947.jpeg\",\"https:\\/\\/images.pexels.com\\/photos\\/719399\\/pexels-photo-719399.jpeg\",\"https:\\/\\/images.pexels.com\\/photos\\/5053740\\/pexels-photo-5053740.jpeg\"]', 'https://images.pexels.com/photos/719399/pexels-photo-719399.jpeg', 0, 'Super titre 2', 'Laboriosam nisi culpa molestiae a labore cumque. Iure fugiat illum ut nihil voluptates accusantium impedit iusto. Recusandae doloremque rerum cumque ex quisquam est repudiandae.', 66, 'Port Clintonshire', '27407', '2021-01-17 17:03:17', '0000-00-00 00:00:00'),
(404, 35, 18, '[\"https:\\/\\/images.pexels.com\\/photos\\/821652\\/pexels-photo-821652.jpeg\",\"https:\\/\\/images.pexels.com\\/photos\\/1388947\\/technology-telephone-mobile-smart-1388947.jpeg\",\"https:\\/\\/images.pexels.com\\/photos\\/719399\\/pexels-photo-719399.jpeg\",\"https:\\/\\/images.pexels.com\\/photos\\/5053740\\/pexels-photo-5053740.jpeg\"]', 'https://images.pexels.com/photos/719399/pexels-photo-719399.jpeg', 0, 'Super titre 3', 'Et aut quo praesentium beatae. Pariatur quo delectus in nulla eos sunt. Optio sed tenetur et sit veniam maxime.', 691, 'Cormiermouth', '60819', '2021-01-17 17:03:17', '0000-00-00 00:00:00'),
(405, 69, 15, '[\"https:\\/\\/images.pexels.com\\/photos\\/821652\\/pexels-photo-821652.jpeg\",\"https:\\/\\/images.pexels.com\\/photos\\/1388947\\/technology-telephone-mobile-smart-1388947.jpeg\",\"https:\\/\\/images.pexels.com\\/photos\\/719399\\/pexels-photo-719399.jpeg\",\"https:\\/\\/images.pexels.com\\/photos\\/5053740\\/pexels-photo-5053740.jpeg\"]', 'https://images.pexels.com/photos/1388947/technology-telephone-mobile-smart-1388947.jpeg', 0, 'Super titre 4', 'Atque eligendi dicta laborum libero. Ratione sapiente est ipsa neque deserunt animi. Autem esse eum fugiat et qui et iste. Et hic quaerat eos.', 619, 'Juliusmouth', '44233-3251', '2021-01-17 17:03:17', '0000-00-00 00:00:00'),
(406, 98, 8, '[\"https:\\/\\/images.pexels.com\\/photos\\/821652\\/pexels-photo-821652.jpeg\",\"https:\\/\\/images.pexels.com\\/photos\\/1388947\\/technology-telephone-mobile-smart-1388947.jpeg\",\"https:\\/\\/images.pexels.com\\/photos\\/719399\\/pexels-photo-719399.jpeg\",\"https:\\/\\/images.pexels.com\\/photos\\/5053740\\/pexels-photo-5053740.jpeg\"]', 'https://images.pexels.com/photos/1388947/technology-telephone-mobile-smart-1388947.jpeg', 0, 'Super titre 5', 'Minus odit eum consequuntur architecto sunt porro vel vel. Veniam illum libero veniam esse rerum error. Est quos sunt debitis amet maiores iste magni.', 10, 'Alenaville', '89367', '2021-01-17 17:03:17', '0000-00-00 00:00:00'),
(407, 78, 15, '[\"https:\\/\\/images.pexels.com\\/photos\\/821652\\/pexels-photo-821652.jpeg\",\"https:\\/\\/images.pexels.com\\/photos\\/1388947\\/technology-telephone-mobile-smart-1388947.jpeg\",\"https:\\/\\/images.pexels.com\\/photos\\/719399\\/pexels-photo-719399.jpeg\",\"https:\\/\\/images.pexels.com\\/photos\\/5053740\\/pexels-photo-5053740.jpeg\"]', 'https://images.pexels.com/photos/1388947/technology-telephone-mobile-smart-1388947.jpeg', 0, 'Super titre 6', 'Praesentium non aut rerum adipisci occaecati. Perspiciatis est amet id. Atque qui qui unde magni perferendis error. Ullam sit soluta rerum temporibus ducimus laboriosam reprehenderit laudantium.', 525, 'Orrinside', '61786', '2021-01-17 17:03:17', '0000-00-00 00:00:00'),
(408, 99, 16, '[\"https:\\/\\/images.pexels.com\\/photos\\/821652\\/pexels-photo-821652.jpeg\",\"https:\\/\\/images.pexels.com\\/photos\\/1388947\\/technology-telephone-mobile-smart-1388947.jpeg\",\"https:\\/\\/images.pexels.com\\/photos\\/719399\\/pexels-photo-719399.jpeg\",\"https:\\/\\/images.pexels.com\\/photos\\/5053740\\/pexels-photo-5053740.jpeg\"]', 'https://images.pexels.com/photos/1388947/technology-telephone-mobile-smart-1388947.jpeg', 0, 'Super titre 7', 'Eum excepturi quis expedita quia aperiam est voluptatem. Sint animi inventore porro ut iusto. Est omnis nisi quod sed. Incidunt libero id earum est fuga ut illo nobis.', 311, 'Cruickshankfort', '94097-6161', '2021-01-17 17:03:17', '0000-00-00 00:00:00'),
(409, 77, 1, '[\"https:\\/\\/images.pexels.com\\/photos\\/821652\\/pexels-photo-821652.jpeg\",\"https:\\/\\/images.pexels.com\\/photos\\/1388947\\/technology-telephone-mobile-smart-1388947.jpeg\",\"https:\\/\\/images.pexels.com\\/photos\\/719399\\/pexels-photo-719399.jpeg\",\"https:\\/\\/images.pexels.com\\/photos\\/5053740\\/pexels-photo-5053740.jpeg\"]', 'https://images.pexels.com/photos/821652/pexels-photo-821652.jpeg', 0, 'Super titre 8', 'Debitis id libero vero dolore ducimus aperiam sint aut. Fugit odit error qui enim autem aperiam. Aut odio omnis debitis.', 540, 'Trentberg', '08788', '2021-01-17 17:03:17', '0000-00-00 00:00:00'),
(410, 97, 8, '[\"https:\\/\\/images.pexels.com\\/photos\\/821652\\/pexels-photo-821652.jpeg\",\"https:\\/\\/images.pexels.com\\/photos\\/1388947\\/technology-telephone-mobile-smart-1388947.jpeg\",\"https:\\/\\/images.pexels.com\\/photos\\/719399\\/pexels-photo-719399.jpeg\",\"https:\\/\\/images.pexels.com\\/photos\\/5053740\\/pexels-photo-5053740.jpeg\"]', 'https://images.pexels.com/photos/1388947/technology-telephone-mobile-smart-1388947.jpeg', 0, 'Super titre 9', 'Sed iusto consequatur adipisci officiis illo ut repellat. Libero est sit est molestias voluptas voluptate. Omnis ab voluptas sed et totam.', 477, 'West Eliezer', '66664', '2021-01-17 17:03:17', '0000-00-00 00:00:00'),
(411, 6, 9, '[\"https:\\/\\/images.pexels.com\\/photos\\/821652\\/pexels-photo-821652.jpeg\",\"https:\\/\\/images.pexels.com\\/photos\\/1388947\\/technology-telephone-mobile-smart-1388947.jpeg\",\"https:\\/\\/images.pexels.com\\/photos\\/719399\\/pexels-photo-719399.jpeg\",\"https:\\/\\/images.pexels.com\\/photos\\/5053740\\/pexels-photo-5053740.jpeg\"]', 'https://images.pexels.com/photos/1388947/technology-telephone-mobile-smart-1388947.jpeg', 0, 'Super titre 10', 'Ut cupiditate ea consequatur quibusdam dolores. Officia facere cum et. Deleniti est qui sit exercitationem sit. Quia veritatis velit voluptatem facere ad architecto eum.', 123, 'Berryhaven', '01387', '2021-01-17 17:03:17', '0000-00-00 00:00:00'),
(412, 51, 15, '[\"https:\\/\\/images.pexels.com\\/photos\\/821652\\/pexels-photo-821652.jpeg\",\"https:\\/\\/images.pexels.com\\/photos\\/1388947\\/technology-telephone-mobile-smart-1388947.jpeg\",\"https:\\/\\/images.pexels.com\\/photos\\/719399\\/pexels-photo-719399.jpeg\",\"https:\\/\\/images.pexels.com\\/photos\\/5053740\\/pexels-photo-5053740.jpeg\"]', 'https://images.pexels.com/photos/821652/pexels-photo-821652.jpeg', 0, 'Super titre 11', 'Eveniet vel consequatur ut porro et libero. Adipisci doloribus voluptas dignissimos nihil error ut asperiores asperiores. Sit et et non non quod delectus adipisci.', 210, 'South Jaredborough', '51197', '2021-01-17 17:03:17', '0000-00-00 00:00:00'),
(413, 84, 4, '[\"https:\\/\\/images.pexels.com\\/photos\\/821652\\/pexels-photo-821652.jpeg\",\"https:\\/\\/images.pexels.com\\/photos\\/1388947\\/technology-telephone-mobile-smart-1388947.jpeg\",\"https:\\/\\/images.pexels.com\\/photos\\/719399\\/pexels-photo-719399.jpeg\",\"https:\\/\\/images.pexels.com\\/photos\\/5053740\\/pexels-photo-5053740.jpeg\"]', 'https://images.pexels.com/photos/1388947/technology-telephone-mobile-smart-1388947.jpeg', 0, 'Super titre 12', 'Doloremque sint est eum natus. Unde quo eius ducimus consectetur praesentium atque. Sint dolores dignissimos qui sunt porro est. Odio harum optio ipsum corporis consequuntur facilis possimus.', 354, 'New Emmyton', '85131-3110', '2021-01-17 17:03:17', '0000-00-00 00:00:00'),
(414, 97, 18, '[\"https:\\/\\/images.pexels.com\\/photos\\/821652\\/pexels-photo-821652.jpeg\",\"https:\\/\\/images.pexels.com\\/photos\\/1388947\\/technology-telephone-mobile-smart-1388947.jpeg\",\"https:\\/\\/images.pexels.com\\/photos\\/719399\\/pexels-photo-719399.jpeg\",\"https:\\/\\/images.pexels.com\\/photos\\/5053740\\/pexels-photo-5053740.jpeg\"]', 'https://images.pexels.com/photos/821652/pexels-photo-821652.jpeg', 0, 'Super titre 13', 'Ea qui sunt itaque sit nesciunt error quaerat. Aspernatur iste ut est tempore. Maxime consequuntur qui similique qui necessitatibus sint hic quae.', 920, 'Conroyville', '86732-8815', '2021-01-17 17:03:17', '0000-00-00 00:00:00'),
(415, 35, 19, '[\"https:\\/\\/images.pexels.com\\/photos\\/821652\\/pexels-photo-821652.jpeg\",\"https:\\/\\/images.pexels.com\\/photos\\/1388947\\/technology-telephone-mobile-smart-1388947.jpeg\",\"https:\\/\\/images.pexels.com\\/photos\\/719399\\/pexels-photo-719399.jpeg\",\"https:\\/\\/images.pexels.com\\/photos\\/5053740\\/pexels-photo-5053740.jpeg\"]', 'https://images.pexels.com/photos/5053740/pexels-photo-5053740.jpeg', 0, 'Super titre 14', 'Excepturi architecto nihil molestiae sequi nulla. Et culpa iste sunt deserunt ab. Non libero officia quis numquam voluptatem nam.', 219, 'West Waino', '13881-1920', '2021-01-17 17:03:17', '0000-00-00 00:00:00'),
(416, 13, 11, '[\"https:\\/\\/images.pexels.com\\/photos\\/821652\\/pexels-photo-821652.jpeg\",\"https:\\/\\/images.pexels.com\\/photos\\/1388947\\/technology-telephone-mobile-smart-1388947.jpeg\",\"https:\\/\\/images.pexels.com\\/photos\\/719399\\/pexels-photo-719399.jpeg\",\"https:\\/\\/images.pexels.com\\/photos\\/5053740\\/pexels-photo-5053740.jpeg\"]', 'https://images.pexels.com/photos/5053740/pexels-photo-5053740.jpeg', 0, 'Super titre 15', 'Soluta est quas accusamus omnis officia unde. Velit ipsam totam perferendis occaecati ut non qui. Rerum dolore recusandae nostrum corrupti reprehenderit.', 172, 'Padbergtown', '38803', '2021-01-17 17:03:17', '0000-00-00 00:00:00'),
(417, 32, 9, '[\"https:\\/\\/images.pexels.com\\/photos\\/821652\\/pexels-photo-821652.jpeg\",\"https:\\/\\/images.pexels.com\\/photos\\/1388947\\/technology-telephone-mobile-smart-1388947.jpeg\",\"https:\\/\\/images.pexels.com\\/photos\\/719399\\/pexels-photo-719399.jpeg\",\"https:\\/\\/images.pexels.com\\/photos\\/5053740\\/pexels-photo-5053740.jpeg\"]', 'https://images.pexels.com/photos/719399/pexels-photo-719399.jpeg', 0, 'Super titre 16', 'Corporis dolorum nisi adipisci earum non. Dolores velit possimus inventore cupiditate. Adipisci sed quibusdam ut et optio consequatur ratione. Quis est aut velit nesciunt.', 997, 'Marianotown', '07654-5832', '2021-01-17 17:03:17', '0000-00-00 00:00:00'),
(418, 23, 6, '[\"https:\\/\\/images.pexels.com\\/photos\\/821652\\/pexels-photo-821652.jpeg\",\"https:\\/\\/images.pexels.com\\/photos\\/1388947\\/technology-telephone-mobile-smart-1388947.jpeg\",\"https:\\/\\/images.pexels.com\\/photos\\/719399\\/pexels-photo-719399.jpeg\",\"https:\\/\\/images.pexels.com\\/photos\\/5053740\\/pexels-photo-5053740.jpeg\"]', 'https://images.pexels.com/photos/5053740/pexels-photo-5053740.jpeg', 0, 'Super titre 17', 'Quaerat ab alias nihil omnis. Voluptate rerum natus iste omnis rerum. Dolores in voluptatum aut nobis.', 460, 'Corwinville', '31674-2250', '2021-01-17 17:03:17', '0000-00-00 00:00:00'),
(419, 42, 10, '[\"https:\\/\\/images.pexels.com\\/photos\\/821652\\/pexels-photo-821652.jpeg\",\"https:\\/\\/images.pexels.com\\/photos\\/1388947\\/technology-telephone-mobile-smart-1388947.jpeg\",\"https:\\/\\/images.pexels.com\\/photos\\/719399\\/pexels-photo-719399.jpeg\",\"https:\\/\\/images.pexels.com\\/photos\\/5053740\\/pexels-photo-5053740.jpeg\"]', 'https://images.pexels.com/photos/5053740/pexels-photo-5053740.jpeg', 0, 'Super titre 18', 'Praesentium qui repellat harum. Neque aut aut repellendus provident. Tenetur enim sit labore quo.', 78, 'Dimitriborough', '86361', '2021-01-17 17:03:17', '0000-00-00 00:00:00'),
(421, 7, 18, '[\"https:\\/\\/images.pexels.com\\/photos\\/821652\\/pexels-photo-821652.jpeg\",\"https:\\/\\/images.pexels.com\\/photos\\/1388947\\/technology-telephone-mobile-smart-1388947.jpeg\",\"https:\\/\\/images.pexels.com\\/photos\\/719399\\/pexels-photo-719399.jpeg\",\"https:\\/\\/images.pexels.com\\/photos\\/5053740\\/pexels-photo-5053740.jpeg\"]', 'https://images.pexels.com/photos/5053740/pexels-photo-5053740.jpeg', 0, 'Super titre 20', 'Omnis accusantium quaerat necessitatibus reprehenderit. Harum similique tempora quisquam est unde esse ipsam. Sed quas est ut vel dolorem corporis. Voluptas at ut assumenda iusto vel.', 294, 'Ortizmouth', '58246', '2021-01-17 17:03:17', '0000-00-00 00:00:00'),
(422, 80, 3, '[\"https:\\/\\/images.pexels.com\\/photos\\/821652\\/pexels-photo-821652.jpeg\",\"https:\\/\\/images.pexels.com\\/photos\\/1388947\\/technology-telephone-mobile-smart-1388947.jpeg\",\"https:\\/\\/images.pexels.com\\/photos\\/719399\\/pexels-photo-719399.jpeg\",\"https:\\/\\/images.pexels.com\\/photos\\/5053740\\/pexels-photo-5053740.jpeg\"]', 'https://images.pexels.com/photos/1388947/technology-telephone-mobile-smart-1388947.jpeg', 0, 'Super titre 21', 'Consequatur nam rerum aut sapiente enim culpa quia. Tempora libero adipisci et enim magnam et modi. Consequatur deserunt optio dolore. Velit nihil sequi corrupti porro vero.', 710, 'Ethafurt', '12936-3849', '2021-01-17 17:03:17', '0000-00-00 00:00:00'),
(423, 33, 5, '[\"https:\\/\\/images.pexels.com\\/photos\\/821652\\/pexels-photo-821652.jpeg\",\"https:\\/\\/images.pexels.com\\/photos\\/1388947\\/technology-telephone-mobile-smart-1388947.jpeg\",\"https:\\/\\/images.pexels.com\\/photos\\/719399\\/pexels-photo-719399.jpeg\",\"https:\\/\\/images.pexels.com\\/photos\\/5053740\\/pexels-photo-5053740.jpeg\"]', 'https://images.pexels.com/photos/1388947/technology-telephone-mobile-smart-1388947.jpeg', 0, 'Super titre 22', 'Dicta iusto aut natus esse voluptate sed ipsum. Voluptate inventore labore placeat similique consequatur. Similique temporibus ut non tenetur.', 928, 'Hettingerborough', '37813', '2021-01-17 17:03:17', '0000-00-00 00:00:00'),
(424, 58, 18, '[\"https:\\/\\/images.pexels.com\\/photos\\/821652\\/pexels-photo-821652.jpeg\",\"https:\\/\\/images.pexels.com\\/photos\\/1388947\\/technology-telephone-mobile-smart-1388947.jpeg\",\"https:\\/\\/images.pexels.com\\/photos\\/719399\\/pexels-photo-719399.jpeg\",\"https:\\/\\/images.pexels.com\\/photos\\/5053740\\/pexels-photo-5053740.jpeg\"]', 'https://images.pexels.com/photos/1388947/technology-telephone-mobile-smart-1388947.jpeg', 0, 'Super titre 23', 'Eveniet ad itaque magni placeat enim. Praesentium ullam eveniet est et ea. Reiciendis laboriosam distinctio dolor cupiditate unde enim.', 535, 'Cierraberg', '42268-7954', '2021-01-17 17:03:17', '0000-00-00 00:00:00'),
(425, 24, 12, '[\"https:\\/\\/images.pexels.com\\/photos\\/821652\\/pexels-photo-821652.jpeg\",\"https:\\/\\/images.pexels.com\\/photos\\/1388947\\/technology-telephone-mobile-smart-1388947.jpeg\",\"https:\\/\\/images.pexels.com\\/photos\\/719399\\/pexels-photo-719399.jpeg\",\"https:\\/\\/images.pexels.com\\/photos\\/5053740\\/pexels-photo-5053740.jpeg\"]', 'https://images.pexels.com/photos/719399/pexels-photo-719399.jpeg', 0, 'Super titre 24', 'Consequuntur explicabo quos quidem. Sapiente non eligendi velit dolor nostrum maxime. Ad et quia et. Quam veritatis quod officiis sapiente neque.', 503, 'New Moriah', '24217', '2021-01-17 17:03:17', '0000-00-00 00:00:00'),
(426, 73, 5, '[\"https:\\/\\/images.pexels.com\\/photos\\/821652\\/pexels-photo-821652.jpeg\",\"https:\\/\\/images.pexels.com\\/photos\\/1388947\\/technology-telephone-mobile-smart-1388947.jpeg\",\"https:\\/\\/images.pexels.com\\/photos\\/719399\\/pexels-photo-719399.jpeg\",\"https:\\/\\/images.pexels.com\\/photos\\/5053740\\/pexels-photo-5053740.jpeg\"]', 'https://images.pexels.com/photos/5053740/pexels-photo-5053740.jpeg', 0, 'Super titre 25', 'Reprehenderit quia quas quos. Accusantium accusantium provident eum nam quaerat. Tenetur accusamus ratione quod eos laudantium.', 493, 'Ressieside', '81649', '2021-01-17 17:03:17', '0000-00-00 00:00:00'),
(427, 86, 17, '[\"https:\\/\\/images.pexels.com\\/photos\\/821652\\/pexels-photo-821652.jpeg\",\"https:\\/\\/images.pexels.com\\/photos\\/1388947\\/technology-telephone-mobile-smart-1388947.jpeg\",\"https:\\/\\/images.pexels.com\\/photos\\/719399\\/pexels-photo-719399.jpeg\",\"https:\\/\\/images.pexels.com\\/photos\\/5053740\\/pexels-photo-5053740.jpeg\"]', 'https://images.pexels.com/photos/5053740/pexels-photo-5053740.jpeg', 0, 'Super titre 26', 'Atque voluptatem ipsa ad. Velit rerum consequatur totam. Unde non eum magnam excepturi numquam libero.', 701, 'Kohlershire', '80967', '2021-01-17 17:03:17', '0000-00-00 00:00:00'),
(428, 34, 7, '[\"https:\\/\\/images.pexels.com\\/photos\\/821652\\/pexels-photo-821652.jpeg\",\"https:\\/\\/images.pexels.com\\/photos\\/1388947\\/technology-telephone-mobile-smart-1388947.jpeg\",\"https:\\/\\/images.pexels.com\\/photos\\/719399\\/pexels-photo-719399.jpeg\",\"https:\\/\\/images.pexels.com\\/photos\\/5053740\\/pexels-photo-5053740.jpeg\"]', 'https://images.pexels.com/photos/719399/pexels-photo-719399.jpeg', 0, 'Super titre 27', 'Soluta est laboriosam est ut unde distinctio temporibus. Eos dicta ratione officia quis perspiciatis mollitia. Velit eius culpa est fugit perferendis ullam.', 470, 'Dionside', '70106-7827', '2021-01-17 17:03:17', '0000-00-00 00:00:00'),
(429, 32, 4, '[\"https:\\/\\/images.pexels.com\\/photos\\/821652\\/pexels-photo-821652.jpeg\",\"https:\\/\\/images.pexels.com\\/photos\\/1388947\\/technology-telephone-mobile-smart-1388947.jpeg\",\"https:\\/\\/images.pexels.com\\/photos\\/719399\\/pexels-photo-719399.jpeg\",\"https:\\/\\/images.pexels.com\\/photos\\/5053740\\/pexels-photo-5053740.jpeg\"]', 'https://images.pexels.com/photos/821652/pexels-photo-821652.jpeg', 0, 'Super titre 28', 'Tenetur dolorum quia repellat sequi illum et accusantium sed. Assumenda fuga quaerat recusandae consequuntur. Voluptatem pariatur nostrum aut et ad.', 162, 'Strosinstad', '97464-5515', '2021-01-17 17:03:17', '0000-00-00 00:00:00'),
(430, 55, 17, '[\"https:\\/\\/images.pexels.com\\/photos\\/821652\\/pexels-photo-821652.jpeg\",\"https:\\/\\/images.pexels.com\\/photos\\/1388947\\/technology-telephone-mobile-smart-1388947.jpeg\",\"https:\\/\\/images.pexels.com\\/photos\\/719399\\/pexels-photo-719399.jpeg\",\"https:\\/\\/images.pexels.com\\/photos\\/5053740\\/pexels-photo-5053740.jpeg\"]', 'https://images.pexels.com/photos/5053740/pexels-photo-5053740.jpeg', 0, 'Super titre 29', 'Aut eligendi quia eum pariatur rerum in. Dicta fugit est rem natus eum ut occaecati. Exercitationem molestiae ut ratione quo officia. Fugit ut perspiciatis pariatur dolorem magni officiis illum.', 264, 'Cathrynhaven', '84865-4625', '2021-01-17 17:03:17', '0000-00-00 00:00:00'),
(431, 69, 11, '[\"https:\\/\\/images.pexels.com\\/photos\\/821652\\/pexels-photo-821652.jpeg\",\"https:\\/\\/images.pexels.com\\/photos\\/1388947\\/technology-telephone-mobile-smart-1388947.jpeg\",\"https:\\/\\/images.pexels.com\\/photos\\/719399\\/pexels-photo-719399.jpeg\",\"https:\\/\\/images.pexels.com\\/photos\\/5053740\\/pexels-photo-5053740.jpeg\"]', 'https://images.pexels.com/photos/821652/pexels-photo-821652.jpeg', 0, 'Super titre 30', 'Libero neque nulla alias doloribus cumque. Sit nesciunt voluptates impedit aut consequatur quos.', 43, 'North Filiberto', '98034', '2021-01-17 17:03:17', '0000-00-00 00:00:00'),
(432, 80, 16, '[\"https:\\/\\/images.pexels.com\\/photos\\/821652\\/pexels-photo-821652.jpeg\",\"https:\\/\\/images.pexels.com\\/photos\\/1388947\\/technology-telephone-mobile-smart-1388947.jpeg\",\"https:\\/\\/images.pexels.com\\/photos\\/719399\\/pexels-photo-719399.jpeg\",\"https:\\/\\/images.pexels.com\\/photos\\/5053740\\/pexels-photo-5053740.jpeg\"]', 'https://images.pexels.com/photos/719399/pexels-photo-719399.jpeg', 0, 'Super titre 31', 'Ea vero suscipit placeat quod. Et sint repudiandae impedit ea facilis aut voluptates. Harum rem sit et quo.', 449, 'Watersview', '23119', '2021-01-17 17:03:17', '0000-00-00 00:00:00'),
(433, 52, 2, '[\"https:\\/\\/images.pexels.com\\/photos\\/821652\\/pexels-photo-821652.jpeg\",\"https:\\/\\/images.pexels.com\\/photos\\/1388947\\/technology-telephone-mobile-smart-1388947.jpeg\",\"https:\\/\\/images.pexels.com\\/photos\\/719399\\/pexels-photo-719399.jpeg\",\"https:\\/\\/images.pexels.com\\/photos\\/5053740\\/pexels-photo-5053740.jpeg\"]', 'https://images.pexels.com/photos/719399/pexels-photo-719399.jpeg', 0, 'Super titre 32', 'Officiis ullam ut quisquam. Perspiciatis dolorem optio assumenda perspiciatis reiciendis. Occaecati et tenetur fugit quam optio ullam dicta.', 652, 'North Chaim', '45662-7666', '2021-01-17 17:03:17', '0000-00-00 00:00:00'),
(434, 67, 17, '[\"https:\\/\\/images.pexels.com\\/photos\\/821652\\/pexels-photo-821652.jpeg\",\"https:\\/\\/images.pexels.com\\/photos\\/1388947\\/technology-telephone-mobile-smart-1388947.jpeg\",\"https:\\/\\/images.pexels.com\\/photos\\/719399\\/pexels-photo-719399.jpeg\",\"https:\\/\\/images.pexels.com\\/photos\\/5053740\\/pexels-photo-5053740.jpeg\"]', 'https://images.pexels.com/photos/5053740/pexels-photo-5053740.jpeg', 0, 'Super titre 33', 'Dolorem delectus fuga et repellendus eos repudiandae nesciunt. Rerum pariatur nesciunt sed rerum.', 747, 'New Joesphside', '80599-7522', '2021-01-17 17:03:17', '0000-00-00 00:00:00'),
(435, 64, 11, '[\"https:\\/\\/images.pexels.com\\/photos\\/821652\\/pexels-photo-821652.jpeg\",\"https:\\/\\/images.pexels.com\\/photos\\/1388947\\/technology-telephone-mobile-smart-1388947.jpeg\",\"https:\\/\\/images.pexels.com\\/photos\\/719399\\/pexels-photo-719399.jpeg\",\"https:\\/\\/images.pexels.com\\/photos\\/5053740\\/pexels-photo-5053740.jpeg\"]', 'https://images.pexels.com/photos/719399/pexels-photo-719399.jpeg', 0, 'Super titre 34', 'Quibusdam ex quia quia temporibus sit. Laboriosam quod velit saepe voluptas aut rerum incidunt. Cumque perspiciatis nostrum minus et in ad eligendi. Autem et ipsum quo nobis tempore.', 594, 'Christopheberg', '74167-7254', '2021-01-17 17:03:17', '0000-00-00 00:00:00'),
(436, 9, 15, '[\"https:\\/\\/images.pexels.com\\/photos\\/821652\\/pexels-photo-821652.jpeg\",\"https:\\/\\/images.pexels.com\\/photos\\/1388947\\/technology-telephone-mobile-smart-1388947.jpeg\",\"https:\\/\\/images.pexels.com\\/photos\\/719399\\/pexels-photo-719399.jpeg\",\"https:\\/\\/images.pexels.com\\/photos\\/5053740\\/pexels-photo-5053740.jpeg\"]', 'https://images.pexels.com/photos/5053740/pexels-photo-5053740.jpeg', 0, 'Super titre 35', 'Excepturi dolores ducimus rem doloremque nemo. Aut delectus nulla aperiam enim quaerat. Consequatur autem quas sint inventore fugiat consequatur dolore.', 531, 'West Jacquesborough', '54633', '2021-01-17 17:03:17', '0000-00-00 00:00:00'),
(437, 65, 5, '[\"https:\\/\\/images.pexels.com\\/photos\\/821652\\/pexels-photo-821652.jpeg\",\"https:\\/\\/images.pexels.com\\/photos\\/1388947\\/technology-telephone-mobile-smart-1388947.jpeg\",\"https:\\/\\/images.pexels.com\\/photos\\/719399\\/pexels-photo-719399.jpeg\",\"https:\\/\\/images.pexels.com\\/photos\\/5053740\\/pexels-photo-5053740.jpeg\"]', 'https://images.pexels.com/photos/821652/pexels-photo-821652.jpeg', 0, 'Super titre 36', 'Quidem iste eum nesciunt cupiditate a. Quibusdam eligendi maxime accusantium voluptatem laboriosam ut recusandae veniam. Et quaerat at quibusdam molestias non.', 422, 'Aidabury', '67511-6514', '2021-01-17 17:03:17', '0000-00-00 00:00:00'),
(438, 42, 6, '[\"https:\\/\\/images.pexels.com\\/photos\\/821652\\/pexels-photo-821652.jpeg\",\"https:\\/\\/images.pexels.com\\/photos\\/1388947\\/technology-telephone-mobile-smart-1388947.jpeg\",\"https:\\/\\/images.pexels.com\\/photos\\/719399\\/pexels-photo-719399.jpeg\",\"https:\\/\\/images.pexels.com\\/photos\\/5053740\\/pexels-photo-5053740.jpeg\"]', 'https://images.pexels.com/photos/821652/pexels-photo-821652.jpeg', 0, 'Super titre 37', 'Aut aut eos aperiam iusto ea sunt rerum. Ea incidunt natus eos sit esse. Iusto repellendus dolor aut perferendis ducimus ut.', 99, 'West Jabari', '89888', '2021-01-17 17:03:17', '0000-00-00 00:00:00'),
(439, 45, 13, '[\"https:\\/\\/images.pexels.com\\/photos\\/821652\\/pexels-photo-821652.jpeg\",\"https:\\/\\/images.pexels.com\\/photos\\/1388947\\/technology-telephone-mobile-smart-1388947.jpeg\",\"https:\\/\\/images.pexels.com\\/photos\\/719399\\/pexels-photo-719399.jpeg\",\"https:\\/\\/images.pexels.com\\/photos\\/5053740\\/pexels-photo-5053740.jpeg\"]', 'https://images.pexels.com/photos/5053740/pexels-photo-5053740.jpeg', 0, 'Super titre 38', 'Occaecati veniam et nisi illum iure cumque et. Consequatur impedit a iure sint delectus eos dolorum autem. Exercitationem sint ut voluptatem aperiam impedit qui officia.', 269, 'O\'Haraland', '75777', '2021-01-17 17:03:17', '0000-00-00 00:00:00'),
(440, 58, 1, '[\"https:\\/\\/images.pexels.com\\/photos\\/821652\\/pexels-photo-821652.jpeg\",\"https:\\/\\/images.pexels.com\\/photos\\/1388947\\/technology-telephone-mobile-smart-1388947.jpeg\",\"https:\\/\\/images.pexels.com\\/photos\\/719399\\/pexels-photo-719399.jpeg\",\"https:\\/\\/images.pexels.com\\/photos\\/5053740\\/pexels-photo-5053740.jpeg\"]', 'https://images.pexels.com/photos/1388947/technology-telephone-mobile-smart-1388947.jpeg', 0, 'Super titre 39', 'Qui dignissimos sunt atque ut amet. Suscipit quam dolor ut quibusdam voluptas fuga. In consequatur magni porro quod fugit voluptatum porro temporibus. Debitis rerum tempore reprehenderit.', 118, 'Schuppefurt', '24589-1089', '2021-01-17 17:03:17', '0000-00-00 00:00:00'),
(441, 92, 17, '[\"https:\\/\\/images.pexels.com\\/photos\\/821652\\/pexels-photo-821652.jpeg\",\"https:\\/\\/images.pexels.com\\/photos\\/1388947\\/technology-telephone-mobile-smart-1388947.jpeg\",\"https:\\/\\/images.pexels.com\\/photos\\/719399\\/pexels-photo-719399.jpeg\",\"https:\\/\\/images.pexels.com\\/photos\\/5053740\\/pexels-photo-5053740.jpeg\"]', 'https://images.pexels.com/photos/5053740/pexels-photo-5053740.jpeg', 0, 'Super titre 40', 'Possimus eaque voluptatem necessitatibus autem esse ut sint. Eum voluptate voluptatem quod nobis qui expedita deleniti natus. Explicabo quibusdam optio mollitia natus.', 714, 'Hirthefurt', '13556', '2021-01-17 17:03:17', '0000-00-00 00:00:00'),
(444, 93, 17, '[\"https:\\/\\/images.pexels.com\\/photos\\/821652\\/pexels-photo-821652.jpeg\",\"https:\\/\\/images.pexels.com\\/photos\\/1388947\\/technology-telephone-mobile-smart-1388947.jpeg\",\"https:\\/\\/images.pexels.com\\/photos\\/719399\\/pexels-photo-719399.jpeg\",\"https:\\/\\/images.pexels.com\\/photos\\/5053740\\/pexels-photo-5053740.jpeg\"]', 'https://images.pexels.com/photos/5053740/pexels-photo-5053740.jpeg', 0, 'Super titre 43', 'Ut necessitatibus a quia et est beatae. Dolor qui ut sed qui. Officia voluptate molestiae officia.', 802, 'West Rodmouth', '36710', '2021-01-17 17:03:17', '0000-00-00 00:00:00'),
(445, 32, 3, '[\"https:\\/\\/images.pexels.com\\/photos\\/821652\\/pexels-photo-821652.jpeg\",\"https:\\/\\/images.pexels.com\\/photos\\/1388947\\/technology-telephone-mobile-smart-1388947.jpeg\",\"https:\\/\\/images.pexels.com\\/photos\\/719399\\/pexels-photo-719399.jpeg\",\"https:\\/\\/images.pexels.com\\/photos\\/5053740\\/pexels-photo-5053740.jpeg\"]', 'https://images.pexels.com/photos/719399/pexels-photo-719399.jpeg', 0, 'Super titre 44', 'Beatae ipsum modi ut non velit autem. Perspiciatis fugit aut assumenda hic. Nostrum sed veritatis ad saepe ex.', 831, 'North Estellberg', '13167', '2021-01-17 17:03:17', '0000-00-00 00:00:00'),
(446, 33, 10, '[\"https:\\/\\/images.pexels.com\\/photos\\/821652\\/pexels-photo-821652.jpeg\",\"https:\\/\\/images.pexels.com\\/photos\\/1388947\\/technology-telephone-mobile-smart-1388947.jpeg\",\"https:\\/\\/images.pexels.com\\/photos\\/719399\\/pexels-photo-719399.jpeg\",\"https:\\/\\/images.pexels.com\\/photos\\/5053740\\/pexels-photo-5053740.jpeg\"]', 'https://images.pexels.com/photos/821652/pexels-photo-821652.jpeg', 0, 'Super titre 45', 'Eligendi magni officia deleniti explicabo in consequatur. Aliquid sint nam nostrum atque doloribus et. Et provident in omnis et optio.', 437, 'Abshiremouth', '51524-6604', '2021-01-17 17:03:17', '0000-00-00 00:00:00'),
(447, 56, 1, '[\"https:\\/\\/images.pexels.com\\/photos\\/821652\\/pexels-photo-821652.jpeg\",\"https:\\/\\/images.pexels.com\\/photos\\/1388947\\/technology-telephone-mobile-smart-1388947.jpeg\",\"https:\\/\\/images.pexels.com\\/photos\\/719399\\/pexels-photo-719399.jpeg\",\"https:\\/\\/images.pexels.com\\/photos\\/5053740\\/pexels-photo-5053740.jpeg\"]', 'https://images.pexels.com/photos/719399/pexels-photo-719399.jpeg', 0, 'Super titre 46', 'Fugit rerum eos minima sapiente. Quis sunt odio est sunt atque aut. Corrupti et iure tempore repellendus voluptate.', 503, 'New Meredith', '08265-0686', '2021-01-17 17:03:17', '0000-00-00 00:00:00'),
(448, 27, 4, '[\"https:\\/\\/images.pexels.com\\/photos\\/821652\\/pexels-photo-821652.jpeg\",\"https:\\/\\/images.pexels.com\\/photos\\/1388947\\/technology-telephone-mobile-smart-1388947.jpeg\",\"https:\\/\\/images.pexels.com\\/photos\\/719399\\/pexels-photo-719399.jpeg\",\"https:\\/\\/images.pexels.com\\/photos\\/5053740\\/pexels-photo-5053740.jpeg\"]', 'https://images.pexels.com/photos/5053740/pexels-photo-5053740.jpeg', 0, 'Super titre 47', 'Incidunt non sapiente expedita. Culpa nulla neque qui eum. Est autem ut id nihil ut perferendis.', 524, 'Christopherhaven', '56232', '2021-01-17 17:03:17', '0000-00-00 00:00:00'),
(449, 70, 17, '[\"https:\\/\\/images.pexels.com\\/photos\\/821652\\/pexels-photo-821652.jpeg\",\"https:\\/\\/images.pexels.com\\/photos\\/1388947\\/technology-telephone-mobile-smart-1388947.jpeg\",\"https:\\/\\/images.pexels.com\\/photos\\/719399\\/pexels-photo-719399.jpeg\",\"https:\\/\\/images.pexels.com\\/photos\\/5053740\\/pexels-photo-5053740.jpeg\"]', 'https://images.pexels.com/photos/719399/pexels-photo-719399.jpeg', 0, 'Super titre 48', 'Unde a est quis dolor doloribus reprehenderit dolorum. Tempore id quidem aliquid. Et molestiae a mollitia quia nobis. Minus ipsum aut sed quia aut autem molestiae.', 312, 'Port Marilouhaven', '95434', '2021-01-17 17:03:17', '0000-00-00 00:00:00'),
(450, 1, 10, '[\"https:\\/\\/images.pexels.com\\/photos\\/821652\\/pexels-photo-821652.jpeg\",\"https:\\/\\/images.pexels.com\\/photos\\/1388947\\/technology-telephone-mobile-smart-1388947.jpeg\",\"https:\\/\\/images.pexels.com\\/photos\\/719399\\/pexels-photo-719399.jpeg\",\"https:\\/\\/images.pexels.com\\/photos\\/5053740\\/pexels-photo-5053740.jpeg\"]', 'https://images.pexels.com/photos/821652/pexels-photo-821652.jpeg', 0, 'Super titre 49', 'Ab quasi totam exercitationem labore sit. Saepe qui enim quos ratione et neque. Harum occaecati sed hic asperiores. Laudantium cupiditate nisi autem esse tenetur enim ab.', 618, 'Johnsville', '69479-9253', '2021-01-17 17:03:17', '0000-00-00 00:00:00'),
(451, 48, 4, '[\"https:\\/\\/images.pexels.com\\/photos\\/821652\\/pexels-photo-821652.jpeg\",\"https:\\/\\/images.pexels.com\\/photos\\/1388947\\/technology-telephone-mobile-smart-1388947.jpeg\",\"https:\\/\\/images.pexels.com\\/photos\\/719399\\/pexels-photo-719399.jpeg\",\"https:\\/\\/images.pexels.com\\/photos\\/5053740\\/pexels-photo-5053740.jpeg\"]', 'https://images.pexels.com/photos/1388947/technology-telephone-mobile-smart-1388947.jpeg', 0, 'Super titre 50', 'Exercitationem praesentium sit ullam aliquam modi expedita dolor. Ipsum praesentium dicta molestias amet enim. Ipsam rerum blanditiis aut.', 52, 'Lake Auroreside', '74125-5137', '2021-01-17 17:03:17', '0000-00-00 00:00:00');
INSERT INTO `posts` (`id`, `id_user`, `id_breakdown_category`, `images`, `cover_image`, `is_solved`, `title`, `content`, `budget`, `city`, `postal_code`, `created_at`, `updated_at`) VALUES
(452, 6, 8, '[\"https:\\/\\/images.pexels.com\\/photos\\/821652\\/pexels-photo-821652.jpeg\",\"https:\\/\\/images.pexels.com\\/photos\\/1388947\\/technology-telephone-mobile-smart-1388947.jpeg\",\"https:\\/\\/images.pexels.com\\/photos\\/719399\\/pexels-photo-719399.jpeg\",\"https:\\/\\/images.pexels.com\\/photos\\/5053740\\/pexels-photo-5053740.jpeg\"]', 'https://images.pexels.com/photos/719399/pexels-photo-719399.jpeg', 0, 'Super titre 51', 'Non consectetur et rerum commodi. At ipsa labore et id sint.', 306, 'Vicentahaven', '01294-5161', '2021-01-17 17:03:17', '0000-00-00 00:00:00'),
(453, 82, 3, '[\"https:\\/\\/images.pexels.com\\/photos\\/821652\\/pexels-photo-821652.jpeg\",\"https:\\/\\/images.pexels.com\\/photos\\/1388947\\/technology-telephone-mobile-smart-1388947.jpeg\",\"https:\\/\\/images.pexels.com\\/photos\\/719399\\/pexels-photo-719399.jpeg\",\"https:\\/\\/images.pexels.com\\/photos\\/5053740\\/pexels-photo-5053740.jpeg\"]', 'https://images.pexels.com/photos/1388947/technology-telephone-mobile-smart-1388947.jpeg', 0, 'Super titre 52', 'Voluptatibus dolores est ea aut nemo. Exercitationem iusto et deleniti id dolores voluptate.', 353, 'North Dejah', '55089-8557', '2021-01-17 17:03:17', '0000-00-00 00:00:00'),
(454, 82, 18, '[\"https:\\/\\/images.pexels.com\\/photos\\/821652\\/pexels-photo-821652.jpeg\",\"https:\\/\\/images.pexels.com\\/photos\\/1388947\\/technology-telephone-mobile-smart-1388947.jpeg\",\"https:\\/\\/images.pexels.com\\/photos\\/719399\\/pexels-photo-719399.jpeg\",\"https:\\/\\/images.pexels.com\\/photos\\/5053740\\/pexels-photo-5053740.jpeg\"]', 'https://images.pexels.com/photos/1388947/technology-telephone-mobile-smart-1388947.jpeg', 0, 'Super titre 53', 'Illum velit vel aut accusantium ut. Odit sunt vel nisi magni eius ipsam. Asperiores nulla corporis sint aut laborum hic dicta.', 91, 'Eusebioberg', '40018-5307', '2021-01-17 17:03:17', '0000-00-00 00:00:00'),
(455, 61, 12, '[\"https:\\/\\/images.pexels.com\\/photos\\/821652\\/pexels-photo-821652.jpeg\",\"https:\\/\\/images.pexels.com\\/photos\\/1388947\\/technology-telephone-mobile-smart-1388947.jpeg\",\"https:\\/\\/images.pexels.com\\/photos\\/719399\\/pexels-photo-719399.jpeg\",\"https:\\/\\/images.pexels.com\\/photos\\/5053740\\/pexels-photo-5053740.jpeg\"]', 'https://images.pexels.com/photos/5053740/pexels-photo-5053740.jpeg', 0, 'Super titre 54', 'Iste tenetur pariatur perspiciatis. Similique sit nobis tenetur iusto consectetur perferendis. Veritatis iusto veniam quia voluptas voluptate sed eius.', 587, 'Melisaville', '99750-3553', '2021-01-17 17:03:17', '0000-00-00 00:00:00'),
(456, 65, 11, '[\"https:\\/\\/images.pexels.com\\/photos\\/821652\\/pexels-photo-821652.jpeg\",\"https:\\/\\/images.pexels.com\\/photos\\/1388947\\/technology-telephone-mobile-smart-1388947.jpeg\",\"https:\\/\\/images.pexels.com\\/photos\\/719399\\/pexels-photo-719399.jpeg\",\"https:\\/\\/images.pexels.com\\/photos\\/5053740\\/pexels-photo-5053740.jpeg\"]', 'https://images.pexels.com/photos/5053740/pexels-photo-5053740.jpeg', 0, 'Super titre 55', 'Similique laudantium temporibus doloremque qui velit. Est est voluptatibus tenetur dolor non voluptates.', 410, 'Felicitystad', '88515', '2021-01-17 17:03:17', '0000-00-00 00:00:00'),
(458, 23, 19, '[\"https:\\/\\/images.pexels.com\\/photos\\/821652\\/pexels-photo-821652.jpeg\",\"https:\\/\\/images.pexels.com\\/photos\\/1388947\\/technology-telephone-mobile-smart-1388947.jpeg\",\"https:\\/\\/images.pexels.com\\/photos\\/719399\\/pexels-photo-719399.jpeg\",\"https:\\/\\/images.pexels.com\\/photos\\/5053740\\/pexels-photo-5053740.jpeg\"]', 'https://images.pexels.com/photos/821652/pexels-photo-821652.jpeg', 0, 'Super titre 57', 'Possimus id soluta expedita sunt vel nihil exercitationem. Necessitatibus qui autem id cupiditate. Molestiae mollitia aut unde explicabo nihil. Laudantium magni ut vel dolores sed.', 417, 'Port Rosemarie', '90820-7579', '2021-01-17 17:03:17', '0000-00-00 00:00:00'),
(459, 35, 3, '[\"https:\\/\\/images.pexels.com\\/photos\\/821652\\/pexels-photo-821652.jpeg\",\"https:\\/\\/images.pexels.com\\/photos\\/1388947\\/technology-telephone-mobile-smart-1388947.jpeg\",\"https:\\/\\/images.pexels.com\\/photos\\/719399\\/pexels-photo-719399.jpeg\",\"https:\\/\\/images.pexels.com\\/photos\\/5053740\\/pexels-photo-5053740.jpeg\"]', 'https://images.pexels.com/photos/719399/pexels-photo-719399.jpeg', 0, 'Super titre 58', 'Fugiat corporis laboriosam est architecto id porro dignissimos. Omnis consequatur et qui facere ad eius. Commodi doloribus harum consequatur est.', 431, 'Viviannefurt', '37906', '2021-01-17 17:03:17', '0000-00-00 00:00:00'),
(460, 96, 10, '[\"https:\\/\\/images.pexels.com\\/photos\\/821652\\/pexels-photo-821652.jpeg\",\"https:\\/\\/images.pexels.com\\/photos\\/1388947\\/technology-telephone-mobile-smart-1388947.jpeg\",\"https:\\/\\/images.pexels.com\\/photos\\/719399\\/pexels-photo-719399.jpeg\",\"https:\\/\\/images.pexels.com\\/photos\\/5053740\\/pexels-photo-5053740.jpeg\"]', 'https://images.pexels.com/photos/719399/pexels-photo-719399.jpeg', 0, 'Super titre 59', 'Repudiandae et et ex nostrum temporibus odio. Nihil deserunt natus in quod. Voluptatem odio autem animi aspernatur nulla eligendi. Autem ipsum ex nostrum tempora et.', 77, 'East Borisborough', '28413-5614', '2021-01-17 17:03:17', '0000-00-00 00:00:00'),
(461, 17, 11, '[\"https:\\/\\/images.pexels.com\\/photos\\/821652\\/pexels-photo-821652.jpeg\",\"https:\\/\\/images.pexels.com\\/photos\\/1388947\\/technology-telephone-mobile-smart-1388947.jpeg\",\"https:\\/\\/images.pexels.com\\/photos\\/719399\\/pexels-photo-719399.jpeg\",\"https:\\/\\/images.pexels.com\\/photos\\/5053740\\/pexels-photo-5053740.jpeg\"]', 'https://images.pexels.com/photos/719399/pexels-photo-719399.jpeg', 0, 'Super titre 60', 'At hic ad earum. Provident a veniam reiciendis qui corporis eum. Totam illo autem libero voluptatem ducimus sequi. Ea laboriosam illum similique cum dolores.', 46, 'Stiedemannfurt', '87183', '2021-01-17 17:03:17', '0000-00-00 00:00:00'),
(462, 53, 9, '[\"https:\\/\\/images.pexels.com\\/photos\\/821652\\/pexels-photo-821652.jpeg\",\"https:\\/\\/images.pexels.com\\/photos\\/1388947\\/technology-telephone-mobile-smart-1388947.jpeg\",\"https:\\/\\/images.pexels.com\\/photos\\/719399\\/pexels-photo-719399.jpeg\",\"https:\\/\\/images.pexels.com\\/photos\\/5053740\\/pexels-photo-5053740.jpeg\"]', 'https://images.pexels.com/photos/5053740/pexels-photo-5053740.jpeg', 0, 'Super titre 61', 'Et et minima eos saepe et voluptatum architecto numquam. Harum accusantium aperiam ea reprehenderit dolorem officiis et. Voluptate quas facilis quo odit rerum consectetur quas.', 321, 'Shakiraport', '48557', '2021-01-17 17:03:17', '0000-00-00 00:00:00'),
(463, 9, 19, '[\"https:\\/\\/images.pexels.com\\/photos\\/821652\\/pexels-photo-821652.jpeg\",\"https:\\/\\/images.pexels.com\\/photos\\/1388947\\/technology-telephone-mobile-smart-1388947.jpeg\",\"https:\\/\\/images.pexels.com\\/photos\\/719399\\/pexels-photo-719399.jpeg\",\"https:\\/\\/images.pexels.com\\/photos\\/5053740\\/pexels-photo-5053740.jpeg\"]', 'https://images.pexels.com/photos/821652/pexels-photo-821652.jpeg', 0, 'Super titre 62', 'Sapiente animi sed occaecati eos nobis. Et dolorum aut qui ab. Aut corporis est reprehenderit commodi.', 190, 'East Lisa', '77910', '2021-01-17 17:03:17', '0000-00-00 00:00:00'),
(464, 18, 14, '[\"https:\\/\\/images.pexels.com\\/photos\\/821652\\/pexels-photo-821652.jpeg\",\"https:\\/\\/images.pexels.com\\/photos\\/1388947\\/technology-telephone-mobile-smart-1388947.jpeg\",\"https:\\/\\/images.pexels.com\\/photos\\/719399\\/pexels-photo-719399.jpeg\",\"https:\\/\\/images.pexels.com\\/photos\\/5053740\\/pexels-photo-5053740.jpeg\"]', 'https://images.pexels.com/photos/1388947/technology-telephone-mobile-smart-1388947.jpeg', 0, 'Super titre 63', 'Ducimus facere error quia ut quia adipisci officia. Exercitationem et occaecati sunt libero est illo sed. Id vitae laborum id molestiae modi aspernatur.', 385, 'South Addison', '08251-5851', '2021-01-17 17:03:17', '0000-00-00 00:00:00'),
(465, 75, 18, '[\"https:\\/\\/images.pexels.com\\/photos\\/821652\\/pexels-photo-821652.jpeg\",\"https:\\/\\/images.pexels.com\\/photos\\/1388947\\/technology-telephone-mobile-smart-1388947.jpeg\",\"https:\\/\\/images.pexels.com\\/photos\\/719399\\/pexels-photo-719399.jpeg\",\"https:\\/\\/images.pexels.com\\/photos\\/5053740\\/pexels-photo-5053740.jpeg\"]', 'https://images.pexels.com/photos/719399/pexels-photo-719399.jpeg', 0, 'Super titre 64', 'Saepe odit enim natus delectus. Eius itaque quisquam nostrum aliquam in rerum. Sed ab expedita qui quas voluptatum dolore quam. Officia aut voluptas doloribus.', 871, 'Gerholdborough', '17489', '2021-01-17 17:03:17', '0000-00-00 00:00:00'),
(467, 97, 17, '[\"https:\\/\\/images.pexels.com\\/photos\\/821652\\/pexels-photo-821652.jpeg\",\"https:\\/\\/images.pexels.com\\/photos\\/1388947\\/technology-telephone-mobile-smart-1388947.jpeg\",\"https:\\/\\/images.pexels.com\\/photos\\/719399\\/pexels-photo-719399.jpeg\",\"https:\\/\\/images.pexels.com\\/photos\\/5053740\\/pexels-photo-5053740.jpeg\"]', 'https://images.pexels.com/photos/5053740/pexels-photo-5053740.jpeg', 0, 'Super titre 66', 'Quia saepe placeat quasi dolores sunt. Ut est ea deleniti odio totam. Ullam nobis aliquid laboriosam alias ut.', 623, 'Marcosborough', '16281', '2021-01-17 17:03:17', '0000-00-00 00:00:00'),
(468, 7, 3, '[\"https:\\/\\/images.pexels.com\\/photos\\/821652\\/pexels-photo-821652.jpeg\",\"https:\\/\\/images.pexels.com\\/photos\\/1388947\\/technology-telephone-mobile-smart-1388947.jpeg\",\"https:\\/\\/images.pexels.com\\/photos\\/719399\\/pexels-photo-719399.jpeg\",\"https:\\/\\/images.pexels.com\\/photos\\/5053740\\/pexels-photo-5053740.jpeg\"]', 'https://images.pexels.com/photos/719399/pexels-photo-719399.jpeg', 0, 'Super titre 67', 'Praesentium et quia quo et corporis. Eligendi corporis voluptas quidem neque et ea autem. Et repellendus et quia itaque velit amet. Qui reiciendis cupiditate consequatur eum ex incidunt.', 448, 'Brekkeland', '26415-0772', '2021-01-17 17:03:17', '0000-00-00 00:00:00'),
(469, 86, 7, '[\"https:\\/\\/images.pexels.com\\/photos\\/821652\\/pexels-photo-821652.jpeg\",\"https:\\/\\/images.pexels.com\\/photos\\/1388947\\/technology-telephone-mobile-smart-1388947.jpeg\",\"https:\\/\\/images.pexels.com\\/photos\\/719399\\/pexels-photo-719399.jpeg\",\"https:\\/\\/images.pexels.com\\/photos\\/5053740\\/pexels-photo-5053740.jpeg\"]', 'https://images.pexels.com/photos/821652/pexels-photo-821652.jpeg', 0, 'Super titre 68', 'Aut reiciendis vitae et reprehenderit. Officia veniam fugit sint doloremque.', 262, 'Roselynland', '40203-3193', '2021-01-17 17:03:17', '0000-00-00 00:00:00'),
(470, 31, 15, '[\"https:\\/\\/images.pexels.com\\/photos\\/821652\\/pexels-photo-821652.jpeg\",\"https:\\/\\/images.pexels.com\\/photos\\/1388947\\/technology-telephone-mobile-smart-1388947.jpeg\",\"https:\\/\\/images.pexels.com\\/photos\\/719399\\/pexels-photo-719399.jpeg\",\"https:\\/\\/images.pexels.com\\/photos\\/5053740\\/pexels-photo-5053740.jpeg\"]', 'https://images.pexels.com/photos/821652/pexels-photo-821652.jpeg', 0, 'Super titre 69', 'Quis commodi aut est vitae ea. Vitae et aut qui consequatur distinctio. Reprehenderit velit impedit et enim omnis laborum. Voluptatem minima sed voluptates aut quidem et.', 755, 'Goyetteburgh', '51266', '2021-01-17 17:03:17', '0000-00-00 00:00:00'),
(471, 56, 8, '[\"https:\\/\\/images.pexels.com\\/photos\\/821652\\/pexels-photo-821652.jpeg\",\"https:\\/\\/images.pexels.com\\/photos\\/1388947\\/technology-telephone-mobile-smart-1388947.jpeg\",\"https:\\/\\/images.pexels.com\\/photos\\/719399\\/pexels-photo-719399.jpeg\",\"https:\\/\\/images.pexels.com\\/photos\\/5053740\\/pexels-photo-5053740.jpeg\"]', 'https://images.pexels.com/photos/821652/pexels-photo-821652.jpeg', 0, 'Super titre 70', 'Beatae similique totam voluptas. Quasi in omnis modi quia quasi quis. Ut ipsum qui tempora nesciunt aliquid.', 141, 'West Waylon', '76358', '2021-01-17 17:03:17', '0000-00-00 00:00:00'),
(472, 63, 1, '[\"https:\\/\\/images.pexels.com\\/photos\\/821652\\/pexels-photo-821652.jpeg\",\"https:\\/\\/images.pexels.com\\/photos\\/1388947\\/technology-telephone-mobile-smart-1388947.jpeg\",\"https:\\/\\/images.pexels.com\\/photos\\/719399\\/pexels-photo-719399.jpeg\",\"https:\\/\\/images.pexels.com\\/photos\\/5053740\\/pexels-photo-5053740.jpeg\"]', 'https://images.pexels.com/photos/821652/pexels-photo-821652.jpeg', 0, 'Super titre 71', 'Nisi tempora quisquam soluta facere eos dignissimos placeat. Quam dolorem maiores architecto. Sed voluptatem accusamus cupiditate ipsam explicabo provident perferendis. Harum qui aut et aut iure.', 564, 'North Salvadorport', '90212-5137', '2021-01-17 17:03:17', '0000-00-00 00:00:00'),
(473, 33, 14, '[\"https:\\/\\/images.pexels.com\\/photos\\/821652\\/pexels-photo-821652.jpeg\",\"https:\\/\\/images.pexels.com\\/photos\\/1388947\\/technology-telephone-mobile-smart-1388947.jpeg\",\"https:\\/\\/images.pexels.com\\/photos\\/719399\\/pexels-photo-719399.jpeg\",\"https:\\/\\/images.pexels.com\\/photos\\/5053740\\/pexels-photo-5053740.jpeg\"]', 'https://images.pexels.com/photos/1388947/technology-telephone-mobile-smart-1388947.jpeg', 0, 'Super titre 72', 'Quo voluptatem expedita odit sed. Et et sapiente a est quo magnam autem aliquam.', 612, 'South Cloyd', '73553-2083', '2021-01-17 17:03:17', '0000-00-00 00:00:00'),
(474, 34, 13, '[\"https:\\/\\/images.pexels.com\\/photos\\/821652\\/pexels-photo-821652.jpeg\",\"https:\\/\\/images.pexels.com\\/photos\\/1388947\\/technology-telephone-mobile-smart-1388947.jpeg\",\"https:\\/\\/images.pexels.com\\/photos\\/719399\\/pexels-photo-719399.jpeg\",\"https:\\/\\/images.pexels.com\\/photos\\/5053740\\/pexels-photo-5053740.jpeg\"]', 'https://images.pexels.com/photos/719399/pexels-photo-719399.jpeg', 0, 'Super titre 73', 'Distinctio ab libero repellat est voluptatem et voluptatum. Iste temporibus excepturi facilis nam. Perspiciatis quisquam deleniti qui perspiciatis ex velit. Veniam veritatis qui deleniti.', 733, 'Schroederland', '13080', '2021-01-17 17:03:17', '0000-00-00 00:00:00'),
(475, 41, 15, '[\"https:\\/\\/images.pexels.com\\/photos\\/821652\\/pexels-photo-821652.jpeg\",\"https:\\/\\/images.pexels.com\\/photos\\/1388947\\/technology-telephone-mobile-smart-1388947.jpeg\",\"https:\\/\\/images.pexels.com\\/photos\\/719399\\/pexels-photo-719399.jpeg\",\"https:\\/\\/images.pexels.com\\/photos\\/5053740\\/pexels-photo-5053740.jpeg\"]', 'https://images.pexels.com/photos/1388947/technology-telephone-mobile-smart-1388947.jpeg', 0, 'Super titre 74', 'Cumque aperiam reiciendis asperiores aut adipisci recusandae vel. Exercitationem recusandae repudiandae harum nostrum ex maiores. Animi dolorem aliquam voluptas quae animi.', 141, 'New Raeganport', '19254', '2021-01-17 17:03:17', '0000-00-00 00:00:00'),
(476, 85, 13, '[\"https:\\/\\/images.pexels.com\\/photos\\/821652\\/pexels-photo-821652.jpeg\",\"https:\\/\\/images.pexels.com\\/photos\\/1388947\\/technology-telephone-mobile-smart-1388947.jpeg\",\"https:\\/\\/images.pexels.com\\/photos\\/719399\\/pexels-photo-719399.jpeg\",\"https:\\/\\/images.pexels.com\\/photos\\/5053740\\/pexels-photo-5053740.jpeg\"]', 'https://images.pexels.com/photos/821652/pexels-photo-821652.jpeg', 0, 'Super titre 75', 'Repudiandae et delectus officia consequatur. Eos pariatur illo voluptates earum nostrum sed. Ad quisquam deleniti ducimus saepe enim adipisci. Ipsa numquam nihil voluptas magnam.', 523, 'Port Eldoraland', '99153', '2021-01-17 17:03:17', '0000-00-00 00:00:00'),
(477, 12, 14, '[\"https:\\/\\/images.pexels.com\\/photos\\/821652\\/pexels-photo-821652.jpeg\",\"https:\\/\\/images.pexels.com\\/photos\\/1388947\\/technology-telephone-mobile-smart-1388947.jpeg\",\"https:\\/\\/images.pexels.com\\/photos\\/719399\\/pexels-photo-719399.jpeg\",\"https:\\/\\/images.pexels.com\\/photos\\/5053740\\/pexels-photo-5053740.jpeg\"]', 'https://images.pexels.com/photos/821652/pexels-photo-821652.jpeg', 0, 'Super titre 76', 'Eum amet atque eaque. Ad reiciendis voluptates in omnis adipisci accusantium.', 378, 'Port Sydni', '98891-2125', '2021-01-17 17:03:17', '0000-00-00 00:00:00'),
(478, 88, 15, '[\"https:\\/\\/images.pexels.com\\/photos\\/821652\\/pexels-photo-821652.jpeg\",\"https:\\/\\/images.pexels.com\\/photos\\/1388947\\/technology-telephone-mobile-smart-1388947.jpeg\",\"https:\\/\\/images.pexels.com\\/photos\\/719399\\/pexels-photo-719399.jpeg\",\"https:\\/\\/images.pexels.com\\/photos\\/5053740\\/pexels-photo-5053740.jpeg\"]', 'https://images.pexels.com/photos/821652/pexels-photo-821652.jpeg', 0, 'Super titre 77', 'Iure eum odit quasi eaque laboriosam ratione inventore ut. Enim voluptatem aut animi unde dolor.', 54, 'South Aldaview', '06624', '2021-01-17 17:03:17', '0000-00-00 00:00:00'),
(479, 85, 13, '[\"https:\\/\\/images.pexels.com\\/photos\\/821652\\/pexels-photo-821652.jpeg\",\"https:\\/\\/images.pexels.com\\/photos\\/1388947\\/technology-telephone-mobile-smart-1388947.jpeg\",\"https:\\/\\/images.pexels.com\\/photos\\/719399\\/pexels-photo-719399.jpeg\",\"https:\\/\\/images.pexels.com\\/photos\\/5053740\\/pexels-photo-5053740.jpeg\"]', 'https://images.pexels.com/photos/821652/pexels-photo-821652.jpeg', 0, 'Super titre 78', 'Eum voluptatem nihil adipisci aut et. Ipsa et culpa error magni eaque ut assumenda tempora. Labore earum inventore est et ea quibusdam pariatur.', 483, 'Silasborough', '38558', '2021-01-17 17:03:17', '0000-00-00 00:00:00'),
(480, 58, 3, '[\"https:\\/\\/images.pexels.com\\/photos\\/821652\\/pexels-photo-821652.jpeg\",\"https:\\/\\/images.pexels.com\\/photos\\/1388947\\/technology-telephone-mobile-smart-1388947.jpeg\",\"https:\\/\\/images.pexels.com\\/photos\\/719399\\/pexels-photo-719399.jpeg\",\"https:\\/\\/images.pexels.com\\/photos\\/5053740\\/pexels-photo-5053740.jpeg\"]', 'https://images.pexels.com/photos/1388947/technology-telephone-mobile-smart-1388947.jpeg', 0, 'Super titre 79', 'Dolor hic consequatur quaerat sunt laborum. Et quidem ut architecto sint natus officiis dolores harum. Commodi corporis recusandae praesentium non sed voluptas.', 966, 'West Victor', '57233', '2021-01-17 17:03:17', '0000-00-00 00:00:00'),
(481, 31, 18, '[\"https:\\/\\/images.pexels.com\\/photos\\/821652\\/pexels-photo-821652.jpeg\",\"https:\\/\\/images.pexels.com\\/photos\\/1388947\\/technology-telephone-mobile-smart-1388947.jpeg\",\"https:\\/\\/images.pexels.com\\/photos\\/719399\\/pexels-photo-719399.jpeg\",\"https:\\/\\/images.pexels.com\\/photos\\/5053740\\/pexels-photo-5053740.jpeg\"]', 'https://images.pexels.com/photos/1388947/technology-telephone-mobile-smart-1388947.jpeg', 0, 'Super titre 80', 'Eaque quia perferendis tempora nam voluptatem voluptatibus sunt qui. Molestiae qui natus qui hic cumque voluptatibus. Veritatis et asperiores dolor ab dolorem.', 457, 'North Svenville', '99570-7720', '2021-01-17 17:03:17', '0000-00-00 00:00:00'),
(482, 19, 18, '[\"https:\\/\\/images.pexels.com\\/photos\\/821652\\/pexels-photo-821652.jpeg\",\"https:\\/\\/images.pexels.com\\/photos\\/1388947\\/technology-telephone-mobile-smart-1388947.jpeg\",\"https:\\/\\/images.pexels.com\\/photos\\/719399\\/pexels-photo-719399.jpeg\",\"https:\\/\\/images.pexels.com\\/photos\\/5053740\\/pexels-photo-5053740.jpeg\"]', 'https://images.pexels.com/photos/719399/pexels-photo-719399.jpeg', 0, 'Super titre 81', 'Id suscipit rerum est molestiae quasi commodi sed. Veritatis quia distinctio velit aut aspernatur praesentium. Omnis aliquid tempore quo.', 794, 'Jacobsberg', '66759-3495', '2021-01-17 17:03:17', '0000-00-00 00:00:00'),
(483, 51, 9, '[\"https:\\/\\/images.pexels.com\\/photos\\/821652\\/pexels-photo-821652.jpeg\",\"https:\\/\\/images.pexels.com\\/photos\\/1388947\\/technology-telephone-mobile-smart-1388947.jpeg\",\"https:\\/\\/images.pexels.com\\/photos\\/719399\\/pexels-photo-719399.jpeg\",\"https:\\/\\/images.pexels.com\\/photos\\/5053740\\/pexels-photo-5053740.jpeg\"]', 'https://images.pexels.com/photos/719399/pexels-photo-719399.jpeg', 0, 'Super titre 82', 'Iure sed tenetur adipisci. Voluptas qui voluptas laborum aut perferendis amet sunt. Ipsa et iure rerum. Earum reiciendis culpa id est. Sapiente illo et doloribus vel quas.', 552, 'Macejkovicside', '56268', '2021-01-17 17:03:17', '0000-00-00 00:00:00'),
(484, 45, 13, '[\"https:\\/\\/images.pexels.com\\/photos\\/821652\\/pexels-photo-821652.jpeg\",\"https:\\/\\/images.pexels.com\\/photos\\/1388947\\/technology-telephone-mobile-smart-1388947.jpeg\",\"https:\\/\\/images.pexels.com\\/photos\\/719399\\/pexels-photo-719399.jpeg\",\"https:\\/\\/images.pexels.com\\/photos\\/5053740\\/pexels-photo-5053740.jpeg\"]', 'https://images.pexels.com/photos/821652/pexels-photo-821652.jpeg', 0, 'Super titre 83', 'Quo velit fugiat dicta omnis non distinctio. Illum rerum iusto optio illum veritatis eveniet. Quia velit nihil magnam ad qui tenetur id. Ipsum quia sequi id sed omnis consequuntur.', 646, 'Jasonborough', '90788', '2021-01-17 17:03:17', '0000-00-00 00:00:00'),
(485, 24, 9, '[\"https:\\/\\/images.pexels.com\\/photos\\/821652\\/pexels-photo-821652.jpeg\",\"https:\\/\\/images.pexels.com\\/photos\\/1388947\\/technology-telephone-mobile-smart-1388947.jpeg\",\"https:\\/\\/images.pexels.com\\/photos\\/719399\\/pexels-photo-719399.jpeg\",\"https:\\/\\/images.pexels.com\\/photos\\/5053740\\/pexels-photo-5053740.jpeg\"]', 'https://images.pexels.com/photos/821652/pexels-photo-821652.jpeg', 0, 'Super titre 84', 'Et reprehenderit sint non rem vero ut. Sequi libero dolorum et porro illum.', 991, 'Ricardohaven', '60966-7157', '2021-01-17 17:03:17', '0000-00-00 00:00:00'),
(486, 66, 17, '[\"https:\\/\\/images.pexels.com\\/photos\\/821652\\/pexels-photo-821652.jpeg\",\"https:\\/\\/images.pexels.com\\/photos\\/1388947\\/technology-telephone-mobile-smart-1388947.jpeg\",\"https:\\/\\/images.pexels.com\\/photos\\/719399\\/pexels-photo-719399.jpeg\",\"https:\\/\\/images.pexels.com\\/photos\\/5053740\\/pexels-photo-5053740.jpeg\"]', 'https://images.pexels.com/photos/1388947/technology-telephone-mobile-smart-1388947.jpeg', 0, 'Super titre 85', 'Illum odit nemo sed doloribus doloribus saepe quidem. Dolorem iure placeat nisi et et est. Fugit perspiciatis ipsum iure sunt. Reprehenderit labore voluptatibus error inventore vel.', 453, 'Lake Korbintown', '12379-9671', '2021-01-17 17:03:17', '0000-00-00 00:00:00'),
(487, 62, 1, '[\"https:\\/\\/images.pexels.com\\/photos\\/821652\\/pexels-photo-821652.jpeg\",\"https:\\/\\/images.pexels.com\\/photos\\/1388947\\/technology-telephone-mobile-smart-1388947.jpeg\",\"https:\\/\\/images.pexels.com\\/photos\\/719399\\/pexels-photo-719399.jpeg\",\"https:\\/\\/images.pexels.com\\/photos\\/5053740\\/pexels-photo-5053740.jpeg\"]', 'https://images.pexels.com/photos/1388947/technology-telephone-mobile-smart-1388947.jpeg', 0, 'Super titre 86', 'Tempore non tempora ducimus qui ea eos ut. Ut voluptas voluptatum tempora sequi modi. Commodi nostrum illum dolor non. Non nobis beatae quas architecto minus.', 812, 'Deckowmouth', '29665-7092', '2021-01-17 17:03:17', '0000-00-00 00:00:00'),
(488, 98, 16, '[\"https:\\/\\/images.pexels.com\\/photos\\/821652\\/pexels-photo-821652.jpeg\",\"https:\\/\\/images.pexels.com\\/photos\\/1388947\\/technology-telephone-mobile-smart-1388947.jpeg\",\"https:\\/\\/images.pexels.com\\/photos\\/719399\\/pexels-photo-719399.jpeg\",\"https:\\/\\/images.pexels.com\\/photos\\/5053740\\/pexels-photo-5053740.jpeg\"]', 'https://images.pexels.com/photos/719399/pexels-photo-719399.jpeg', 0, 'Super titre 87', 'Odit illum qui laborum cumque magni. Ea ut sed velit reiciendis doloribus. Quo optio hic repudiandae voluptatem amet dolores. Rem similique error at reiciendis rerum quos sapiente.', 368, 'Ryanstad', '24099-7746', '2021-01-17 17:03:17', '0000-00-00 00:00:00'),
(490, 20, 1, '[\"https:\\/\\/images.pexels.com\\/photos\\/821652\\/pexels-photo-821652.jpeg\",\"https:\\/\\/images.pexels.com\\/photos\\/1388947\\/technology-telephone-mobile-smart-1388947.jpeg\",\"https:\\/\\/images.pexels.com\\/photos\\/719399\\/pexels-photo-719399.jpeg\",\"https:\\/\\/images.pexels.com\\/photos\\/5053740\\/pexels-photo-5053740.jpeg\"]', 'https://images.pexels.com/photos/719399/pexels-photo-719399.jpeg', 0, 'Super titre 89', 'Nemo et iure magnam at voluptatem. Nostrum praesentium possimus qui ipsa beatae sunt. Non at nihil non autem et praesentium.', 803, 'Schadenside', '40136-9627', '2021-01-17 17:03:18', '0000-00-00 00:00:00'),
(491, 42, 9, '[\"https:\\/\\/images.pexels.com\\/photos\\/821652\\/pexels-photo-821652.jpeg\",\"https:\\/\\/images.pexels.com\\/photos\\/1388947\\/technology-telephone-mobile-smart-1388947.jpeg\",\"https:\\/\\/images.pexels.com\\/photos\\/719399\\/pexels-photo-719399.jpeg\",\"https:\\/\\/images.pexels.com\\/photos\\/5053740\\/pexels-photo-5053740.jpeg\"]', 'https://images.pexels.com/photos/719399/pexels-photo-719399.jpeg', 0, 'Super titre 90', 'Ea accusamus ut vero dicta in aut aut. Officia et ipsa et delectus. Est quidem dignissimos est voluptatibus non laborum.', 941, 'Saulshire', '04121-6991', '2021-01-17 17:03:18', '0000-00-00 00:00:00'),
(492, 23, 15, '[\"https:\\/\\/images.pexels.com\\/photos\\/821652\\/pexels-photo-821652.jpeg\",\"https:\\/\\/images.pexels.com\\/photos\\/1388947\\/technology-telephone-mobile-smart-1388947.jpeg\",\"https:\\/\\/images.pexels.com\\/photos\\/719399\\/pexels-photo-719399.jpeg\",\"https:\\/\\/images.pexels.com\\/photos\\/5053740\\/pexels-photo-5053740.jpeg\"]', 'https://images.pexels.com/photos/5053740/pexels-photo-5053740.jpeg', 0, 'Super titre 91', 'Neque expedita suscipit impedit pariatur itaque pariatur excepturi. Ut harum ipsum voluptas. Consectetur numquam animi qui voluptatem voluptatem.', 762, 'Caterinafort', '68397-9117', '2021-01-17 17:03:18', '0000-00-00 00:00:00'),
(493, 74, 15, '[\"https:\\/\\/images.pexels.com\\/photos\\/821652\\/pexels-photo-821652.jpeg\",\"https:\\/\\/images.pexels.com\\/photos\\/1388947\\/technology-telephone-mobile-smart-1388947.jpeg\",\"https:\\/\\/images.pexels.com\\/photos\\/719399\\/pexels-photo-719399.jpeg\",\"https:\\/\\/images.pexels.com\\/photos\\/5053740\\/pexels-photo-5053740.jpeg\"]', 'https://images.pexels.com/photos/5053740/pexels-photo-5053740.jpeg', 0, 'Super titre 92', 'Exercitationem voluptas maxime et sunt officiis. Nihil unde nihil quibusdam molestiae ea facere illum. Fuga omnis aut libero. Deserunt et illum et sunt ut.', 324, 'Rubyetown', '16556-2897', '2021-01-17 17:03:18', '0000-00-00 00:00:00'),
(494, 83, 16, '[\"https:\\/\\/images.pexels.com\\/photos\\/821652\\/pexels-photo-821652.jpeg\",\"https:\\/\\/images.pexels.com\\/photos\\/1388947\\/technology-telephone-mobile-smart-1388947.jpeg\",\"https:\\/\\/images.pexels.com\\/photos\\/719399\\/pexels-photo-719399.jpeg\",\"https:\\/\\/images.pexels.com\\/photos\\/5053740\\/pexels-photo-5053740.jpeg\"]', 'https://images.pexels.com/photos/719399/pexels-photo-719399.jpeg', 0, 'Super titre 93', 'Consequatur eum deleniti voluptatem veniam possimus. Nesciunt aut odit error consequuntur et molestias nulla. Voluptas officia corporis dolores magni omnis. Esse et quae nemo fuga est.', 149, 'East Lorenza', '24755-8883', '2021-01-17 17:03:18', '0000-00-00 00:00:00'),
(495, 25, 15, '[\"https:\\/\\/images.pexels.com\\/photos\\/821652\\/pexels-photo-821652.jpeg\",\"https:\\/\\/images.pexels.com\\/photos\\/1388947\\/technology-telephone-mobile-smart-1388947.jpeg\",\"https:\\/\\/images.pexels.com\\/photos\\/719399\\/pexels-photo-719399.jpeg\",\"https:\\/\\/images.pexels.com\\/photos\\/5053740\\/pexels-photo-5053740.jpeg\"]', 'https://images.pexels.com/photos/5053740/pexels-photo-5053740.jpeg', 0, 'Super titre 94', 'Necessitatibus earum voluptates eos. Laboriosam ea cumque mollitia magni. Illo voluptas repellendus tenetur at excepturi esse.', 937, 'Port Keyshawn', '32170-5992', '2021-01-17 17:03:18', '0000-00-00 00:00:00'),
(496, 90, 4, '[\"https:\\/\\/images.pexels.com\\/photos\\/821652\\/pexels-photo-821652.jpeg\",\"https:\\/\\/images.pexels.com\\/photos\\/1388947\\/technology-telephone-mobile-smart-1388947.jpeg\",\"https:\\/\\/images.pexels.com\\/photos\\/719399\\/pexels-photo-719399.jpeg\",\"https:\\/\\/images.pexels.com\\/photos\\/5053740\\/pexels-photo-5053740.jpeg\"]', 'https://images.pexels.com/photos/5053740/pexels-photo-5053740.jpeg', 0, 'Super titre 95', 'Excepturi similique saepe sed illo recusandae tenetur voluptatem. Quos aut inventore repellendus sunt. Assumenda vero voluptate enim occaecati. Repellendus tempore et totam.', 115, 'North Rahul', '44890-0259', '2021-01-17 17:03:18', '0000-00-00 00:00:00'),
(497, 29, 12, '[\"https:\\/\\/images.pexels.com\\/photos\\/821652\\/pexels-photo-821652.jpeg\",\"https:\\/\\/images.pexels.com\\/photos\\/1388947\\/technology-telephone-mobile-smart-1388947.jpeg\",\"https:\\/\\/images.pexels.com\\/photos\\/719399\\/pexels-photo-719399.jpeg\",\"https:\\/\\/images.pexels.com\\/photos\\/5053740\\/pexels-photo-5053740.jpeg\"]', 'https://images.pexels.com/photos/5053740/pexels-photo-5053740.jpeg', 0, 'Super titre 96', 'Similique sed harum dolores et. Impedit quam sed magnam facere iusto molestiae ullam. Itaque nihil et quia fuga praesentium ducimus.', 966, 'North Colten', '46948', '2021-01-17 17:03:18', '0000-00-00 00:00:00'),
(498, 22, 4, '[\"https:\\/\\/images.pexels.com\\/photos\\/821652\\/pexels-photo-821652.jpeg\",\"https:\\/\\/images.pexels.com\\/photos\\/1388947\\/technology-telephone-mobile-smart-1388947.jpeg\",\"https:\\/\\/images.pexels.com\\/photos\\/719399\\/pexels-photo-719399.jpeg\",\"https:\\/\\/images.pexels.com\\/photos\\/5053740\\/pexels-photo-5053740.jpeg\"]', 'https://images.pexels.com/photos/5053740/pexels-photo-5053740.jpeg', 0, 'Super titre 97', 'Et nulla fuga nostrum doloremque ut placeat et. Quam architecto laudantium rerum hic. Cumque impedit aut quos quae doloremque.', 360, 'Mafaldabury', '22509', '2021-01-17 17:03:18', '0000-00-00 00:00:00'),
(499, 8, 1, '[\"https:\\/\\/images.pexels.com\\/photos\\/821652\\/pexels-photo-821652.jpeg\",\"https:\\/\\/images.pexels.com\\/photos\\/1388947\\/technology-telephone-mobile-smart-1388947.jpeg\",\"https:\\/\\/images.pexels.com\\/photos\\/719399\\/pexels-photo-719399.jpeg\",\"https:\\/\\/images.pexels.com\\/photos\\/5053740\\/pexels-photo-5053740.jpeg\"]', 'https://images.pexels.com/photos/1388947/technology-telephone-mobile-smart-1388947.jpeg', 0, 'Super titre 98', 'Quas aperiam distinctio illum neque. Cum impedit est maiores. Veniam ut excepturi deleniti vitae. Facere laborum minus corrupti minus aut.', 569, 'Micaelaberg', '82237-5999', '2021-01-17 17:03:18', '0000-00-00 00:00:00'),
(500, 41, 3, '[\"https:\\/\\/images.pexels.com\\/photos\\/821652\\/pexels-photo-821652.jpeg\",\"https:\\/\\/images.pexels.com\\/photos\\/1388947\\/technology-telephone-mobile-smart-1388947.jpeg\",\"https:\\/\\/images.pexels.com\\/photos\\/719399\\/pexels-photo-719399.jpeg\",\"https:\\/\\/images.pexels.com\\/photos\\/5053740\\/pexels-photo-5053740.jpeg\"]', 'https://images.pexels.com/photos/821652/pexels-photo-821652.jpeg', 0, 'Super titre 99', 'Sapiente voluptas expedita veniam animi. Ullam assumenda voluptas accusamus cupiditate.', 563, 'Catharinefort', '54658', '2021-01-17 17:03:18', '0000-00-00 00:00:00'),
(501, 501, 1, '[\"1611059141-pexels-marcus-lenk-5721941.jpg\"]', '1611059141-pexels-marcus-lenk-5721941.jpg', 0, 'Super titre 900', 'Hello world', 12, 'Aix en provence', '13100', '2021-01-19 13:25:41', '0000-00-00 00:00:00'),
(502, 501, 1, '[\"\\/tynkle\\/app\\/public\\/uploads\\/1611059503-pexels-marcus-lenk-5721941.jpg\",\"\\/tynkle\\/app\\/public\\/uploads\\/1611059503-pexels-mati-mango-4052809.jpg\"]', '/tynkle/app/public/uploads/1611059503-pexels-marcus-lenk-5721941.jpg', 0, 'Super titre 901', 'Hello world 2', 22, 'Aix en provence', '13100', '2021-01-19 13:31:43', '0000-00-00 00:00:00'),
(503, 501, 1, '[\"\\/tynkle\\/app\\/public\\/uploads\\/1611137191-pexels-marcus-lenk-5721941.jpg\",\"\\/tynkle\\/app\\/public\\/uploads\\/1611137191-pexels-mati-mango-4052809.jpg\"]', '/tynkle/app/public/uploads/1611137191-pexels-marcus-lenk-5721941.jpg', 0, 'Test 1500', '  Lorem ipsum dolor sit amet consectetur, adipisicing elit. Dicta facilis consequuntur adipisci quis impedit consectetur laudantium, quas fuga ex assumenda, dolorem ipsum. Quisquam nihil ducimus voluptas quam in natus eligendi?\r\n\r\n   ', 45, 'Aix en provence', '13103', '2021-01-20 10:48:09', '2021-01-20 11:06:31');

-- --------------------------------------------------------

--
-- Structure de la table `skills`
--

CREATE TABLE `skills` (
  `id` int(11) NOT NULL,
  `name` varchar(100) NOT NULL,
  `created_at` datetime NOT NULL DEFAULT current_timestamp(),
  `updated_at` datetime NOT NULL DEFAULT '0000-00-00 00:00:00' ON UPDATE current_timestamp()
) ENGINE=InnoDB DEFAULT CHARSET=utf8mb4;

-- --------------------------------------------------------

--
-- Structure de la table `users`
--

CREATE TABLE `users` (
  `id` int(11) NOT NULL,
  `username` varchar(25) NOT NULL,
  `firstname` varchar(25) DEFAULT NULL,
  `lastname` varchar(25) DEFAULT NULL,
  `birthdate` date DEFAULT NULL,
  `email` varchar(50) NOT NULL,
  `adress` varchar(255) DEFAULT NULL,
  `phone_number` varchar(25) DEFAULT NULL,
  `password` varchar(255) NOT NULL,
  `lat` double DEFAULT NULL,
  `lon` double DEFAULT NULL,
  `is_helper` tinyint(1) NOT NULL DEFAULT 0,
  `is_admin` tinyint(1) NOT NULL DEFAULT 0,
  `created_at` datetime NOT NULL DEFAULT current_timestamp(),
  `updated_at` datetime NOT NULL DEFAULT '0000-00-00 00:00:00' ON UPDATE current_timestamp()
) ENGINE=InnoDB DEFAULT CHARSET=utf8mb4;

--
-- Déchargement des données de la table `users`
--

INSERT INTO `users` (`id`, `username`, `firstname`, `lastname`, `birthdate`, `email`, `adress`, `phone_number`, `password`, `lat`, `lon`, `is_helper`, `is_admin`, `created_at`, `updated_at`) VALUES
(1, 'ima11', 'Schumm', 'Deron', '1974-07-07', 'justice.grimes@hotmail.com', '1855 Lysanne Oval\nLake Irma, TX 30284-4468', '886.810.0272 x510', '$2y$10$Ed2LdXi45Ymhj5q/Mids1OPiNQHuW2cs4BqZbXghiLsZAaw2nzr0O', NULL, NULL, 0, 0, '2021-01-17 15:24:45', '0000-00-00 00:00:00'),
(2, 'laurine.lueilwitz', 'Reichel', 'Jadon', '1974-01-18', 'hyatt.marisol@ziemann.com', '743 Deangelo Circles Apt. 637\nNew Mariahmouth, IL 45611-5891', '+15728750125', '$2y$10$CheQJ4yFWLXgQu3OGIFM2OnzsQPTMJZoJh1hrhhHxqPF790SWNinq', NULL, NULL, 0, 0, '2021-01-17 15:24:45', '0000-00-00 00:00:00'),
(3, 'moriah.sporer', 'Kshlerin', 'Alan', '1999-08-26', 'ferry.fidel@hotmail.com', '702 Wiley Ville Apt. 964\nMichelton, CT 28312', '929-730-3551 x634', '$2y$10$J9zbrYoBxe9lmRNdR6T8juUjAmEQO1rxJAVNPXkoMzSoIQ/L.fzFS', NULL, NULL, 0, 0, '2021-01-17 15:24:45', '0000-00-00 00:00:00'),
(4, 'rasheed08', 'Ernser', 'Orin', '2006-04-08', 'murazik.alfredo@yahoo.com', '9798 Quinton Heights Suite 637\nPort Jarod, MN 59557-6987', '(231) 954-1002 x43754', '$2y$10$uIwKX0LzsQzsQ64cMnxz.eSWDgMG3oN8kv0MJgsN6XGwXeFMw4LmC', NULL, NULL, 0, 0, '2021-01-17 15:24:45', '0000-00-00 00:00:00'),
(5, 'schuppe.aubree', 'Douglas', 'Charlie', '2002-06-15', 'jones.kristopher@yahoo.com', '9408 Carmelo Rest Apt. 168\nLake Esmeraldahaven, VT 58187', '795.208.8791 x998', '$2y$10$RjyWeYL4JyzB6Af4QLFzweC9a9NnVixatljcVQPxK3DnIHFuVfBzK', NULL, NULL, 0, 0, '2021-01-17 15:24:45', '0000-00-00 00:00:00'),
(6, 'justina77', 'Lueilwitz', 'Roma', '1971-03-15', 'helga.erdman@kris.biz', '72767 Moore Meadow\nKalemouth, CA 94889', '(650) 217-9420 x2827', '$2y$10$oppDWtLyZPGJerfX3jm0rO2gdFExSiV4dXYvsRAYGhha6Sb5YBO8C', NULL, NULL, 0, 0, '2021-01-17 15:24:45', '0000-00-00 00:00:00'),
(7, 'stroman.carmela', 'Ward', 'Drew', '2012-12-29', 'claud23@spinka.com', '8027 O\'Keefe Rapids\nYazminshire, FL 18377-6343', '324.955.2981 x21801', '$2y$10$pZl4Oe9gIrXTL7RwmySF7O5MMQJNYaD5A3zRl4WL2gTkKLnTtglCm', NULL, NULL, 0, 0, '2021-01-17 15:24:45', '0000-00-00 00:00:00'),
(8, 'stehr.marietta', 'Okuneva', 'Camila', '1991-09-13', 'yebert@gmail.com', '4815 Hodkiewicz Valley\nNew Kimberly, NE 86917', '(696) 517-1498', '$2y$10$.dw2.usNnMxYhMKo1XeBhePn6I4z1PV2zk9X/bckX9LjqP3Skhb4e', NULL, NULL, 0, 0, '2021-01-17 15:24:46', '0000-00-00 00:00:00'),
(9, 'jacobi.velda', 'Fisher', 'Cydney', '1970-10-02', 'pouros.travon@durgan.com', '18457 Osinski Avenue Suite 106\nNorth Eleazarbury, NJ 17651', '(597) 723-5686', '$2y$10$OHtrLu50WQ2Qn.OcDp7L.eL1r5/69LXMKSk1knekgoZ.Ll2rttW/.', NULL, NULL, 0, 0, '2021-01-17 15:24:46', '0000-00-00 00:00:00'),
(10, 'bernice.skiles', 'Schoen', 'Litzy', '2018-12-31', 'nblanda@effertz.info', '1798 Torphy Valleys\nCorneliusbury, GA 01717-1598', '(229) 658-0454 x956', '$2y$10$Ul9f80h792zg7fd8/DFlDuOikjRufaK3Io0Y2DtePx1hrIe3iNGoq', NULL, NULL, 0, 0, '2021-01-17 15:24:46', '0000-00-00 00:00:00'),
(11, 'katheryn24', 'Lockman', 'Camron', '2012-09-30', 'agraham@hotmail.com', '102 Sauer Station Apt. 931\nTillmantown, NY 28645', '1-296-220-7202 x5431', '$2y$10$bWq1m9QbQGy4WHj/E6yIdeB/AcCN4rCgUpJoXLql6OvfJuvF96KzG', NULL, NULL, 0, 0, '2021-01-17 15:24:46', '0000-00-00 00:00:00'),
(12, 'brandy.eichmann', 'Baumbach', 'Shea', '1976-02-12', 'nkutch@rippin.com', '796 Mante Loaf Suite 107\nO\'Connellbury, GA 89601', '+1-543-969-8090', '$2y$10$komAuU5AlEY9ZUR11Y2SVuCVvFXQFNA5ndxGcZSAuKervX8i2QoG.', NULL, NULL, 0, 0, '2021-01-17 15:24:46', '0000-00-00 00:00:00'),
(13, 'easton.gleichner', 'Cummings', 'Myles', '2004-02-14', 'mbrekke@braun.com', '61799 Zetta Via Suite 098\nJakubowskibury, PA 89911', '867.226.9564 x85568', '$2y$10$CcBPiJLMUGHdGLzF1SccdeoxRBTecSEvV6IlPEnq0h3kprR8OnMMa', NULL, NULL, 0, 0, '2021-01-17 15:24:46', '0000-00-00 00:00:00'),
(14, 'sage22', 'Harvey', 'Eusebio', '1993-05-12', 'breanna35@gmail.com', '1763 Dickens Terrace Suite 846\nReingerbury, WY 08755', '+1-450-371-1180', '$2y$10$N89eQhPSsACnhl44t84BF.MKyJmDyIEXz7QzG/fAhGqJGHO6wPaIy', NULL, NULL, 0, 0, '2021-01-17 15:24:46', '0000-00-00 00:00:00'),
(15, 'obie.klein', 'Bednar', 'Savannah', '1971-05-24', 'meda.cummings@senger.org', '94929 Yundt Forge\nSouth Imogenechester, NJ 65610', '1-487-587-0390 x35470', '$2y$10$laYFLhVYCSp7Pcp9lGQAb.yE8rrMo8mjZ6WASLwArG8fo7zka3pFK', NULL, NULL, 0, 0, '2021-01-17 15:24:46', '0000-00-00 00:00:00'),
(16, 'olson.janelle', 'Lakin', 'Larissa', '2020-07-24', 'wisozk.annabelle@gmail.com', '81114 Stoltenberg Mill Apt. 487\nPort Jazmin, VT 22639', '+1-653-603-4898', '$2y$10$ue.UYFc9pU9iOWQ28BEsce2UVOc7Ezssm0NgNsHiFR2tOpGqn7gcu', NULL, NULL, 0, 0, '2021-01-17 15:24:46', '0000-00-00 00:00:00'),
(17, 'vincenza35', 'Hayes', 'Joannie', '1992-11-14', 'jones.lucius@hotmail.com', '5804 Johnson Manors\nJeniferview, AZ 44796-1553', '(557) 398-5202', '$2y$10$UigJwP77yG4o.NLGuBuRhO6NookFjoTQfwpaXyHAeXQma6T7HxX7C', NULL, NULL, 0, 0, '2021-01-17 15:24:46', '0000-00-00 00:00:00'),
(18, 'aileen.johns', 'Koss', 'Aurelia', '2007-04-23', 'mccullough.weston@gmail.com', '39215 Dianna Mill Suite 025\nPort Kaileyborough, IA 28369', '1-248-237-2334 x892', '$2y$10$viyn2bMYQVnpnotDV3hPk.nQvplhjrMIXCav1SvA6GW7PTH6FiYWe', NULL, NULL, 0, 0, '2021-01-17 15:24:46', '0000-00-00 00:00:00'),
(19, 'uwilliamson', 'Connelly', 'Dorris', '1990-05-03', 'jakubowski.jaleel@oconnell.com', '1911 Weber Rue Apt. 064\nPort Evelyn, VA 06925-3507', '(843) 826-0969 x24134', '$2y$10$RInj54J3EqaPtoXsYWO8fuvJGpLQyAgtDlWV.JoCtT8Do9RrkMLtm', NULL, NULL, 0, 0, '2021-01-17 15:24:46', '0000-00-00 00:00:00'),
(20, 'grant.lonny', 'Lang', 'Addison', '2020-08-26', 'nya.nienow@berge.com', '19584 Toney Roads Apt. 741\nLake Dockburgh, OH 72232-1022', '1-405-505-1583 x176', '$2y$10$xHrlfILV2oh5uEZL7qP8Cuq0z1AJwsp47s6Rt58cN4pbpVYIp5aS6', NULL, NULL, 0, 0, '2021-01-17 15:24:46', '0000-00-00 00:00:00'),
(21, 'wbrakus', 'Dicki', 'Stefanie', '1993-04-13', 'feil.wilson@hotmail.com', '946 Laila Vista\nSouth Minnieton, VA 03477-0174', '561-860-7755 x199', '$2y$10$NgD17u2/PJBenBim0i13Xu0UbjowP7iEZbbtcSXmZsZusp0A1EXzu', NULL, NULL, 0, 0, '2021-01-17 15:24:46', '0000-00-00 00:00:00'),
(22, 'will02', 'Nader', 'Heloise', '1978-07-28', 'ora81@hickle.com', '301 Dickens Common Suite 235\nAdachester, WY 29862-1949', '215.287.3321 x77407', '$2y$10$p8MhCQCvzI5Z9Uy5lb32FeJNmugTfDcMsjWG2e3CY.jUQpxZMrFG2', NULL, NULL, 0, 0, '2021-01-17 15:24:46', '0000-00-00 00:00:00'),
(23, 'schamberger.virginia', 'Prohaska', 'Ashley', '1979-03-02', 'parisian.ervin@klein.com', '15488 Randal Streets Apt. 868\nWunschfurt, NC 88358', '961.475.5656', '$2y$10$crbmsylnewQCvkd8f6N9CucD/kXGXlxZz0i8doJx.9tXVSd0nl6b6', NULL, NULL, 0, 0, '2021-01-17 15:24:46', '0000-00-00 00:00:00'),
(24, 'bradtke.nelle', 'Huels', 'Thalia', '1978-08-23', 'ward.mackenzie@gleichner.com', '473 Considine Track Apt. 463\nPort Vinniefurt, MA 40299', '+1.706.553.3079', '$2y$10$0slpgeb0KpPzjOGuoxIa/eRdODjKJMXkULsm0Gcfa2RO7eVRJ9dg6', NULL, NULL, 0, 0, '2021-01-17 15:24:47', '0000-00-00 00:00:00'),
(25, 'katelyn.pouros', 'Okuneva', 'Donald', '1999-03-25', 'towne.archibald@beatty.com', '18511 Oleta Trail\nKylamouth, NC 64005-3887', '+19286453878', '$2y$10$nYrgMx8VNya05HEsd6fpPONM.bISDrbRKrjE9v8ZaAwrRwOx64Q1G', NULL, NULL, 0, 0, '2021-01-17 15:24:47', '0000-00-00 00:00:00'),
(26, 'cwuckert', 'White', 'Ebba', '2019-07-21', 'tweber@ullrich.org', '58587 Pollich Stravenue Suite 419\nLake Dwightberg, WI 54886', '330-395-5078 x7236', '$2y$10$uclruA72zPcUTbEOHnF.kOEAwobrw31s0RL7K2pJfPafxPZSm.PIm', NULL, NULL, 0, 0, '2021-01-17 15:24:47', '0000-00-00 00:00:00'),
(27, 'annie.moore', 'Stiedemann', 'Darion', '1979-01-02', 'moore.newton@yahoo.com', '46847 Juwan Tunnel\nWest Fernport, NM 28148-2587', '1-358-219-6166 x303', '$2y$10$z4ux9bQxSagW2vvNduNFXOypkYrgNVNYrIb1nZzjfFou2u5dsnB.u', NULL, NULL, 0, 0, '2021-01-17 15:24:47', '0000-00-00 00:00:00'),
(28, 'zaria53', 'Koepp', 'Gerard', '2015-11-12', 'prosacco.selmer@yahoo.com', '43340 Arlene Ranch Suite 145\nLake Wilton, NE 84407', '803.745.8723 x9012', '$2y$10$NhBfMRJ/KMoOQfCBYk76Iea/ARKz9CeI/g4rPhAkY2DHIw.9Al3ru', NULL, NULL, 0, 0, '2021-01-17 15:24:47', '0000-00-00 00:00:00'),
(29, 'xreichert', 'Waters', 'Darren', '2019-12-19', 'maggie36@yahoo.com', '255 Windler Prairie\nEleanoraport, MO 58200', '1-917-950-7408 x29750', '$2y$10$H/XXrfYmRXl3PzATXDVZKOnmlFkQOkNQRLmJr2ggPQmQTQX1iRyCG', NULL, NULL, 0, 0, '2021-01-17 15:24:47', '0000-00-00 00:00:00'),
(30, 'patricia75', 'Wisoky', 'Adriana', '1974-04-02', 'kub.ludie@nienow.com', '41174 Michael Springs\nStokesmouth, HI 57787-7565', '1-306-790-0179', '$2y$10$QfRYmrFQ8R21fyfiqTnNVeuC1PIkG5MST8MkECPL0CI98kxj/Hi3y', NULL, NULL, 0, 0, '2021-01-17 15:24:47', '0000-00-00 00:00:00'),
(31, 'jhintz', 'Roob', 'Miguel', '1998-03-25', 'durgan.nikolas@hotmail.com', '8918 Beatty Loop\nVivianeberg, TN 19325', '404.882.5232 x776', '$2y$10$b2/x7lEmWBJHrFS..cNS3O.KKwLrXm6k0CCZI3O4iOcFWRl9ZUqO.', NULL, NULL, 0, 0, '2021-01-17 15:24:47', '0000-00-00 00:00:00'),
(32, 'abby.bogisich', 'Nikolaus', 'Kara', '2015-12-14', 'quigley.stacey@anderson.com', '208 Samara Freeway\nMillsshire, WI 64471-8317', '260.793.1670 x47779', '$2y$10$DYwtFYpW6cApXrXIHVTMz.6/6HgUUy45KfawuqJxqFsYI2c0ZPiOG', NULL, NULL, 0, 0, '2021-01-17 15:24:47', '0000-00-00 00:00:00'),
(33, 'cecile28', 'Hoppe', 'Verda', '1986-08-02', 'clangosh@yahoo.com', '395 Gutmann Expressway Suite 776\nKlinghaven, TN 23399', '741-656-9360', '$2y$10$iwh9PNWUxYvur.10Iw6R/Okn7PZcWsGiWm0PuYLdgAtDXb1CUP1rC', NULL, NULL, 0, 0, '2021-01-17 15:24:47', '0000-00-00 00:00:00'),
(34, 'america74', 'Morissette', 'Rhea', '2003-01-15', 'rogelio43@hotmail.com', '718 Boyer Meadows Apt. 696\nNorth Kittymouth, DE 81465', '(428) 206-0008 x79366', '$2y$10$GWfhuSlQCYVm.sYt2e4mje55hVgrvVs2pxFNYwy/1NrUTWrg44eFS', NULL, NULL, 0, 0, '2021-01-17 15:24:47', '0000-00-00 00:00:00'),
(35, 'ola.fadel', 'Schoen', 'Frederique', '2019-06-11', 'aturner@prohaska.biz', '795 McClure Shores\nBurleymouth, MI 02797', '1-531-942-6170', '$2y$10$F45lRu3G6rRXvAYmm.icfudtf4JKtwoh/J3Jx5VZc.f1eWpOS6NlS', NULL, NULL, 0, 0, '2021-01-17 15:24:47', '0000-00-00 00:00:00'),
(36, 'gaylord.ruth', 'Skiles', 'Davin', '1972-11-10', 'stark.stella@jaskolski.com', '9263 Mayert Points Suite 925\nLake Alexandraland, NV 68030', '337.787.5258', '$2y$10$BtrMkBGXMnD8lGeXiFjYW.tvqOZLAS2K5UQPDqW4vpXYvDlaiuudG', NULL, NULL, 0, 0, '2021-01-17 15:24:47', '0000-00-00 00:00:00'),
(37, 'judson15', 'Thiel', 'Eveline', '2007-04-06', 'anissa.batz@watsica.com', '87233 Conroy Prairie\nKihnberg, RI 59902', '+1-623-782-8774', '$2y$10$8ISLZwovodLtkGX/Zmrc/uuPtBxh35idN9kgmnh7v6vOBYuUVVMtO', NULL, NULL, 0, 0, '2021-01-17 15:24:47', '0000-00-00 00:00:00'),
(38, 'koepp.laila', 'Kerluke', 'Carlotta', '1989-08-19', 'halvorson.tia@yahoo.com', '699 Sarai Spur\nWest Jarred, ID 60741', '271.318.0785 x5010', '$2y$10$eBpGHya0/IEwMvVNkc7wfOMVQyF5Suut16brWXlZTJ2wbVWb/iywC', NULL, NULL, 0, 0, '2021-01-17 15:24:47', '0000-00-00 00:00:00'),
(39, 'hwolff', 'Quitzon', 'Shakira', '1991-12-04', 'vstrosin@hotmail.com', '4389 Hellen Unions\nNorth Enolafort, OR 28193', '+1.669.244.2234', '$2y$10$55CZtQZr3NZwI1CXiFLhguD.I.feXLbtki5lAg9ALAQ4T1CbsHBii', NULL, NULL, 0, 0, '2021-01-17 15:24:47', '0000-00-00 00:00:00'),
(40, 'germaine.johnson', 'O\'Conner', 'Marlon', '2003-11-29', 'madisen.thiel@waelchi.com', '2841 Shany Light Apt. 587\nNorth Dejah, OK 67891', '(771) 480-0529 x8654', '$2y$10$tzRSwJbmsuhqhfVfDv4eLezzwe4hx/i656AbrFVbHXCiMNx9GDS7e', NULL, NULL, 0, 0, '2021-01-17 15:24:48', '0000-00-00 00:00:00'),
(41, 'meta.hamill', 'O\'Hara', 'Kylee', '1982-03-25', 'lafayette24@crist.net', '4924 Hessel Cape Apt. 065\nEast Glennie, NM 51374', '756-219-3826 x8818', '$2y$10$546qT7ThnYdG0/dIks/./ugkeQkUomEpOAvoDO9ck6pbXAddYf3EC', NULL, NULL, 0, 0, '2021-01-17 15:24:48', '0000-00-00 00:00:00'),
(42, 'cummerata.emmitt', 'Purdy', 'Libbie', '2005-07-25', 'okon.celestine@jones.com', '41142 Sawayn Summit Suite 757\nNorth Mae, SC 70740', '220.708.6575 x0572', '$2y$10$M1.YTfLzqkXB4dqe4LeCQu2WQKEs0FUsjSdi2wlR3qBSAr5WHfVaq', NULL, NULL, 0, 0, '2021-01-17 15:24:48', '0000-00-00 00:00:00'),
(43, 'trystan.deckow', 'Marvin', 'Xander', '1983-10-03', 'milton99@hagenes.info', '79335 Edgardo Plains\nNew Rosemarietown, OK 86318-6960', '(627) 329-7427', '$2y$10$5Ej0o/lCMLk/96RA4cklbeT.2yr8OEZiH004Bihxk3iR9U9RgTaNS', NULL, NULL, 0, 0, '2021-01-17 15:24:48', '0000-00-00 00:00:00'),
(44, 'amie.johnson', 'Goyette', 'Ellsworth', '1996-09-20', 'thompson.micaela@hotmail.com', '910 Shane Pike\nMauriceburgh, TN 07312', '850-802-4680 x34896', '$2y$10$a7HAHdYwtLMkwks8hIxPwOv8q5d7NbqIgerE6Uzsx/oz23AUCuKbu', NULL, NULL, 0, 0, '2021-01-17 15:24:48', '0000-00-00 00:00:00'),
(45, 'mueller.godfrey', 'Kiehn', 'Brian', '1993-09-29', 'hbarrows@gmail.com', '9549 Marlon Wall\nWilhelmburgh, VA 49353', '320-943-1543 x817', '$2y$10$R5utKJA1Dr.KxBNbv6xk2eG5EvCZbgP72SxBucmA0ZIwYLssQj7mG', NULL, NULL, 0, 0, '2021-01-17 15:24:48', '0000-00-00 00:00:00'),
(46, 'ocie73', 'Littel', 'Roxanne', '2013-03-24', 'sbode@hotmail.com', '335 Abernathy Village Apt. 021\nMaximillianmouth, MD 61763-9762', '904.771.4818 x52443', '$2y$10$uXz6P1J0R3WkpuH3eKNYDe4Etfv7eT/utFZ6.ZW0jjCLTBAA9Alja', NULL, NULL, 0, 0, '2021-01-17 15:24:48', '0000-00-00 00:00:00'),
(47, 'abe.gleason', 'Hermiston', 'Maurine', '1997-03-05', 'maureen10@gmail.com', '67530 Friesen Loaf\nLesleyton, VT 99681-3476', '506-667-5143 x101', '$2y$10$LDI5.VrcyXSnaGAntgctSu9MqT9.fR36cQyLjYS/ETYUUTy9NpnP.', NULL, NULL, 0, 0, '2021-01-17 15:24:48', '0000-00-00 00:00:00'),
(48, 'franz27', 'Wiegand', 'Ayden', '1983-11-20', 'zella80@gmail.com', '229 Tito Bridge Suite 128\nPort Maximo, IN 97068-2074', '(895) 412-1710', '$2y$10$feXXe6DAzyQT.uM9k4YbLOudqN7xlM45mBcMsjbGH2cfTflUQVxHq', NULL, NULL, 0, 0, '2021-01-17 15:24:48', '0000-00-00 00:00:00'),
(49, 'katrina55', 'Jenkins', 'Raleigh', '1983-06-07', 'strosin.bruce@jast.net', '6162 Lockman Estates Apt. 170\nPort Mauricio, CO 34066-4493', '1-321-839-4811 x721', '$2y$10$X52aIhL45pIIPbff0VJr2e2bslf.Cl1mz0HPJsRP58qmeEXiIImP.', NULL, NULL, 0, 0, '2021-01-17 15:24:48', '0000-00-00 00:00:00'),
(50, 'jordi74', 'Turner', 'Vida', '1991-10-14', 'fdeckow@stiedemann.com', '56749 Gibson Haven Apt. 696\nLake Norwoodstad, ND 42486-0759', '(390) 483-4102 x0008', '$2y$10$rZglXQyfUlses70mQNsPNeNwCt05YmspmsTIPimCU554lcElvG0h.', NULL, NULL, 0, 0, '2021-01-17 15:24:48', '0000-00-00 00:00:00'),
(51, 'willa92', 'Adams', 'Stephania', '2007-01-29', 'dannie98@wilderman.com', '9337 Sterling Light Suite 967\nEast Jarrodborough, SD 80822', '956-862-8566', '$2y$10$nRhABSWcwjJzzf1tg2DVTuwzTAeSiPYCLVfQzwbp.rJJAXyA7N1Fu', NULL, NULL, 0, 0, '2021-01-17 15:24:48', '0000-00-00 00:00:00'),
(52, 'purdy.tyrese', 'Schmidt', 'Rita', '2012-11-01', 'haven73@yahoo.com', '79851 Turcotte Fall\nSouth Annamaehaven, WA 80850-3150', '(773) 950-5360', '$2y$10$WtiGydgpYyn0gJj9m3cIcu4gzJsj2zK6tVFw2K63drhIxn2.XtdG.', NULL, NULL, 0, 0, '2021-01-17 15:24:48', '0000-00-00 00:00:00'),
(53, 'bahringer.clementina', 'Wolf', 'Helga', '1990-01-07', 'kozey.ralph@hotmail.com', '256 Maggio Mission Suite 426\nEinoburgh, WI 79900-4417', '685.953.4423', '$2y$10$TmUM4ndB3wZC52uWmCohguVeGkMV/khHNdpFeOoIlyXGtnygApJMu', NULL, NULL, 0, 0, '2021-01-17 15:24:48', '0000-00-00 00:00:00'),
(54, 'blanche87', 'Huel', 'Eleazar', '1999-04-15', 'uhermann@hotmail.com', '301 Corkery Viaduct Suite 078\nHoracetown, SD 17093', '848.638.4193 x2232', '$2y$10$h0l00BDw48eoNIx8QN38quvMc8L1ZWrtnSHGNMSKDSg6Ms8ITjpNS', NULL, NULL, 0, 0, '2021-01-17 15:24:48', '0000-00-00 00:00:00'),
(55, 'alexanne.runte', 'Morar', 'Antoinette', '1974-07-30', 'tromp.lloyd@yahoo.com', '10042 Prohaska Ridge Suite 465\nVonRuedenmouth, CA 40562', '+1.231.444.4110', '$2y$10$fkYpVsqbF391XTNI6v0ZueVwf2.JBUId0ANbmnQ8SphbX62j7decC', NULL, NULL, 0, 0, '2021-01-17 15:24:48', '0000-00-00 00:00:00'),
(56, 'hollie.bogan', 'Green', 'Genoveva', '2007-12-24', 'preston83@yahoo.com', '3516 Marjolaine Radial\nBlaisehaven, OR 31034', '1-726-416-6923 x35819', '$2y$10$6KOj30H5GAiqQEBh8pHtzOS3vLf.ormg2Nc7oE8QdmDwsCCpzzRJe', NULL, NULL, 0, 0, '2021-01-17 15:24:48', '0000-00-00 00:00:00'),
(57, 'clay.runolfsdottir', 'Koch', 'Hollis', '1997-07-29', 'willie38@weissnat.biz', '7588 Lueilwitz Stream Apt. 047\nOkunevaland, OK 26742', '320-249-3797 x74568', '$2y$10$8dRkkJR3jE1AMVjBwRlPFOO6tO36mCN5GbWX/7syXBrnwczx3Wle.', NULL, NULL, 0, 0, '2021-01-17 15:24:49', '0000-00-00 00:00:00'),
(58, 'chandler01', 'Jacobi', 'Jessy', '2002-04-04', 'hhomenick@gmail.com', '7538 Doyle Spring\nAndersonmouth, KY 05576-9912', '987.378.7525 x6487', '$2y$10$bIUT70/VV.CPc.70D0PCC.V5kJaII9euhQbX22OrmLAVqL4eR0rnm', NULL, NULL, 0, 0, '2021-01-17 15:24:49', '0000-00-00 00:00:00'),
(59, 'wunsch.jordi', 'Hayes', 'Murphy', '1982-03-13', 'bhomenick@ebert.com', '2623 Rohan Ridges Suite 977\nMadisynfort, DC 05592', '913.718.4742 x658', '$2y$10$8qefc/fBL2sG1Vedg8YRH.ESJpQpISwr.z931xEFMpW5HqAd6tVQW', NULL, NULL, 0, 0, '2021-01-17 15:24:49', '0000-00-00 00:00:00'),
(60, 'amber54', 'Bartell', 'Isadore', '2002-05-11', 'oosinski@hotmail.com', '1808 Buckridge Ports\nPort Noemie, WI 84440', '+1-582-487-8515', '$2y$10$ohQNlvHvZKu7vquw9TGQOucSt.hmzCUwSpW7sWdzVuxqlmQjGtbVm', NULL, NULL, 0, 0, '2021-01-17 15:24:49', '0000-00-00 00:00:00'),
(61, 'mark.runolfsson', 'Oberbrunner', 'Jaclyn', '1998-02-19', 'pollich.moses@gmail.com', '72972 Marjorie Groves\nLake Branttown, VA 06348-2028', '830-486-5056 x305', '$2y$10$9mhqs2mBp3Se2Z2vMqbxaOwP4vEo.KKc9S2AGlTuDnEwCpI5UIJhW', NULL, NULL, 0, 0, '2021-01-17 15:24:49', '0000-00-00 00:00:00'),
(62, 'hauer', 'Fay', 'Odell', '1971-08-19', 'koepp.orrin@schowalter.biz', '61527 Winston Ports Suite 882\nMcDermotthaven, NJ 28641', '+1 (268) 831-5156', '$2y$10$JTMx76fYey8V2UJv5ksZ2ObAfWhpQkFFsZzXVU5hR1tfT0Awtv6Qi', NULL, NULL, 0, 0, '2021-01-17 15:24:49', '0000-00-00 00:00:00'),
(63, 'joannie62', 'Hammes', 'Christian', '1972-06-19', 'yyost@yahoo.com', '15238 Thiel Isle\nEast Armani, NH 37796-4880', '640-543-2708 x025', '$2y$10$aP6DYcjJMYN7EeZ9Ss9Yo.CMZuFYXaIX0uy6MtAytT7nnFNwq.PpC', NULL, NULL, 0, 0, '2021-01-17 15:24:49', '0000-00-00 00:00:00'),
(64, 'kirstin.gorczany', 'Tillman', 'Jaqueline', '1981-10-03', 'qschinner@hotmail.com', '938 Swaniawski Centers Suite 364\nHodkiewiczburgh, WA 73234-5810', '407-982-3087 x24959', '$2y$10$13Lb4.h6cSDbvo9PfDcaoe/sIuDDsrEkDGJLoXsTyz0AFzi11367i', NULL, NULL, 0, 0, '2021-01-17 15:24:49', '0000-00-00 00:00:00'),
(65, 'kenna14', 'McCullough', 'Marilou', '1998-03-21', 'burdette.strosin@gmail.com', '96295 Jakubowski Key Suite 503\nSouth Ellis, DC 51416-7759', '270.771.1212 x7265', '$2y$10$L5.EovyOWRAZ3uxky38ni.mV0yrtVzp.3Sniq/uBVyec2iRDZupOy', NULL, NULL, 0, 0, '2021-01-17 15:24:49', '0000-00-00 00:00:00'),
(66, 'uabernathy', 'Collins', 'Vidal', '1992-08-10', 'elmira65@yahoo.com', '4996 Windler Passage\nEunaburgh, HI 27102', '267-525-2370 x347', '$2y$10$IfRgTg75KMbgt3WlsMNAbucMog9FPxy4y7AuYcSsDs.C/cmGhDkaC', NULL, NULL, 0, 0, '2021-01-17 15:24:49', '0000-00-00 00:00:00'),
(67, 'boyle.hoyt', 'Beatty', 'Ronaldo', '2015-01-30', 'wehner.sasha@gmail.com', '4032 Margret Mall\nAlburgh, CA 12324-1826', '(324) 603-3015', '$2y$10$qXNFGBeOi11k/6wJMiS1u.kIVnF78qCXroChgYycFda11Lt9FIg8y', NULL, NULL, 0, 0, '2021-01-17 15:24:49', '0000-00-00 00:00:00'),
(68, 'vullrich', 'Champlin', 'Mavis', '1980-03-12', 'nicklaus.doyle@yahoo.com', '952 Annette Track Apt. 943\nPort Ludiemouth, OR 23887-5075', '1-479-743-0078 x6742', '$2y$10$.NwsDmK1fV6IPNRBUbca..4gITLzqRyoVXpYTkgVrx8WQQNFmIV2u', NULL, NULL, 0, 0, '2021-01-17 15:24:49', '0000-00-00 00:00:00'),
(69, 'kelley75', 'Little', 'Ken', '1972-12-02', 'katelyn.gusikowski@hotmail.com', '1161 Murazik Station\nEast Mathewmouth, NC 22288-9401', '1-782-551-3756 x42357', '$2y$10$CpkfdIX7soUIMl1L/wUrdey7V1rZM8E/LdOrebXDieNeK2dbHjzba', NULL, NULL, 0, 0, '2021-01-17 15:24:49', '0000-00-00 00:00:00'),
(70, 'brooke28', 'Barton', 'Thurman', '2016-08-15', 'annamarie49@kub.com', '757 Leopold Turnpike\nLake Paulafort, MO 38809-0807', '(674) 903-4719 x858', '$2y$10$mr3rAM0KAaAOTPJeY2i/fu59Fh/cqjpUn.V3iFVbL4MfUBMLxk9SW', NULL, NULL, 0, 0, '2021-01-17 15:24:49', '0000-00-00 00:00:00'),
(71, 'rkuphal', 'Mertz', 'Walter', '1984-06-25', 'bayer.catharine@mueller.com', '16202 Leon Wells Suite 364\nEdastad, OH 20635-3011', '1-248-469-3552 x12331', '$2y$10$xzzypVb1ltf7OX23MFrGtOE7lMRv.I8DoQ5Vt7sZyTo0wmFwyxGA6', NULL, NULL, 0, 0, '2021-01-17 15:24:49', '0000-00-00 00:00:00'),
(72, 'hudson.cesar', 'D\'Amore', 'Mayra', '1982-04-30', 'christiansen.clark@kiehn.com', '27931 Charlie Way Suite 530\nZiemanntown, GA 52881-5403', '(492) 505-8835', '$2y$10$Ja.aoRIY6PZQGUhimbWbxuskaHJ760VlkAvsWnUQjiAJ6ujZgDv22', NULL, NULL, 0, 0, '2021-01-17 15:24:49', '0000-00-00 00:00:00'),
(73, 'torphy.turner', 'Swaniawski', 'Violette', '2015-08-23', 'adams.eriberto@hotmail.com', '656 Valerie Cove Apt. 024\nZboncakhaven, NC 97741', '+1.727.815.5866', '$2y$10$oDmmFc.k0Xb536mAL1Y/tuY.C9e5YjvHG0SmVUVyXhWSIam5KiBTK', NULL, NULL, 0, 0, '2021-01-17 15:24:50', '0000-00-00 00:00:00'),
(74, 'schuppe.theodore', 'Bartell', 'Stanford', '1997-08-08', 'kyle.gutmann@schulist.com', '362 Schmitt Mountains Suite 833\nPort Rey, NM 44543-7503', '(386) 612-9750', '$2y$10$/zpPukhxbQrBqMzUkgHqaupUCTZbAHryooC1qkgBWqNGvYBvKVwrq', NULL, NULL, 0, 0, '2021-01-17 15:24:50', '0000-00-00 00:00:00'),
(75, 'tritchie', 'Rohan', 'Melvin', '1993-03-05', 'lbreitenberg@gmail.com', '564 Kirsten Park\nEast Conor, WA 38347', '1-360-405-3454', '$2y$10$mUwfbrgbKVtaeiMst3zUIuC0Tvd9Tt5DGYEfROOmUwH5T4R4ju5Te', NULL, NULL, 0, 0, '2021-01-17 15:24:50', '0000-00-00 00:00:00'),
(76, 'bbeier', 'Littel', 'Burdette', '1975-04-02', 'oreilly.reyes@hotmail.com', '4252 Weissnat Street\nWest Aryannachester, TN 71018-4575', '282-820-1740 x980', '$2y$10$lcS6M7CW62EaAOYjkBMWu.8BghugHcGu/W3HO6GM8FKkqLMkXEVj6', NULL, NULL, 0, 0, '2021-01-17 15:24:50', '0000-00-00 00:00:00'),
(77, 'schroeder.robert', 'Waters', 'Blair', '2016-06-23', 'lthiel@kertzmann.com', '4959 Adolph Trafficway\nLake Morris, NM 61977-6624', '793.901.2896 x2912', '$2y$10$AluReyL376cPl/IfWm3V.e1S1LnebfGYXMXKykvNvLuC1O8MTEZTG', NULL, NULL, 0, 0, '2021-01-17 15:24:50', '0000-00-00 00:00:00'),
(78, 'welch.justice', 'Beer', 'Rene', '2007-12-14', 'vernie42@yundt.org', '894 Schmidt Camp\nLake Emilie, OH 04182-8033', '268.283.7694 x2686', '$2y$10$YcbzKLIv56PWM9ddg3l2WuSX5fBl/T7S5V120tlxjdLIMS/RvfJ3i', NULL, NULL, 0, 0, '2021-01-17 15:24:50', '0000-00-00 00:00:00'),
(79, 'bailee30', 'Wilderman', 'Jeromy', '1976-05-25', 'fstracke@glover.net', '54243 Carlotta Street\nLake Theodoreside, NH 42215', '1-943-948-6335 x308', '$2y$10$2uc/LyqXIMx3d0IB6/sbjubSbiVwpZ1yWLX7DZ/Wf3vbrFRGgxGli', NULL, NULL, 0, 0, '2021-01-17 15:24:50', '0000-00-00 00:00:00'),
(80, 'nestor60', 'Mayert', 'Nathanael', '1987-02-22', 'windler.leone@breitenberg.biz', '10821 Ernser Corner\nEloisashire, OH 21831-4930', '1-305-796-8811 x7476', '$2y$10$EpuQdpEcCoHUtLUcm6zBveQNTkM8UlwmJKpDqEth8bbkXLzpYRd/W', NULL, NULL, 0, 0, '2021-01-17 15:24:50', '0000-00-00 00:00:00'),
(81, 'scarlett.hoppe', 'Smith', 'Rylee', '1986-11-24', 'stephanie59@kling.com', '146 Emelie Cliffs\nSteuberland, TN 16308-8167', '906-799-7808 x31215', '$2y$10$gJN5s1Yb5ExIOcT9z4yveeN6gL.ctsFlvHItQhSCyD3JVu8unwn7C', NULL, NULL, 0, 0, '2021-01-17 15:24:50', '0000-00-00 00:00:00'),
(82, 'ijones', 'Homenick', 'Elza', '1992-08-14', 'rashawn97@hotmail.com', '279 Nova Gateway\nBorerbury, WV 07782-4023', '1-354-200-7729', '$2y$10$RMoRQVpSCEoCmt/qT2Hk.uU5nAwUcNUMMAIdgzuwYSUzFGnU9d4oC', NULL, NULL, 0, 0, '2021-01-17 15:24:50', '0000-00-00 00:00:00'),
(83, 'marilou32', 'Conroy', 'Monserrate', '2004-07-14', 'velma86@hotmail.com', '112 Mayert Road Suite 685\nWest Adriel, OR 38396', '(369) 883-1887 x0943', '$2y$10$sH0Oil1o8J6ZhKflSJ205uqv8fILHXTaTEov5ldEfmup1ov6TGg3.', NULL, NULL, 0, 0, '2021-01-17 15:24:50', '0000-00-00 00:00:00'),
(84, 'lourdes.bailey', 'Mueller', 'Delia', '2018-09-23', 'thomas.carter@gorczany.com', '33750 Dewayne Island Apt. 167\nLake Theodorestad, SD 98627', '+1.532.813.8819', '$2y$10$/a/PK2jjhBQXObDtYiawM.tGD7K96L0WPQSUBgpa.Md5cAAc2Slv.', NULL, NULL, 0, 0, '2021-01-17 15:24:50', '0000-00-00 00:00:00'),
(85, 'isom.gutkowski', 'McGlynn', 'Marques', '1989-07-29', 'watsica.marta@kirlin.com', '4611 Von Run Apt. 201\nDuBuquemouth, FL 00061', '(247) 277-2667', '$2y$10$o/gDkSFZY3/ActMgN53Huu.j0L29vMZHVA.jc2jfGqgcV0QYI3JNC', NULL, NULL, 0, 0, '2021-01-17 15:24:50', '0000-00-00 00:00:00'),
(86, 'carli45', 'Ebert', 'Rod', '1993-01-21', 'lschmitt@shanahan.com', '99456 Brando Burg Apt. 173\nEleonorestad, SC 66750', '+1 (435) 554-5798', '$2y$10$rBo97n6kfiKS9yYx7W1lxuPc/ScPvChnJ0OqhiBk.UuIBCdW8Modm', NULL, NULL, 0, 0, '2021-01-17 15:24:50', '0000-00-00 00:00:00'),
(87, 'dustin.rau', 'Schroeder', 'Orval', '2018-06-25', 'glover.zora@gmail.com', '91701 Fletcher Garden\nKayburgh, OR 98714', '(385) 987-9137', '$2y$10$xuirH1ZpXgp2ndM0EEGV.OGcuhfg.5aRKd3sVX1QpTRANgTqSeJDW', NULL, NULL, 0, 0, '2021-01-17 15:24:50', '0000-00-00 00:00:00'),
(88, 'cummings.nettie', 'Dach', 'Donald', '1980-12-15', 'angelita.turcotte@yahoo.com', '405 Berge Wall Apt. 813\nEast Greysonmouth, NH 95923', '+1-928-241-2237', '$2y$10$JyBrDTL.NL.ZWXmILSVKnOtdOv09S1ca9MF7Iq0H/yREn5kiQreVa', NULL, NULL, 0, 0, '2021-01-17 15:24:50', '0000-00-00 00:00:00'),
(89, 'mwalker', 'Kreiger', 'Lilla', '1984-05-27', 'lueilwitz.ocie@gmail.com', '66030 Cormier Garden\nGusikowskiborough, MA 86223', '(598) 458-4883', '$2y$10$CxmASz9o5qAV.FjxeNpl5ucun3dU5Z.LqeJ2W7UwfmdmfNtzT7oQ2', NULL, NULL, 0, 0, '2021-01-17 15:24:51', '0000-00-00 00:00:00'),
(90, 'rtowne', 'Kuhn', 'Constance', '2002-11-21', 'ihansen@wintheiser.com', '5120 Francisco Burgs\nWest Bettychester, WI 54704', '(827) 687-6547 x18753', '$2y$10$DsO5TQ4UrOPkzZQG4fkUI.fn/UJvqb3/zTdnY8692gMsNe9m0u4FC', NULL, NULL, 0, 0, '2021-01-17 15:24:51', '0000-00-00 00:00:00'),
(91, 'johns.krystel', 'Rippin', 'Alvera', '1999-09-08', 'jayde60@gmail.com', '2456 Maxime Shoals\nSouth Birdie, DE 77060-3722', '(729) 439-4561 x7281', '$2y$10$ioEdT7P82fvFynKjE0KV0eR.4/wgLTZni8LOIlt5u.DpOPjExXdT6', NULL, NULL, 0, 0, '2021-01-17 15:24:51', '0000-00-00 00:00:00'),
(92, 'daija74', 'Trantow', 'Mateo', '1986-03-08', 'marcelina25@gmail.com', '221 Hartmann Stream Apt. 170\nShanahanborough, MA 09040-7609', '(216) 906-3021 x03213', '$2y$10$znwy3ndyCZ3ScgGse..S9O9mCO11WfaCwd8eMpMMlxBkOnJP2lNTC', NULL, NULL, 0, 0, '2021-01-17 15:24:51', '0000-00-00 00:00:00'),
(93, 'lesch.rosalee', 'Langworth', 'Hillard', '1980-10-23', 'isaac15@huel.net', '29845 Reilly Meadows Apt. 565\nLake Dollyhaven, OR 22278-5365', '+1.540.443.8315', '$2y$10$KSxreYYWt6lbEoHtlBxowem0dbEd/lxK.VihulKKvW257XBvzZm/K', NULL, NULL, 0, 0, '2021-01-17 15:24:51', '0000-00-00 00:00:00'),
(94, 'jacobi.mafalda', 'Olson', 'Emerald', '2003-02-24', 'dennis90@hotmail.com', '792 Lilliana Loaf\nTremblayton, WV 73784-6285', '(517) 469-2781 x0085', '$2y$10$Yp1n7e.NfG3APiyKzZO1YeoTRvwUTEfsF3vCg8Ike57wtUNK7naRq', NULL, NULL, 0, 0, '2021-01-17 15:24:51', '0000-00-00 00:00:00'),
(95, 'miles02', 'Durgan', 'Paolo', '2014-08-19', 'eden60@rau.info', '3884 Okuneva Overpass Apt. 048\nReubenshire, HI 89862', '706-821-1397 x5178', '$2y$10$pjjTUQWKbGAXZ0vyZTYnjO4Wgq5V1XtOyHkxZ1NIxXjCSqH0iJP3W', NULL, NULL, 0, 0, '2021-01-17 15:24:51', '0000-00-00 00:00:00'),
(96, 'dina37', 'Wuckert', 'Liana', '2007-02-22', 'marlon92@yahoo.com', '2977 Shanahan Loaf\nIsomside, ME 17916', '234.537.5406 x918', '$2y$10$XwE6K2yrDfwwF9dRCzNdku1YTGt.QITuDFZOhK7t.DpCnmNg8c5aS', NULL, NULL, 0, 0, '2021-01-17 15:24:51', '0000-00-00 00:00:00'),
(97, 'araceli72', 'Waters', 'Kenna', '1997-05-01', 'kkozey@king.com', '67619 Dallas Pass\nBrianshire, GA 53926-5152', '1-289-244-4360 x4340', '$2y$10$/FFewHe1DvDY/Yt3dBmjX.y3GCu4Jw2jSdE0fUkXXoIAhpNMS6UcS', NULL, NULL, 0, 0, '2021-01-17 15:24:51', '0000-00-00 00:00:00'),
(98, 'mable56', 'Rohan', 'Cooper', '2011-07-31', 'conor.krajcik@hotmail.com', '165 Bernhard Meadow\nJohnathonburgh, VA 09677', '743.794.5995', '$2y$10$jg/hwlinWX8tNTLUJyTuWOnj4xsWn7r/ZnBwlUOU6SV/SXIDHMkri', NULL, NULL, 0, 0, '2021-01-17 15:24:51', '0000-00-00 00:00:00'),
(99, 'simonis.jameson', 'Quitzon', 'Savion', '1989-03-24', 'gibson.arlo@hotmail.com', '4160 Ray Street Suite 814\nLake Bennett, AZ 71608-8758', '(897) 922-5226', '$2y$10$K/TBKSQH9SuN18wQ/9rjC.T6uVVfFicH7EQqK/7BeUTS05T2cBQOe', NULL, NULL, 0, 0, '2021-01-17 15:24:51', '0000-00-00 00:00:00'),
(100, 'asporer', 'Swaniawski', 'Antone', '1995-06-17', 'bmurray@hickle.com', '20647 Kuphal Groves\nRitchiefurt, AL 41933', '+1.957.375.1241', '$2y$10$YH1FRbzY9HUGEWtT0R5/R.QAv6rvMf61glo2VPGZFWG/Cd.tJQcqe', NULL, NULL, 0, 0, '2021-01-17 15:24:51', '0000-00-00 00:00:00'),
(101, 'amy.lind', 'Larkin', 'Woodrow', '1980-03-18', 'fabbott@gmail.com', '215 Heidenreich Valley Apt. 030\nSantaland, AK 48408', '1-349-808-2749 x507', '$2y$10$zTNi3mmzXGxeyk6OmUDU5OAjpQRjgNzw1yw76uZ/h4WDue.0xNnfK', NULL, NULL, 0, 0, '2021-01-17 15:25:08', '0000-00-00 00:00:00'),
(102, 'qstracke', 'Mertz', 'Cory', '2016-11-06', 'darrion98@gmail.com', '84861 Medhurst Knoll\nGorczanytown, FL 44213-9733', '906-727-0405 x48360', '$2y$10$j0zvu/W7J7J2ro7Ubxev4uBQPlhrjNbgUgodAyxCsu8fa5zc5Kozu', NULL, NULL, 0, 0, '2021-01-17 15:25:08', '0000-00-00 00:00:00'),
(103, 'haylie.marquardt', 'Hane', 'Cora', '1991-11-30', 'jast.jodie@gmail.com', '50865 Murazik Square Apt. 107\nWest Torrance, CT 91831-2817', '+1-459-218-8294', '$2y$10$7gB6PY8eYeHadMwqy.FSGO8TdKA/8nd/L/DvkCL0VEAO1hDY5melu', NULL, NULL, 0, 0, '2021-01-17 15:25:08', '0000-00-00 00:00:00'),
(104, 'clemmie.welch', 'Cassin', 'Vincent', '1991-02-16', 'vnader@johnston.com', '5396 Jacinthe Roads\nOswaldstad, CA 88716', '1-442-746-0228', '$2y$10$QPUcQT4yOnrb3ZY4xG6ehuhKYS88q7byQ9uDYz2Dj..gLN2ryu.YK', NULL, NULL, 0, 0, '2021-01-17 15:25:08', '0000-00-00 00:00:00'),
(105, 'jarrell96', 'Schowalter', 'Conner', '1976-07-19', 'everardo28@marvin.com', '16418 Kub Overpass\nRebecahaven, DC 67386', '+1-959-965-0268', '$2y$10$RiPOadr75.ZKTxVbLSID4ObytZgCxIbaFgnu2mPy9FFhTqRoHwm8y', NULL, NULL, 0, 0, '2021-01-17 15:25:08', '0000-00-00 00:00:00'),
(106, 'queenie14', 'Nienow', 'Emmitt', '1984-07-17', 'oheaney@hotmail.com', '296 Sandy Wells Suite 499\nPort Edythe, MI 63990', '1-694-402-4104 x658', '$2y$10$2ycQAxWWq21QaAVMQPdQ9uDu3sLhxsIFoC5UswnQJ5riiSNkSXQom', NULL, NULL, 0, 0, '2021-01-17 15:25:08', '0000-00-00 00:00:00'),
(107, 'bogan.jeanette', 'Sanford', 'Anjali', '1985-04-05', 'mschumm@muller.com', '6410 Furman Burg\nReichertside, MT 77297', '(281) 235-3430', '$2y$10$Cp5sdeWo1ch3hBYkKWmvSOqrl1xn5LzSH32GGun6YApLv9nh03TeW', NULL, NULL, 0, 0, '2021-01-17 15:25:08', '0000-00-00 00:00:00'),
(108, 'qkunde', 'Rowe', 'Jamarcus', '2016-08-30', 'smith.macey@legros.com', '5014 Towne Mountains Apt. 906\nNorth Braeden, OH 64797-0024', '689-785-7369', '$2y$10$fBOAVFTj7Mn/BrRgRKbKVusVKN3DTvaRSrx3ym8Aivxjp6EWr6ofS', NULL, NULL, 0, 0, '2021-01-17 15:25:08', '0000-00-00 00:00:00'),
(109, 'bradtke.issac', 'Marvin', 'Murl', '1998-12-24', 'abby.wisoky@hotmail.com', '970 Alanis Oval\nPort Doriston, NJ 34116', '1-921-234-7859 x47819', '$2y$10$.YVusKRa5FLa1Q8gW9xrvuhb0Rhzhz9/x6D.FNO76gDh3bXPbs4Ai', NULL, NULL, 0, 0, '2021-01-17 15:25:08', '0000-00-00 00:00:00'),
(110, 'era61', 'Rowe', 'Jimmy', '2013-07-09', 'amelia.schmidt@gmail.com', '4267 Tamara Mount\nCourtneystad, MD 78876-4241', '414-809-3880 x10279', '$2y$10$kLXBXUOG2uwv0x8wZUlmZu7QLJhAvYbSmnuampoBsfstVctKDczmS', NULL, NULL, 0, 0, '2021-01-17 15:25:08', '0000-00-00 00:00:00'),
(111, 'martine.bahringer', 'Gleichner', 'Mose', '1997-05-11', 'narciso.stehr@smith.com', '5022 Dora Islands Apt. 590\nTreutelshire, CO 43448-0538', '1-218-795-0849 x42234', '$2y$10$tUOOSiji705e7lhMmj.XSef/bYWgjWKFmuXda2zt1HYdOfshFHgr.', NULL, NULL, 0, 0, '2021-01-17 15:25:08', '0000-00-00 00:00:00'),
(112, 'jabari.harvey', 'Moen', 'Isidro', '2017-07-12', 'dee.gerlach@hessel.biz', '64694 Mann Ports Apt. 297\nWisozkborough, NH 02836-4648', '1-858-295-2130', '$2y$10$4Mvfe3OaNrmKv3FZCZSc0.TOtivg6zaE6OyaUnC5J8uD6Ef/gkI8.', NULL, NULL, 0, 0, '2021-01-17 15:25:08', '0000-00-00 00:00:00'),
(113, 'schinner.allan', 'Gerhold', 'Brandy', '2004-11-07', 'ireynolds@hotmail.com', '131 Romaguera Forest Suite 726\nToyfort, CA 36252', '1-929-687-9770 x2162', '$2y$10$GBCZfUC47ay8zgk7EtYsu.F7KerkfQrViMJt.TmKMO27rJLM/.4Oe', NULL, NULL, 0, 0, '2021-01-17 15:25:08', '0000-00-00 00:00:00'),
(114, 'altenwerth.lane', 'Stamm', 'August', '1988-10-19', 'alessandra56@gmail.com', '7163 Vanessa Shoals\nCarmineside, TX 73092-4335', '+1-460-228-0011', '$2y$10$90BuFaU4SSZp.GyC3jmMp.Jroa0zl9jxid7K5uyUNZgvoC3q0C6Xu', NULL, NULL, 0, 0, '2021-01-17 15:25:08', '0000-00-00 00:00:00'),
(115, 'retta.gerhold', 'Senger', 'Isaac', '1989-11-11', 'liza.cremin@yahoo.com', '316 Rowland Drive Apt. 573\nConnellyfort, MI 22456-7443', '292-941-2182', '$2y$10$6XjlXRGvAegGFMQ2QLqFMOw1j8xKJ7ffKuCzPEhrh676uzC.0mnNG', NULL, NULL, 0, 0, '2021-01-17 15:25:08', '0000-00-00 00:00:00'),
(116, 'fannie.ruecker', 'Gusikowski', 'Liana', '1997-07-26', 'atillman@runolfsson.org', '732 Denesik Prairie Apt. 613\nOberbrunnerfurt, NM 11659', '(679) 637-6027 x39696', '$2y$10$F/2O0vW36ct5rT55jXm.x.BrtpMIUodIfyhZKATUvcD7Wcd7uCcQu', NULL, NULL, 0, 0, '2021-01-17 15:25:09', '0000-00-00 00:00:00'),
(117, 'kuhic.enrico', 'Ondricka', 'Haley', '2005-03-20', 'leffler.steve@hotmail.com', '7482 Elliott Wall Apt. 016\nSalvadorborough, ND 20126', '(783) 520-3062 x1817', '$2y$10$i6GIS7C.0N4Spl0zLsjWq.iYE7CkWpQZtIFfAJeXKCCgIDg168xUa', NULL, NULL, 0, 0, '2021-01-17 15:25:09', '0000-00-00 00:00:00'),
(118, 'josh.spencer', 'Watsica', 'Sherman', '2009-10-30', 'simeon88@gmail.com', '4688 Ford Bridge\nNorth Jedidiahhaven, MS 86242-4727', '839-321-5151', '$2y$10$PFu1rGVsP7IiTD3BJhcckOHLq5Cnfa3Epy04yIv.TSVcuDR7bnHOW', NULL, NULL, 0, 0, '2021-01-17 15:25:09', '0000-00-00 00:00:00'),
(119, 'stracke.hillary', 'Kuhn', 'Alexane', '1997-11-24', 'jose62@ferry.com', '4930 Jarrod Lane\nWilkinsonville, AR 49940-1760', '359.770.8551', '$2y$10$uOeyd8tmsuvOKLrMZGNv1O/jn1ZACiskLourAIF36Se851KRJjeHe', NULL, NULL, 0, 0, '2021-01-17 15:25:09', '0000-00-00 00:00:00'),
(120, 'cade.boyer', 'Rolfson', 'Macey', '1976-12-24', 'jonatan.tillman@yahoo.com', '9143 Crona Oval Apt. 432\nPort Dayton, AK 13821-9679', '+1-982-285-9447', '$2y$10$Z/eHKvASGolkhe04180c7.3hVgtU9SwxZIqXJu5hw.3nXOgWbPsti', NULL, NULL, 0, 0, '2021-01-17 15:25:09', '0000-00-00 00:00:00'),
(121, 'angie78', 'Schumm', 'Ettie', '1994-10-30', 'oschmidt@gmail.com', '35035 Barrows Field\nPort Danial, WY 68783', '486.576.1334', '$2y$10$ZiR5eLZz4SSpPoaCOqdOxO2ArNFTmt4h5LlBzJcMR50KKAVzC/G/a', NULL, NULL, 0, 0, '2021-01-17 15:25:09', '0000-00-00 00:00:00'),
(122, 'jose.konopelski', 'Maggio', 'Maryse', '2013-02-21', 'oral86@damore.info', '1865 Mandy Mills\nHeaneyton, IN 75373-4426', '+1.389.319.1007', '$2y$10$wkQ3AEYsaFk1imMbdApZbe5L.pAEbvbXEscDlvA7DMv0fI5gttv26', NULL, NULL, 0, 0, '2021-01-17 15:25:09', '0000-00-00 00:00:00'),
(123, 'zheidenreich', 'Bradtke', 'Betsy', '2011-01-06', 'quinn.leuschke@flatley.com', '10856 Fadel Coves Suite 112\nSouth Raphaelle, NH 88084-1117', '623.404.9995 x5337', '$2y$10$dnrw7HhZE4kyhWbAVHtVw.R37ylY6X.2Hmaa24HtWM.KG2BIjauAO', NULL, NULL, 0, 0, '2021-01-17 15:25:09', '0000-00-00 00:00:00'),
(124, 'mortimer.emard', 'Larson', 'Savanah', '1974-02-02', 'markus11@okon.info', '7706 Louisa Parkway\nMonahanmouth, NY 16781-0344', '+1-573-478-0467', '$2y$10$Vj4t830nlMej7iULkNeCKej6M9zze6AJIIU4RKI3I8bZ3s3jI8MAy', NULL, NULL, 0, 0, '2021-01-17 15:25:09', '0000-00-00 00:00:00'),
(125, 'qarmstrong', 'Krajcik', 'Dane', '1996-11-01', 'rquitzon@hotmail.com', '513 Merl Port Suite 062\nMayerfort, MN 29047-3897', '1-347-610-2551 x9134', '$2y$10$akSqFaTfdLlkhhO/Da7tkul71qDdvFFYhca0uNC2h5mw/uoRrD4H6', NULL, NULL, 0, 0, '2021-01-17 15:25:09', '0000-00-00 00:00:00'),
(126, 'lempi.reynolds', 'Gislason', 'Olaf', '1997-08-19', 'streich.korbin@hotmail.com', '83782 Rohan Vista Apt. 394\nWilmerport, ND 44121', '359-244-5352 x913', '$2y$10$xJI38zwOwOb0B.kayktIIOIytHvWWcRPFcC8/reg/Vb3ZJ.qmEJw.', NULL, NULL, 0, 0, '2021-01-17 15:25:09', '0000-00-00 00:00:00'),
(127, 'erick.hyatt', 'Price', 'Emmy', '1975-10-11', 'mcole@feeney.net', '293 Alf Terrace\nNorth Birdiefort, AK 68714-5332', '+1-968-979-1581', '$2y$10$XVhBvHMr/BnjPx0gn/Zfsul.3O2I1i0TWMOkXjUf9z4s.waRSLEdS', NULL, NULL, 0, 0, '2021-01-17 15:25:09', '0000-00-00 00:00:00'),
(128, 'armstrong.durward', 'Cronin', 'Olga', '2010-03-04', 'alexanne.ferry@hotmail.com', '975 Harris Mission Apt. 974\nEast Francomouth, MT 56478', '821-744-5901', '$2y$10$CQVFA1xf1gZ8j2SByP3QJetdBLJgQ4DJ6Q6lseqVpuwL0FzOgzDge', NULL, NULL, 0, 0, '2021-01-17 15:25:09', '0000-00-00 00:00:00'),
(129, 'deangelo75', 'Emard', 'Enid', '2017-11-05', 'kdare@mclaughlin.com', '6266 Kessler Trail Apt. 844\nWest Kitty, CA 63782', '(820) 630-9253 x7946', '$2y$10$mhwPiVe1k4IUTRcQVK799.uRNMCFu/xsPTMkzsV9Ew1iN88qgVe0m', NULL, NULL, 0, 0, '2021-01-17 15:25:09', '0000-00-00 00:00:00'),
(130, 'wilmer54', 'Kulas', 'Elliot', '1980-08-15', 'marks.phoebe@hotmail.com', '3045 Jakubowski Hollow\nThielview, WY 09275-2445', '+18109294997', '$2y$10$D8g4iNgF7AG1X8ZwXfqjW.mznqQplLcT5lNoc/8zxhY9tpmWSO9vu', NULL, NULL, 0, 0, '2021-01-17 15:25:09', '0000-00-00 00:00:00'),
(131, 'walter.abner', 'Lehner', 'Reid', '1985-10-11', 'jessika.hirthe@fritsch.com', '8921 Yost Bridge Suite 829\nSouth Stone, KY 90593', '(954) 641-5597 x29906', '$2y$10$T2stv2dy1sJt7VDX6rab9uDFdGlzwd.U0irvOOLzkcZd589EpfqQq', NULL, NULL, 0, 0, '2021-01-17 15:25:09', '0000-00-00 00:00:00'),
(132, 'loma.blanda', 'Roberts', 'Erna', '1993-01-03', 'mable78@hotmail.com', '2407 Hilma Hills Suite 773\nEast Lavernaton, WA 00110-0334', '(680) 741-8949 x64696', '$2y$10$tobhZIIKLNHq.6WIJY47m.JZNCSrQCgV8MbBbm0k0VWFG46NnybrS', NULL, NULL, 0, 0, '2021-01-17 15:25:10', '0000-00-00 00:00:00'),
(133, 'tbreitenberg', 'Wunsch', 'Noemi', '1993-08-20', 'flatley.travis@hotmail.com', '924 Braun Crescent\nNigelville, KS 58092', '1-989-515-0184', '$2y$10$Pbg6SxQAZWPbHD11lm5LUOjIdmQ9dPRfd3CqyEXY4BfGz7tVC.TPa', NULL, NULL, 0, 0, '2021-01-17 15:25:10', '0000-00-00 00:00:00'),
(134, 'sbartell', 'Reichert', 'Hortense', '1987-05-27', 'cfriesen@gmail.com', '1263 Gennaro Inlet\nNew Aleen, GA 34418', '426-976-1564 x031', '$2y$10$XVFGuKBNstNSFWvJAvt91.6FiKKFGHuLiPQYVh4BKP/0oAcKuJoe2', NULL, NULL, 0, 0, '2021-01-17 15:25:10', '0000-00-00 00:00:00'),
(135, 'hegmann.bettie', 'Pouros', 'Jalen', '1989-09-21', 'jayde.morissette@streich.org', '7441 Germaine Dale\nSouth Beverlytown, AZ 25670', '927-974-3697', '$2y$10$Rpd3sZptgfjb9ujigtgmRuq3KbfBa0/bcyJ/JTSngTO.TBhhZlwCC', NULL, NULL, 0, 0, '2021-01-17 15:25:10', '0000-00-00 00:00:00'),
(136, 'rohan.otto', 'Hilpert', 'Tatyana', '1971-05-19', 'kdickinson@armstrong.biz', '90967 Will Neck Apt. 068\nKohlershire, ID 55072', '619-859-7482 x37956', '$2y$10$AqCIb1HEgr/PIrxlXpUJq.pebbCYzIFIGRvxGLNhl2SQyyaqeRYRO', NULL, NULL, 0, 0, '2021-01-17 15:25:10', '0000-00-00 00:00:00'),
(137, 'hhessel', 'Gerhold', 'Misty', '1998-07-18', 'willy58@hotmail.com', '14210 Torp Green\nPort Blair, VT 54056', '278-957-9607', '$2y$10$nsBjF1HR0V5WLldsEM8gK.Jd.KpBd2SpjwKTpagqweTagnWKxj/4q', NULL, NULL, 0, 0, '2021-01-17 15:25:10', '0000-00-00 00:00:00'),
(138, 'anjali10', 'Renner', 'Cory', '1990-08-02', 'rath.brennan@hotmail.com', '178 Eleazar Turnpike Apt. 892\nPort Mollyfurt, LA 16926', '825.714.0612 x408', '$2y$10$CaTbRdrUkQXiONmiyRxAN.h6uGZ/nhwb6Q/t8ii.dtDrJ9NBfsoGW', NULL, NULL, 0, 0, '2021-01-17 15:25:10', '0000-00-00 00:00:00'),
(139, 'nleuschke', 'Tremblay', 'Destiney', '2020-05-05', 'bechtelar.everette@metz.biz', '65372 Deborah Manor\nSteubermouth, FL 40862-2104', '542-932-4416 x949', '$2y$10$YlMj2qWJF2sdUpmTY33uwew4.wJXMC8musnGHh6GLSrNAA05bQUhi', NULL, NULL, 0, 0, '2021-01-17 15:25:10', '0000-00-00 00:00:00'),
(140, 'keeley.johnston', 'Okuneva', 'Cristal', '2011-11-12', 'nader.daija@hermann.com', '274 Gleason Orchard Apt. 529\nEvelynville, SD 84688', '(839) 598-1470', '$2y$10$ZPw0adablgm6jRigPZOEZu.9wL7y4LCQ0NB/UrxnXjj70gL1DHYKK', NULL, NULL, 0, 0, '2021-01-17 15:25:10', '0000-00-00 00:00:00'),
(141, 'elza64', 'Balistreri', 'Branson', '2017-10-12', 'neichmann@hotmail.com', '858 Emanuel Ridge Apt. 181\nNorth Drew, ND 58068-4343', '1-606-369-3537', '$2y$10$FItXgd/RmFj71lmQfe7/wOWhXGhwn92VG314BuzLZfoTesa25XEaW', NULL, NULL, 0, 0, '2021-01-17 15:25:10', '0000-00-00 00:00:00'),
(142, 'douglas.noah', 'Gislason', 'Avis', '1980-03-31', 'zreinger@gmail.com', '7624 Green Locks Suite 270\nLaceyfort, TN 35136-6342', '717.276.6962 x442', '$2y$10$.vrwDTgnX2EhumzmRlpfL.oKmLL0Kn8ast04wwfeoHAJHH5wAACZS', NULL, NULL, 0, 0, '2021-01-17 15:25:10', '0000-00-00 00:00:00'),
(143, 'finn06', 'Conn', 'Domenick', '2020-01-17', 'xnader@gmail.com', '30231 Mraz Rapid\nWest Jonatanchester, AL 54837', '361.262.4343 x383', '$2y$10$O8/fu6MFoATBhZo3la.spOlWYhB/r.ITbsG5oxxM6IwvBDgFElqUi', NULL, NULL, 0, 0, '2021-01-17 15:25:10', '0000-00-00 00:00:00'),
(144, 'donnie39', 'Green', 'Reta', '2015-11-26', 'nelda14@gmail.com', '413 Ruby Fields Apt. 420\nEast Freddieton, MN 03804', '(431) 643-8058 x9272', '$2y$10$G8LkPP3yI9.quxfxcNCtX.QC4x3Q9a5TczjoROfn2D9Htew8DrAZ6', NULL, NULL, 0, 0, '2021-01-17 15:25:10', '0000-00-00 00:00:00'),
(145, 'robin58', 'Steuber', 'Ransom', '2014-06-29', 'goconner@hotmail.com', '38807 Wilton Skyway Apt. 722\nNorth Colthaven, ND 45510-7590', '1-795-442-5410 x0324', '$2y$10$shrliPpIRuAlMjX5UL6OQeJAdMb7M2qGEg22mkEgilRGuNRZd7yb.', NULL, NULL, 0, 0, '2021-01-17 15:25:10', '0000-00-00 00:00:00'),
(146, 'ehand', 'Wiegand', 'Marianne', '2009-10-04', 'ullrich.lelah@hotmail.com', '71944 Will Vista Apt. 924\nDorianburgh, AR 67865-4856', '+1-916-683-7263', '$2y$10$dVCzQsGj9AhxuFy9kZvo9eiEDzBFoinqlEgIsLN1ZngL4KKJin41O', NULL, NULL, 0, 0, '2021-01-17 15:25:10', '0000-00-00 00:00:00'),
(147, 'fbeier', 'Ritchie', 'Kaylah', '1983-05-31', 'burdette.konopelski@yahoo.com', '37957 Runte Mountain\nAdamsbury, VA 83706-4878', '1-243-956-4881 x964', '$2y$10$fFWI3dO4nVT9p.SyfXjf2Of8cbURL3uVOX5nbfQpEwL6xPUgoS/.W', NULL, NULL, 0, 0, '2021-01-17 15:25:10', '0000-00-00 00:00:00'),
(148, 'madge85', 'Dickens', 'Janiya', '1977-07-26', 'lilian17@kertzmann.com', '9831 Krajcik Land Apt. 109\nBrandonberg, IN 78988', '(391) 977-6958', '$2y$10$TH4NSQzGpP18p40B31CLdOjIDwzIqO8WR.subkMOtIHulPzX8kmNW', NULL, NULL, 0, 0, '2021-01-17 15:25:11', '0000-00-00 00:00:00'),
(149, 'callie79', 'Mante', 'Marguerite', '1971-04-09', 'jedediah.legros@fadel.com', '7623 Kling Valley\nEast Averyborough, NC 63737-9108', '854.444.8863 x68679', '$2y$10$jJcClZn2//is6SUl8q4Okux1j1hk7v/qfQotypWkUK/QQ745neQ8q', NULL, NULL, 0, 0, '2021-01-17 15:25:11', '0000-00-00 00:00:00'),
(150, 'whayes', 'Schultz', 'Violet', '2010-04-30', 'ywest@toy.info', '3325 Tromp Turnpike Suite 557\nLake Gust, IL 23093', '274.472.2681', '$2y$10$zu7IekKvHvLGFqMNxKz8hejtdPpS8XadWz5mBUiB/mr14A6KZ9t5K', NULL, NULL, 0, 0, '2021-01-17 15:25:11', '0000-00-00 00:00:00'),
(151, 'orval.wehner', 'Upton', 'Lucile', '1989-08-29', 'schiller.devonte@hotmail.com', '7907 Quinton Turnpike\nLake Herminio, KY 59975-1607', '(237) 519-2803 x6618', '$2y$10$UwYVRsUzLcuqdu5VY84kzeIhdOmi5rMvm.14GTbhpYGokEC3ThgP.', NULL, NULL, 0, 0, '2021-01-17 15:25:11', '0000-00-00 00:00:00'),
(152, 'mnader', 'Osinski', 'Ida', '2017-02-02', 'anastacio.blanda@yahoo.com', '65252 Joel Mountains\nGastonchester, SD 91173-4399', '406.964.9855', '$2y$10$mj377XvrfqV0JxxkraBAke5obHQ7OCwz/8B9jjAJgVQhC1e.UPIW.', NULL, NULL, 0, 0, '2021-01-17 15:25:11', '0000-00-00 00:00:00'),
(153, 'tomasa.leannon', 'Bergnaum', 'Dante', '2014-02-26', 'ferne17@pollich.com', '354 Stanton Ports\nLeolaport, PA 78899-4586', '1-557-929-0740 x64829', '$2y$10$OTPw8Bwx3FdFYDLEjjThIueDWqsePIdn14PkOEovUdecJiyCbmx86', NULL, NULL, 0, 0, '2021-01-17 15:25:11', '0000-00-00 00:00:00'),
(154, 'cartwright.alek', 'Schroeder', 'Geovanni', '1992-12-03', 'donnelly.vernon@hotmail.com', '91234 Abdul Crescent\nMedachester, SD 67648-5374', '+1 (338) 203-5317', '$2y$10$zzZoc2tan6qZWEo/CofwGuAMpzNW8PDp8QX8Od7QIzFPlyapzM0Zi', NULL, NULL, 0, 0, '2021-01-17 15:25:11', '0000-00-00 00:00:00'),
(155, 'uabbott', 'Boyer', 'Isai', '2019-02-10', 'hilma.graham@gmail.com', '6868 Grady Union Suite 878\nBridieland, TX 42945', '1-770-951-0279', '$2y$10$McTcmHlo1/kFDmAjdMrwHeFOMdcyBDP9T.Xg9B0f59WyDA2Qk.nhy', NULL, NULL, 0, 0, '2021-01-17 15:25:11', '0000-00-00 00:00:00'),
(156, 'ihintz', 'Dietrich', 'Helene', '1991-01-13', 'hahn.dell@hotmail.com', '664 Providenci Center\nSouth Destineyburgh, RI 95370-9765', '607-610-4359 x11724', '$2y$10$M4Gi7F2JWPeHgwIEsymcvuTXtcBB/1rJc37a2smC/aR6YWm/Hauo2', NULL, NULL, 0, 0, '2021-01-17 15:25:11', '0000-00-00 00:00:00'),
(157, 'colten.kulas', 'Lehner', 'Alfonso', '1994-10-27', 'yluettgen@ryan.biz', '5312 Laron River\nNorth Orville, CT 30184-0104', '+1.498.274.4595', '$2y$10$R4YRGlNAjrA4OTGW646PBuqMlcG5aPHxu2yT.oGsvHKooCJdhq1WO', NULL, NULL, 0, 0, '2021-01-17 15:25:11', '0000-00-00 00:00:00'),
(158, 'greenholt.delaney', 'Tromp', 'Giuseppe', '1972-11-07', 'hansen.laurie@gibson.com', '87511 Dora Valley Suite 363\nDibbertchester, TX 59301', '+1 (294) 819-7111', '$2y$10$Viul9tk0evL3fpynnTp6SObkJwmQTxDkNFeV0Jmz.4Lw5/zKARTtG', NULL, NULL, 0, 0, '2021-01-17 15:25:11', '0000-00-00 00:00:00'),
(159, 'jed08', 'Boehm', 'Clare', '2016-01-20', 'makenna.crist@kirlin.info', '39297 Kling Motorway\nDickinsonton, WA 79437-7377', '315.255.3823 x460', '$2y$10$Ir883Re6r9mYRPj6L1/.U.DUf8AKF.y75HBph0oXvjDogJcHJ9B3a', NULL, NULL, 0, 0, '2021-01-17 15:25:11', '0000-00-00 00:00:00'),
(160, 'isabell90', 'King', 'Oscar', '1985-08-18', 'allison09@lang.info', '538 Runolfsson Via\nPiercestad, AR 46375-9988', '453.614.7766 x1197', '$2y$10$Z2dPaGtD0aoz/yQoFV8G0eYszmF/Dx.4kd5aYvjXaTNqlYHpVsMpK', NULL, NULL, 0, 0, '2021-01-17 15:25:11', '0000-00-00 00:00:00'),
(161, 'nettie52', 'Ryan', 'Gardner', '2006-07-29', 'huel.trent@reinger.com', '3943 Reynolds Trail\nWest Enaton, RI 49103-0932', '785.947.6227 x27534', '$2y$10$G4pLHCYFmFKIJHt8dGVfA.8R8LELOAAU7VsNGWVvZTXBsb80E3YKi', NULL, NULL, 0, 0, '2021-01-17 15:25:11', '0000-00-00 00:00:00'),
(162, 'rogahn.anais', 'Cole', 'Lelah', '1982-07-03', 'jazmin.hackett@cummings.com', '581 Botsford Creek Suite 989\nKraigport, AR 84326', '327-503-0829 x560', '$2y$10$rGtG1VUD4/gdAIkg3OD4quGoMlJ3anXpAHXkthPUOXGDrj.EWJ7p6', NULL, NULL, 0, 0, '2021-01-17 15:25:11', '0000-00-00 00:00:00'),
(163, 'kristin78', 'Renner', 'Jakob', '2007-02-25', 'wyatt40@yost.biz', '338 Alfonzo View\nTwilaport, MT 87504-8563', '(982) 754-4784 x01300', '$2y$10$wXezElzCVp9VJZo83pQ9iurbneldWI84RcQ4yoFHQPwUKhdAmu9.q', NULL, NULL, 0, 0, '2021-01-17 15:25:11', '0000-00-00 00:00:00'),
(164, 'bernier.emmalee', 'Bednar', 'Fiona', '1988-06-15', 'lela.turcotte@gmail.com', '93147 Runolfsdottir Junction Suite 916\nWhitetown, SD 28286-2615', '340-312-1245 x44334', '$2y$10$2oPP6R..s8fdSCFuWjWwEuXqBiQ3vb.O2W3KpSBD.oQtE/mWP1zmy', NULL, NULL, 0, 0, '2021-01-17 15:25:12', '0000-00-00 00:00:00'),
(165, 'skye.schuster', 'Roberts', 'Savanah', '2017-12-18', 'oswald.brakus@toy.net', '68877 Langworth Ferry\nWest Horacio, NJ 40375-9533', '1-528-827-6782 x5722', '$2y$10$M93xgjdE7trU9sFh9eQIi.kOxryMbKBnm9Yi/e4xKRltBurXmVHK6', NULL, NULL, 0, 0, '2021-01-17 15:25:12', '0000-00-00 00:00:00'),
(166, 'liliana17', 'Waelchi', 'Elda', '2002-06-15', 'becker.dangelo@hotmail.com', '84196 Kathleen Junction\nNew Jackelinestad, NC 29276', '781-956-9361', '$2y$10$4d8dDnUMIfoUfF6Y7eKDP.qisHeaq/H1IGZEAdSPypRxJFj9Q0pa2', NULL, NULL, 0, 0, '2021-01-17 15:25:12', '0000-00-00 00:00:00'),
(167, 'don30', 'Ullrich', 'Anjali', '2005-07-17', 'rudy.hackett@yahoo.com', '48409 Beahan Underpass Apt. 707\nFerryview, NC 52003', '+1-681-247-7652', '$2y$10$vOTOMntcxqUVWMSrWcZlZuTGmtTUZgl0FnoeY/eXFAtKCQSacZwJW', NULL, NULL, 0, 0, '2021-01-17 15:25:12', '0000-00-00 00:00:00'),
(168, 'wiegand.laurine', 'Gulgowski', 'Era', '1988-10-05', 'wprosacco@smitham.org', '47584 Jerde Expressway\nPort Enolaview, SC 82225-9134', '1-504-966-9933 x23521', '$2y$10$FFbsLIhUGVESSSRzVGne3O4d/rtehYz5YjUBEiVf1oewDXLfoYeK2', NULL, NULL, 0, 0, '2021-01-17 15:25:12', '0000-00-00 00:00:00'),
(169, 'zwolff', 'Lemke', 'Ismael', '2014-11-18', 'weber.alexis@crist.com', '75395 Grant Wells Apt. 075\nFeeneyland, WY 38868', '(471) 579-8211 x995', '$2y$10$HtR.3fULD7KFafqfE2CkPu4RbvQVgZrs7ZTio0B0RU.ncw.ZT70ne', NULL, NULL, 0, 0, '2021-01-17 15:25:12', '0000-00-00 00:00:00'),
(170, 'margot.tremblay', 'Krajcik', 'Davon', '2020-06-30', 'rowe.talon@hotmail.com', '634 Bogan Skyway\nLueview, UT 00849-4799', '(859) 797-9426 x8781', '$2y$10$B700fYAFoMxvoO/DDnGbZOJm45Kb0C05EfXgjDlf/KNNQkCvTxfVu', NULL, NULL, 0, 0, '2021-01-17 15:25:12', '0000-00-00 00:00:00'),
(171, 'wilkinson.donald', 'Lebsack', 'Savanah', '2009-02-01', 'kraynor@weber.com', '342 Lebsack Plaza\nJoelfort, VA 52516', '+1 (467) 558-5239', '$2y$10$NFeAvw8qFqitmKaiRtLuLORhsTrXOpAF7TsuYOCALtpcbdW2jCSri', NULL, NULL, 0, 0, '2021-01-17 15:25:12', '0000-00-00 00:00:00'),
(172, 'kade53', 'Beahan', 'Ruthie', '1978-01-30', 'vsipes@gmail.com', '88086 Adela Walk Suite 315\nLake Penelope, NE 06070', '1-965-577-9127 x45491', '$2y$10$PjYWbPAWZtI9AN8hcCs89eHd7ZxMioubrfBw1Ii4RMSV3WUetA4im', NULL, NULL, 0, 0, '2021-01-17 15:25:12', '0000-00-00 00:00:00'),
(173, 'sawayn.destiney', 'Stroman', 'Samanta', '1996-08-22', 'nhessel@weber.com', '7000 Dickinson Mission\nWest Roderick, DC 92079-6389', '206-884-7094 x88175', '$2y$10$UwMHrO5VbfAeeC8xHPFkRuVv6ZkH9NbQ6q2Rteqq4VMbdo/dW7JSS', NULL, NULL, 0, 0, '2021-01-17 15:25:12', '0000-00-00 00:00:00'),
(174, 'dee.runolfsson', 'Roob', 'Edgar', '1972-04-20', 'gdietrich@rice.com', '941 Eldred Hollow Apt. 779\nWest Mortonborough, TX 68415', '759-346-1728', '$2y$10$wCWDDk.EYNmn8wanc4Gd/.gwmBruWAU0HIhiJvC3u4q89k7z782Am', NULL, NULL, 0, 0, '2021-01-17 15:25:12', '0000-00-00 00:00:00'),
(175, 'smitham.xzavier', 'Windler', 'Sharon', '1979-02-04', 'tracy.hirthe@denesik.info', '5058 Stamm View Suite 927\nBrennanville, OR 57315', '1-597-507-8154', '$2y$10$KNXr.pXXOY5HXCItL3azDu2.jpboJ30iQzWTNAVk/vZBlhxESzqMu', NULL, NULL, 0, 0, '2021-01-17 15:25:12', '0000-00-00 00:00:00'),
(176, 'roxanne46', 'Murphy', 'Kristy', '2020-09-18', 'adriana45@pollich.com', '52735 Gregg Centers Apt. 874\nWest Fatima, WI 01837-9178', '278.452.2912 x413', '$2y$10$9IE45kvUOE8t0RZiA9MjLO/hfKUCT/m2rd5qaURdfQNIXEjI8J2.q', NULL, NULL, 0, 0, '2021-01-17 15:25:12', '0000-00-00 00:00:00');
INSERT INTO `users` (`id`, `username`, `firstname`, `lastname`, `birthdate`, `email`, `adress`, `phone_number`, `password`, `lat`, `lon`, `is_helper`, `is_admin`, `created_at`, `updated_at`) VALUES
(177, 'laurel37', 'Ryan', 'Emile', '1975-09-18', 'edenesik@frami.biz', '930 Chloe Parkway\nKuphalshire, DC 06244', '(492) 770-9973', '$2y$10$VcWpId1Ae2t5y.mU6aWxrudzz5TxJLnHNqGtid7zSstEZjubXLYDG', NULL, NULL, 0, 0, '2021-01-17 15:25:12', '0000-00-00 00:00:00'),
(178, 'pmarquardt', 'Schmeler', 'Donald', '2015-11-29', 'vkonopelski@lind.com', '715 Weissnat Prairie\nEast Chadrick, AK 17496', '1-874-702-1874 x0838', '$2y$10$6TnVDnId78MtJepVcQltYO8lpoIGBDs/gXJkKH0cmZPzAgVYz9iiy', NULL, NULL, 0, 0, '2021-01-17 15:25:12', '0000-00-00 00:00:00'),
(179, 'hollie16', 'Kovacek', 'Sylvan', '2016-06-17', 'javier86@hotmail.com', '552 Murray Brook\nNew Terry, NJ 64948', '1-634-398-6174 x24230', '$2y$10$UtUj4lmH1pbU3zISfdXAauiy.wc2QOuz3hiO3RTUTnjFdFT.3J18m', NULL, NULL, 0, 0, '2021-01-17 15:25:12', '0000-00-00 00:00:00'),
(180, 'hardy06', 'Steuber', 'Adolph', '1996-04-03', 'wunsch.elda@padberg.org', '7800 Makenzie Route Suite 151\nPort Einarhaven, CT 42826', '+1-524-447-2274', '$2y$10$vKk5CbgbdkkGZ5/nZh/SH.V5ahiRlebv1vPMwP9yzdYYF.9YadBq.', NULL, NULL, 0, 0, '2021-01-17 15:25:13', '0000-00-00 00:00:00'),
(181, 'windler.ottilie', 'Macejkovic', 'Jaquelin', '1982-12-22', 'sallie63@luettgen.com', '318 Sydni Shore\nNew Tracy, GA 73525', '+1 (610) 866-5302', '$2y$10$GRFkvr5..XCKtzaXlQdKi.3K29Z1Qw8z127aPhlsnMEsIUw0RVF1.', NULL, NULL, 0, 0, '2021-01-17 15:25:13', '0000-00-00 00:00:00'),
(182, 'fbernier', 'Klein', 'Dion', '2007-05-21', 'schinner.rex@keeling.com', '908 Waelchi Ville\nDeannashire, MS 63078-8506', '774-766-6491 x945', '$2y$10$PAp9Xm4GLmjswJIVqXjxSeDlHZexRpY2fzl.znEsZ5o55Ua15NwwC', NULL, NULL, 0, 0, '2021-01-17 15:25:13', '0000-00-00 00:00:00'),
(183, 'libbie.waters', 'Muller', 'Mossie', '1997-04-30', 'giles77@white.org', '85334 Raegan Loaf\nNorth Sandra, NJ 97521', '(987) 788-8291 x2910', '$2y$10$r9I4k3kKnHPpEF23p9zGf.do.3xyR/Gf4gZr4ggi3aaAmD8qcmOCO', NULL, NULL, 0, 0, '2021-01-17 15:25:13', '0000-00-00 00:00:00'),
(184, 'rdamore', 'Smitham', 'Gregorio', '1975-08-16', 'isabell61@hagenes.biz', '4006 Ratke Wells Apt. 870\nNorth Cicero, CA 44849-9720', '+1-859-597-9815', '$2y$10$ocHegWvlI6.tihN/ynDXCuPYSQXWajNhHNY2z3QgUWnmdnwtvlXyK', NULL, NULL, 0, 0, '2021-01-17 15:25:13', '0000-00-00 00:00:00'),
(185, 'wkeebler', 'Gleason', 'Alysha', '1982-07-26', 'stanley16@yahoo.com', '839 Santiago Dam Apt. 036\nTreutelland, CA 35160', '1-817-790-4538', '$2y$10$dKZhvQtySCDQYd9jH4Hf3OKtC/CCZV3K/W4Y5hJ3vVvEbOjXIa/7.', NULL, NULL, 0, 0, '2021-01-17 15:25:13', '0000-00-00 00:00:00'),
(186, 'leonora80', 'Watsica', 'Tommie', '1971-05-15', 'martine.kreiger@yahoo.com', '6117 Berge Glens\nWunschbury, MD 24111', '665.502.4961', '$2y$10$mALXJC.jdbQOrhJrpGy.MupAOi9OxPNLy3Dr3iXnOk4M.ZyiZjy/q', NULL, NULL, 0, 0, '2021-01-17 15:25:13', '0000-00-00 00:00:00'),
(187, 'mollie.bednar', 'Koch', 'Lauretta', '1975-05-04', 'xroob@yahoo.com', '387 Nora Prairie\nLake Nayelifurt, FL 18000-6228', '1-680-709-4196 x5130', '$2y$10$J5N55GR/qBX3z8afZ8bDb.jt7mB7mhjiNZK8A1i7M9pjPTyf08Jdi', NULL, NULL, 0, 0, '2021-01-17 15:25:13', '0000-00-00 00:00:00'),
(188, 'frami.marion', 'Schumm', 'Bethel', '1976-09-15', 'leopold.gorczany@brown.com', '64307 Kirlin Roads\nBrantview, NH 51319-7022', '695.357.6609', '$2y$10$yrhJID2osDxIgBSnwikLNevQhtHVrIfN065MVdmO1riwOJBvG/DRS', NULL, NULL, 0, 0, '2021-01-17 15:25:13', '0000-00-00 00:00:00'),
(189, 'hcrooks', 'Marvin', 'Clark', '2013-12-10', 'haylee.heaney@schiller.com', '64552 Hickle Road Suite 999\nNorth Wilmer, ME 86935-9823', '995-684-8811 x95445', '$2y$10$5GPTayLm9epgA.w/6mYgb.VBccdcErq.WT7SOHeYS7OKUcCxUd4pC', NULL, NULL, 0, 0, '2021-01-17 15:25:13', '0000-00-00 00:00:00'),
(190, 'nya.dicki', 'Murphy', 'Taylor', '2017-08-19', 'wellington13@huels.net', '88634 Berenice Highway Suite 920\nLefflerville, SD 30459', '+1 (980) 806-2152', '$2y$10$7q6TEGuEUedfmAuCgYIpueIKpKLTh2Q4fP.EZEZ8Gb0vGLjrcpMrK', NULL, NULL, 0, 0, '2021-01-17 15:25:13', '0000-00-00 00:00:00'),
(191, 'heathcote.jefferey', 'Oberbrunner', 'Kim', '1977-11-17', 'hermiston.rebecca@hotmail.com', '619 Antonette Knolls\nClaudmouth, TX 34943-6628', '735.798.6726', '$2y$10$IRb9xBeB8glNDRm4LPTIVu2JEKkr77bcas0dT0UuYX5U8GUTHMyne', NULL, NULL, 0, 0, '2021-01-17 15:25:13', '0000-00-00 00:00:00'),
(192, 'grady.borer', 'Wisoky', 'Georgette', '1974-10-06', 'alexandre.rodriguez@bailey.com', '43682 Colton Inlet\nSouth Nathanstad, MT 56344-7654', '1-292-521-1570', '$2y$10$pBNhE6GUAE3OKPWUAiLhoeSmuAYcB/MVlBHKylHBeolWKtDq.s56C', NULL, NULL, 0, 0, '2021-01-17 15:25:13', '0000-00-00 00:00:00'),
(193, 'morissette.diana', 'Ratke', 'Fletcher', '1987-09-28', 'vbosco@beatty.net', '4516 Johns Canyon\nHuelsfurt, ME 31622', '949.417.5536 x307', '$2y$10$9e0Il96rhJELQELjz/8yDO6rzT4OwGGqsCTqa5cO7iStdo6H.ixnW', NULL, NULL, 0, 0, '2021-01-17 15:25:13', '0000-00-00 00:00:00'),
(194, 'cordelia50', 'Ankunding', 'Dahlia', '2006-03-24', 'bbartell@marquardt.biz', '8936 Aaliyah Union Apt. 769\nWest Myles, IA 15328', '(764) 572-1758 x1915', '$2y$10$0N98SBvURHw/ZCn2h4y89uSv2vlIwr6Vr4BJRHNlF6gpv5hMCv7oO', NULL, NULL, 0, 0, '2021-01-17 15:25:13', '0000-00-00 00:00:00'),
(195, 'stoltenberg.brooke', 'Kerluke', 'Ladarius', '1994-02-17', 'carolanne.bahringer@lehner.com', '81586 Rachel Dam Suite 607\nNorth Adaline, WA 43109', '968.609.1556', '$2y$10$FaZFpb4lhQREMXIggJ4JXuk7gKGy3MjB/fi7NbVSe0bL3DKQvRok6', NULL, NULL, 0, 0, '2021-01-17 15:25:13', '0000-00-00 00:00:00'),
(196, 'aditya.botsford', 'Reilly', 'Osvaldo', '1975-08-14', 'wmarquardt@yahoo.com', '622 Kautzer Drive\nPadbergville, NH 12164', '1-584-841-0734', '$2y$10$Mje/EShQqNanmajCJXbUke11MqdwT8z3o5YldJHrUhforrGdm4g6K', NULL, NULL, 0, 0, '2021-01-17 15:25:13', '0000-00-00 00:00:00'),
(197, 'eddie81', 'Parisian', 'Kiley', '2008-03-31', 'kenny.kemmer@yahoo.com', '461 Alvina Circle\nRustystad, MS 92027', '+16433889385', '$2y$10$q3HblNJqrptzHeXIRT2lPO2099Kh7MEDtEWKHEMhrNHP0GxvCRabK', NULL, NULL, 0, 0, '2021-01-17 15:25:14', '0000-00-00 00:00:00'),
(198, 'muriel.lakin', 'Greenholt', 'Judy', '2014-05-09', 'micheal.rempel@little.net', '7425 Walker Corners\nMedhurststad, ID 11816-7997', '+1.226.914.7211', '$2y$10$tRfvbFz6X/GULJrGzc00ZeduqNh8OchH39Q89rYngPY7rcMd0HVVO', NULL, NULL, 0, 0, '2021-01-17 15:25:14', '0000-00-00 00:00:00'),
(199, 'wdubuque', 'Ullrich', 'Edmund', '1973-05-25', 'waylon.toy@fritsch.info', '2852 Brekke Club Suite 739\nWyatttown, IA 14567-8342', '(292) 693-8282', '$2y$10$.Q4iPTO9DRqP/HepMuLNXutBYCHou2OUM46SzfFjPAkxR.Qa30VLi', NULL, NULL, 0, 0, '2021-01-17 15:25:14', '0000-00-00 00:00:00'),
(200, 'thiel.giovanni', 'Koepp', 'Alexane', '1982-11-03', 'larson.ashleigh@zulauf.com', '30782 Reichel Wells Suite 961\nSchuppeshire, NV 05095', '1-865-485-6017 x7683', '$2y$10$Db0YL35yq0IVt0QHV5Qh8.JU11dWRw0377DHzNGOpcFMwc77a6sx.', NULL, NULL, 0, 0, '2021-01-17 15:25:14', '0000-00-00 00:00:00'),
(201, 'vgislason', 'Mayer', 'Elijah', '1974-12-16', 'mozelle.toy@haley.info', '37202 Helena Mall\nSouth Reggieland, WA 98133', '1-515-244-6523 x2173', '$2y$10$2F/IeJMUXLtsjZQpJDTxb.UBL6amqXhsC7s0yrcql.fcC5o1ZxVZa', NULL, NULL, 0, 0, '2021-01-17 15:25:46', '0000-00-00 00:00:00'),
(202, 'savanah.romaguera', 'Deckow', 'Demarcus', '1980-01-25', 'dhettinger@yahoo.com', '591 Adelbert Ranch\nLarkinside, OR 75328', '+1.360.903.4113', '$2y$10$yYTwqfrE.2iQnrnfekh77OvWOH08gtdCZI4dxY9znFfxlclEJZn2m', NULL, NULL, 0, 0, '2021-01-17 15:25:46', '0000-00-00 00:00:00'),
(203, 'ashleigh.gleichner', 'Lehner', 'Peyton', '2017-06-15', 'owen90@hotmail.com', '7147 Rodriguez Locks Suite 521\nPort Tianaville, OH 13719', '(725) 838-8924', '$2y$10$0PSFVlVoItNmPktlKHQhqe9MmYxuw3KnvpiSZ4XMNIa6RcGci1SUy', NULL, NULL, 0, 0, '2021-01-17 15:25:46', '0000-00-00 00:00:00'),
(204, 'jhill', 'Howell', 'Tremayne', '1984-03-29', 'forrest.littel@hotmail.com', '15295 Desmond Dam\nWest Sarah, KS 18740', '706.726.3951', '$2y$10$KFpNePpuI0hTY2VobNgBzusLWIuuAx2b95M.929.5AJkDHDlGOvv6', NULL, NULL, 0, 0, '2021-01-17 15:25:46', '0000-00-00 00:00:00'),
(205, 'ihomenick', 'Boyle', 'Ollie', '1983-10-11', 'wilma45@will.com', '6948 Darron Ville\nKovacekchester, AK 83974-4387', '1-334-824-9062 x3772', '$2y$10$MNPAhF7VdRUHTBiye4TOIezofIBghDtVuU3MJluhLd9zGOcpjp.Mu', NULL, NULL, 0, 0, '2021-01-17 15:25:46', '0000-00-00 00:00:00'),
(206, 'shackett', 'Hoppe', 'Remington', '2013-05-15', 'vada.hartmann@gmail.com', '8855 Gregoria Station Apt. 763\nLake Alan, NV 82696', '205-929-0206 x266', '$2y$10$JjlBF2/iNUdO35KO2Y5kQ.Hvd9h76ADb69WYTFNd.aXwNQvpDVkQ2', NULL, NULL, 0, 0, '2021-01-17 15:25:46', '0000-00-00 00:00:00'),
(207, 'sedrick.cormier', 'Botsford', 'Jazmyne', '1989-09-11', 'katherine.gottlieb@deckow.com', '974 Graham Manor Suite 054\nSpinkaberg, IA 15348-2950', '(480) 310-8063', '$2y$10$zSUIYMv6eWGf4DV6aZdTXeL/k5sW1Z2qZYpJpuOeBKvWRAe4bYNMG', NULL, NULL, 0, 0, '2021-01-17 15:25:46', '0000-00-00 00:00:00'),
(208, 'ihand', 'Wisozk', 'Wilhelmine', '1977-03-22', 'kianna.kerluke@hotmail.com', '4107 Nathan Islands Apt. 420\nReichertberg, SC 73344-3812', '(618) 750-5058', '$2y$10$AhIU/FS5J3gcxbJUCRaij.Yi3fBOsu48Bw32qZf3Vn7Kol5f3c9XS', NULL, NULL, 0, 0, '2021-01-17 15:25:46', '0000-00-00 00:00:00'),
(209, 'padberg.violet', 'King', 'Emmanuel', '1981-02-13', 'sallie68@gmail.com', '725 Maxine Forks\nWilliamsonport, CO 85983', '+1-832-323-6868', '$2y$10$hrntOM13fiLrKtJx2.Gs6.m/R1y6pswi27gsRbPovDmV9PYijbs0K', NULL, NULL, 0, 0, '2021-01-17 15:25:46', '0000-00-00 00:00:00'),
(210, 'bauch.brant', 'Klocko', 'Alexandrine', '2013-03-14', 'ukoelpin@adams.com', '25407 Melody Drive Suite 935\nSchusterchester, SD 92040', '881.813.8378', '$2y$10$y5PBhRMfTBDrUNwgZpeDq.qCQXSzqQ1mrUezzpn4E0dF8oQyqy4TW', NULL, NULL, 0, 0, '2021-01-17 15:25:46', '0000-00-00 00:00:00'),
(211, 'tiana.ledner', 'Runolfsson', 'Isabel', '1973-09-11', 'eulah33@hauck.com', '178 Barbara Camp Suite 359\nCarrollchester, NC 02941', '(275) 204-4363', '$2y$10$YvEWKd7F5Z74nnBemh/6z.1t8sW4rjzxZ3xoEHJokm50j2VJ1bepW', NULL, NULL, 0, 0, '2021-01-17 15:25:46', '0000-00-00 00:00:00'),
(212, 'genevieve.hickle', 'Boyle', 'Amaya', '1993-08-26', 'buford38@gmail.com', '81480 Tillman Tunnel Suite 395\nSmithfurt, WI 42836', '(847) 555-2024 x8918', '$2y$10$shEvZ4yElbB054HnNK5vtuuXw7fQjRwjbl/rGCCghb0ocJvXc6FF.', NULL, NULL, 0, 0, '2021-01-17 15:25:46', '0000-00-00 00:00:00'),
(213, 'ernestine42', 'Marvin', 'Thelma', '1978-05-12', 'ustehr@mcglynn.com', '23230 Margret Estate Suite 800\nSouth Rosella, AZ 21176-9961', '213.545.7149 x232', '$2y$10$Abu9u3buT4znXOHbxqxhAuEuOE/vWt4F5eNLiuECRdFXjw2WFx6tG', NULL, NULL, 0, 0, '2021-01-17 15:25:46', '0000-00-00 00:00:00'),
(214, 'alexandrine55', 'Upton', 'Karianne', '1986-05-29', 'tad.walker@kautzer.com', '3658 Keebler Villages\nDietrichhaven, VT 00528', '726.370.0909 x4778', '$2y$10$s6bFHvbJY5NfCtd6XaBHVeDY35jeFDSmpt9UqS0j6uBU1t.nnz2Ea', NULL, NULL, 0, 0, '2021-01-17 15:25:46', '0000-00-00 00:00:00'),
(215, 'wreilly', 'Deckow', 'Ezequiel', '2002-08-17', 'cbrown@brekke.com', '7328 Okuneva Well\nLake Sanford, AR 71521-6269', '1-445-395-2183', '$2y$10$bEjUQu.G6pt2DApdkLaxdO9kGg3/5GdeyqfxplDyo8ogZwHqnvXRO', NULL, NULL, 0, 0, '2021-01-17 15:25:47', '0000-00-00 00:00:00'),
(216, 'uchristiansen', 'Gibson', 'Cathrine', '2009-01-29', 'kassulke.abigale@goyette.com', '2075 Katarina Burg\nEast Coleberg, NJ 11571', '594.525.2149', '$2y$10$sZ1yIEebmwbzk5m69lx0genJYF5GN.aDLTTeG6Ise2H11g5TqcdAe', NULL, NULL, 0, 0, '2021-01-17 15:25:47', '0000-00-00 00:00:00'),
(217, 'farrell.waldo', 'Kautzer', 'Robert', '1979-03-28', 'marcus.ullrich@howell.com', '9235 Jamal Stravenue Apt. 886\nMadelinechester, DE 21780', '(982) 338-7153', '$2y$10$.CMsdqIa.zBO/8AUOqGyfOrfDeyheZ8xTpwm.ZI2s7I7Zxf12obQi', NULL, NULL, 0, 0, '2021-01-17 15:25:47', '0000-00-00 00:00:00'),
(218, 'hudson.kay', 'Rice', 'Brisa', '2019-03-20', 'toberbrunner@gmail.com', '47815 Casper Points\nVandervortland, OK 02557', '465.845.3503', '$2y$10$me/4W5bxn7TmOF/4sa.6EOgb3p.gk2Twu6Q9Qm6CXoVntWh873s9q', NULL, NULL, 0, 0, '2021-01-17 15:25:47', '0000-00-00 00:00:00'),
(219, 'czboncak', 'Schmeler', 'Roxanne', '1988-09-17', 'kylie51@hotmail.com', '420 Karianne Island\nNew Austyn, LA 04533', '+1-235-514-1193', '$2y$10$6mPlVyHRXIeItTEfyeW/V.Mc0gSGP2cRy88j2B5Bzn7UWwyYqN9Gq', NULL, NULL, 0, 0, '2021-01-17 15:25:47', '0000-00-00 00:00:00'),
(220, 'tess41', 'Schmidt', 'Destini', '1985-05-14', 'ashton.becker@brown.com', '3078 Hoeger Spurs\nMikaylaton, NH 34232', '+17235219318', '$2y$10$wh0VFH8lEr6Esr7ErpiDcexIiOHwvkmO3rhUHfOtnLGLfIim6bhlG', NULL, NULL, 0, 0, '2021-01-17 15:25:47', '0000-00-00 00:00:00'),
(221, 'green.makenzie', 'Dooley', 'Katelin', '1995-09-14', 'murazik.kyle@gmail.com', '6336 Nels Canyon Apt. 300\nSouth Wilburnton, AK 46562-4048', '+1-597-950-2795', '$2y$10$LE8oJ5XuNB81XRZTDPjbKeOv.wuHMG1dPuyOJ73R.xhd9ce42BDhK', NULL, NULL, 0, 0, '2021-01-17 15:25:47', '0000-00-00 00:00:00'),
(222, 'crystel.hoppe', 'Nolan', 'Andreanne', '1999-02-08', 'arnulfo.okuneva@kerluke.com', '3312 Haley Landing Suite 253\nLelahview, MN 36764', '(815) 297-0060', '$2y$10$gQYC1wyfUHmtjnu3BuWAb.xq7.WfpCRHqGYEKx70YuQbvqKXC2vvO', NULL, NULL, 0, 0, '2021-01-17 15:25:47', '0000-00-00 00:00:00'),
(223, 'jaeden66', 'Mitchell', 'Faye', '1992-02-23', 'nkeebler@fritsch.com', '44705 Lucio Ridges Suite 413\nEast Keonfort, DE 47752', '437-206-9186 x272', '$2y$10$CYhjEro16pbfoITYed9pOe9SXD5jhBLwmwGTp/oqbNCPgUmkGfJmq', NULL, NULL, 0, 0, '2021-01-17 15:25:47', '0000-00-00 00:00:00'),
(224, 'keegan16', 'Hartmann', 'Gladyce', '1998-07-20', 'cjerde@yahoo.com', '958 Kutch Meadows Suite 650\nSouth Telly, TX 76511', '(523) 575-7658', '$2y$10$1jjduu7pfIpa0RXumdSuU.JDTAAaInrNqfp8V6TSmTViDLWNRGS/e', NULL, NULL, 0, 0, '2021-01-17 15:25:47', '0000-00-00 00:00:00'),
(225, 'abraham.sipes', 'Kohler', 'Antwan', '2001-02-10', 'dayton86@padberg.biz', '6008 Malinda Brooks Suite 320\nEast Hildaview, OR 49958-3774', '(836) 473-3441 x471', '$2y$10$ctnSqbH3mdLckddrXL6jD.qaChuJMypN9fYQDFStwrP0b496yVp5K', NULL, NULL, 0, 0, '2021-01-17 15:25:47', '0000-00-00 00:00:00'),
(226, 'crystal.gutkowski', 'Casper', 'Christina', '2009-02-16', 'florian29@cummerata.com', '2081 Considine Causeway\nBartellshire, SC 23242', '+17749016146', '$2y$10$bVLV8wrFbwv4KDdmYlSvHeZSiW.Z6wHt03WWdtPFnFBKttJBc5MhO', NULL, NULL, 0, 0, '2021-01-17 15:25:47', '0000-00-00 00:00:00'),
(227, 'joey63', 'Rippin', 'Lincoln', '1986-06-06', 'earnestine.langworth@gmail.com', '5282 Orn River\nGottliebbury, AK 71912-5585', '(661) 883-2780 x262', '$2y$10$PlAR/sA6KLVjREX5h/NOt.21l3cEeKjvt.L7sNVsiCYBsX1gcmnCm', NULL, NULL, 0, 0, '2021-01-17 15:25:47', '0000-00-00 00:00:00'),
(228, 'brath', 'Cronin', 'Evelyn', '2012-07-06', 'yost.guido@mertz.com', '4579 Samara Ramp\nNorth Carloport, GA 19784', '405-445-8570 x5990', '$2y$10$eFxR91mEfW6E0MMPVPRQhe0RMrLZjgyHynD3ZaeeM3ajzVnyHu3qK', NULL, NULL, 0, 0, '2021-01-17 15:25:47', '0000-00-00 00:00:00'),
(229, 'maia83', 'Price', 'Rosamond', '1987-07-26', 'pheaney@kunde.net', '6418 Jordon Brooks Apt. 240\nStammbury, MS 94372', '(440) 612-5134 x829', '$2y$10$NSLlCj/u46mE7IdpGUu/K.Z9MhEYzJ4wcza1MApN7MDxnVVWStyOK', NULL, NULL, 0, 0, '2021-01-17 15:25:47', '0000-00-00 00:00:00'),
(230, 'sdickinson', 'Friesen', 'Jakayla', '2018-03-03', 'cali52@block.com', '87959 Dare Neck Apt. 920\nLake Elinore, VA 43318', '(836) 854-1512', '$2y$10$oUbQrsP7CDXB2O3xzguqFuu.jiCniYVfWCbZeOuDDiB1yqwP8v.Ym', NULL, NULL, 0, 0, '2021-01-17 15:25:47', '0000-00-00 00:00:00'),
(231, 'obie.ledner', 'Brekke', 'Seth', '1987-04-29', 'lwhite@gmail.com', '668 Kurt Ferry\nNorth Paytonview, NH 73173', '421.822.8533 x866', '$2y$10$lQ.Ac9H498.gvwooPTuKZ.YIfAbddCy8gk2BLti1uM1F2/QabSGxO', NULL, NULL, 0, 0, '2021-01-17 15:25:48', '0000-00-00 00:00:00'),
(232, 'harmon.walter', 'Batz', 'Raegan', '1991-04-28', 'keeling.anne@gmail.com', '224 Kenya Manors\nSouth Forestfurt, AZ 23255-0634', '1-815-594-8444', '$2y$10$p/49xHxNK1QFmE6Wk3KIMuLeKdJCAlRXEKD.CfVc/FMo1YYQf7Xzy', NULL, NULL, 0, 0, '2021-01-17 15:25:48', '0000-00-00 00:00:00'),
(233, 'aharvey', 'Bins', 'Javier', '1991-03-03', 'nebert@dibbert.com', '13771 Willms Route\nEast Amber, AR 07311', '+17248175550', '$2y$10$6uC9vHbiBc17g.CevA7eseAFv0Gea6.TqBjoJI41EkGVJpGmndKTq', NULL, NULL, 0, 0, '2021-01-17 15:25:48', '0000-00-00 00:00:00'),
(234, 'alexys75', 'Collier', 'Sasha', '1972-10-01', 'stewart.smitham@gmail.com', '515 Gussie Spur Apt. 586\nNorth Christinemouth, AZ 91839-1182', '(561) 414-4026 x0054', '$2y$10$9Zx9CGGLruiwxdD6LjC7Meop2sC4j36kWa6mYocTpcDinaUg5Ukme', NULL, NULL, 0, 0, '2021-01-17 15:25:48', '0000-00-00 00:00:00'),
(235, 'schaden.jessyca', 'Maggio', 'Joaquin', '2014-07-29', 'erwin16@hickle.com', '98297 Vincenza Shoal Apt. 291\nSeanburgh, FL 85465-7741', '926.808.1870', '$2y$10$JaEf9aTYmeQjOHrn.tN85e/IrBDUeunwciP24I4OwAviK4f09xPPa', NULL, NULL, 0, 0, '2021-01-17 15:25:48', '0000-00-00 00:00:00'),
(236, 'jacobson.terence', 'Cruickshank', 'Trevor', '1979-03-23', 'ycollier@hotmail.com', '86398 Stamm Heights\nSouth Ewell, MN 51820', '+19633339172', '$2y$10$8mlJh1HHj8eTMfMOEFF6FO3TBHp3eEMfrYJ233/05DX13GU9ysxWK', NULL, NULL, 0, 0, '2021-01-17 15:25:48', '0000-00-00 00:00:00'),
(237, 'mossie.champlin', 'Blanda', 'Coleman', '2001-08-26', 'qwilkinson@cole.com', '80671 Breitenberg Mission\nSouth Christianfort, IA 86403', '1-412-879-0095', '$2y$10$KgLbZBALRI4hdoOrmzH7euE1sFgH0yWmNSJq8rkZVIa9G.hohxAF2', NULL, NULL, 0, 0, '2021-01-17 15:25:48', '0000-00-00 00:00:00'),
(238, 'fanny.gerlach', 'Hintz', 'Horace', '2017-01-04', 'vstrosin@moen.org', '5761 Donato Divide\nWest Rozella, MN 47332-4085', '(615) 828-8221 x56602', '$2y$10$mSrUDwxhxo27a38wqBMd5uQ1r4xO7tWyEPDe/nWIR4X9O1JRN2Jom', NULL, NULL, 0, 0, '2021-01-17 15:25:48', '0000-00-00 00:00:00'),
(239, 'vwaters', 'Emmerich', 'Tyrel', '1995-07-16', 'maximillian56@yahoo.com', '90700 Jazmin Hollow Apt. 694\nVerlatown, SC 53121', '1-893-477-5395', '$2y$10$otx3sGfBjzBQmSt4XpoXkOO3J6URrNCjv.9kaLivCcWKStheEtSYa', NULL, NULL, 0, 0, '2021-01-17 15:25:48', '0000-00-00 00:00:00'),
(240, 'gideon.gottlieb', 'Mills', 'Selina', '2006-12-21', 'albina10@hotmail.com', '61439 Jude Points Suite 836\nEast Aylintown, ME 88232', '(946) 228-2828', '$2y$10$27jnUOgUd6Q4F.ci19Pl0.WlK3cuWSkgS02cTHvhK/dEbVp4jXW3O', NULL, NULL, 0, 0, '2021-01-17 15:25:48', '0000-00-00 00:00:00'),
(241, 'rryan', 'Brakus', 'Bette', '1984-08-25', 'smcclure@yahoo.com', '70512 Marquardt Overpass\nNew Jerrold, KY 35374', '1-765-432-9729 x9141', '$2y$10$T8JfBB4kziR19V4NPdSZievEfiI00iK.MGWQ39Za8jgFaBolEy.km', NULL, NULL, 0, 0, '2021-01-17 15:25:48', '0000-00-00 00:00:00'),
(242, 'cecelia60', 'Rosenbaum', 'Kenyon', '1977-05-30', 'swunsch@larkin.com', '2905 Anne Plains Suite 288\nStanleymouth, OR 08318', '1-813-808-3527', '$2y$10$xuDVD/R0RpaT.hr.93k7Rep0H6xfSgfjBA7lj5h0LRIeORORND0A.', NULL, NULL, 0, 0, '2021-01-17 15:25:48', '0000-00-00 00:00:00'),
(243, 'muhammad10', 'Jacobi', 'Maureen', '1985-05-26', 'wrogahn@lowe.com', '60475 Von Orchard Apt. 790\nKingchester, TX 47482', '982-475-9818 x457', '$2y$10$nHpeKExZf/Ya1VNW0RgbNeBS3VSauWbR4O5RW9nZue8Zev/wpF3Ci', NULL, NULL, 0, 0, '2021-01-17 15:25:48', '0000-00-00 00:00:00'),
(244, 'dibbert.effie', 'Lindgren', 'Eileen', '1983-08-02', 'wkoepp@hotmail.com', '762 Rosenbaum Street\nMurphyburgh, SD 96836', '+13455479205', '$2y$10$PEMBMcI8JcStCJ7mou2y2.3ghwsZcP3OKqI9xDDIlXoXqWEEJG.pe', NULL, NULL, 0, 0, '2021-01-17 15:25:48', '0000-00-00 00:00:00'),
(245, 'cebert', 'Dibbert', 'Caden', '2010-10-13', 'walter.era@hotmail.com', '86614 Justus Track Suite 502\nMerlinfort, NH 39209-6430', '740-674-7177 x8031', '$2y$10$RrA8vulhfvg1wOd6rWN2ZufJASJUeAxjhhJgfMmt0LsWgFKWU1iSy', NULL, NULL, 0, 0, '2021-01-17 15:25:48', '0000-00-00 00:00:00'),
(246, 'goyette.furman', 'Hoppe', 'Sean', '1987-06-03', 'rogahn.shad@hotmail.com', '76892 Cecil Stravenue Suite 690\nJoanieshire, AZ 54283', '(334) 827-0477', '$2y$10$6hQdIauSOE7iPDCOiDmIk.FD4pO2lGXZEM36vrT/W5bguA1pebMDS', NULL, NULL, 0, 0, '2021-01-17 15:25:48', '0000-00-00 00:00:00'),
(247, 'keyshawn.powlowski', 'Skiles', 'Burley', '1984-07-24', 'lueilwitz.talia@hotmail.com', '40465 Shanie Falls Suite 192\nWillyport, NM 13050-0998', '378-289-0576 x61545', '$2y$10$WB5CUnh6xaTPbNTev2esFuz/bf2lSP0SS3qSiRS0gApVveet5.iLW', NULL, NULL, 0, 0, '2021-01-17 15:25:49', '0000-00-00 00:00:00'),
(248, 'vpowlowski', 'Bahringer', 'Jessica', '2020-03-16', 'quincy12@hotmail.com', '7564 Shania Lodge Suite 150\nWest Josiah, NJ 42742-7985', '+15097177488', '$2y$10$Mf86eo4zb13foojmZmy0e.SQVuEclxrol77xHizbL.PRs4rRR3xaa', NULL, NULL, 0, 0, '2021-01-17 15:25:49', '0000-00-00 00:00:00'),
(249, 'yvonne.tillman', 'Sanford', 'Madilyn', '1993-03-25', 'abelardo71@yahoo.com', '25250 Rippin Passage Apt. 159\nNew Brandtberg, AL 00171-4666', '964.518.3212 x65354', '$2y$10$xYu1L2r3qhXYRF6mVzk7JO91YfZhLBXc0u2lh.owu2VkR/styzJeG', NULL, NULL, 0, 0, '2021-01-17 15:25:49', '0000-00-00 00:00:00'),
(250, 'ylowe', 'Stracke', 'June', '2020-11-12', 'zupton@considine.net', '60437 Blick Stravenue\nNew Javonteview, MT 61938-2355', '594-614-3084', '$2y$10$qAAdpJkDhJ2kqUnf4CTbKeDfZSsRDbW9.qebtAaGH61tnOHA3RADy', NULL, NULL, 0, 0, '2021-01-17 15:25:49', '0000-00-00 00:00:00'),
(251, 'rbailey', 'Hickle', 'Dominique', '1970-01-14', 'alvah42@tromp.com', '19776 Xzavier Pines Suite 217\nSchultzshire, MD 49393-5910', '376.525.0064 x76932', '$2y$10$bhw5jfiZ5mLRJbRcE8UjzOLgMb1RH7QwbUGdf0ohgYUFQ9KeB2OD6', NULL, NULL, 0, 0, '2021-01-17 15:25:49', '0000-00-00 00:00:00'),
(252, 'rashad.ohara', 'Koss', 'Montana', '1970-11-28', 'romaguera.levi@gmail.com', '42632 Dixie Fort Apt. 765\nNitzscheshire, NC 65241-9541', '1-697-683-0401', '$2y$10$eZOu.20cTqPRZcw10d65mOLxYmqeQM0zd7n/vsczHeCEWQg3iY0qG', NULL, NULL, 0, 0, '2021-01-17 15:25:49', '0000-00-00 00:00:00'),
(253, 'florencio.roberts', 'Zboncak', 'Jadon', '1971-01-05', 'raven96@boehm.com', '6964 Benedict Flat Apt. 796\nEast Henri, MA 27430', '+1.621.788.5546', '$2y$10$j0SFhoUD/3lwR6MAatge9exbjhCf9WrY7.Kkyx9dH0G//xLZjWNXW', NULL, NULL, 0, 0, '2021-01-17 15:25:49', '0000-00-00 00:00:00'),
(254, 'fredrick.breitenberg', 'Becker', 'Dominic', '2017-06-05', 'stroman.chelsea@hotmail.com', '570 Pollich Meadow Apt. 147\nEast Johann, NC 10118', '+1 (652) 806-9078', '$2y$10$P5rwWqHM8Ip75kRgimnaiOSrfbqx3sh5cbpDhYHeFZU5ticLgC9zu', NULL, NULL, 0, 0, '2021-01-17 15:25:49', '0000-00-00 00:00:00'),
(255, 'rwolf', 'Murazik', 'Wilton', '2008-06-06', 'kframi@bashirian.net', '513 Brandon Shoal Apt. 907\nNorth Eleanora, ND 04071-1091', '1-792-372-7359 x3507', '$2y$10$vWpMDujuaKwE3hxEDJ.rkueI0EG6uyqXYGHNrB5vwYBGL3U6OFITi', NULL, NULL, 0, 0, '2021-01-17 15:25:49', '0000-00-00 00:00:00'),
(256, 'jaida.reinger', 'Bayer', 'Madie', '1993-08-05', 'quinn.klein@hotmail.com', '72420 Bethany Fields Suite 239\nPort Eryn, NE 19758', '1-918-551-3346 x03222', '$2y$10$eX2KnL63HBAHp3xzr8kr7.ap6LC487776Aqa4h7MQ4YpSfwYM1Dsy', NULL, NULL, 0, 0, '2021-01-17 15:25:49', '0000-00-00 00:00:00'),
(257, 'pmckenzie', 'Krajcik', 'Marianne', '1974-05-07', 'lesch.mario@okuneva.net', '4004 Hardy Viaduct\nUptonhaven, DC 34612-9617', '1-465-723-3930 x17765', '$2y$10$9MHY2ZpwP1Jn5oymDfL6j.xiI/WoZw/gTjiGAYN049SsjLF6fJ9i.', NULL, NULL, 0, 0, '2021-01-17 15:25:49', '0000-00-00 00:00:00'),
(258, 'gjast', 'Hilpert', 'Lolita', '2018-01-16', 'toy.konopelski@gmail.com', '302 Jamel Highway Apt. 211\nNew Myrtis, IN 58624', '402.246.4209 x34942', '$2y$10$HJYCjykS4H.RTgn1NsWC3u352OpBCbaE37W8iXmTvO5r5cFxUtzXu', NULL, NULL, 0, 0, '2021-01-17 15:25:49', '0000-00-00 00:00:00'),
(259, 'marielle76', 'Mosciski', 'Gabrielle', '1980-12-16', 'neoma.hudson@waelchi.com', '282 Claire Camp Apt. 063\nKreigerchester, PA 50455', '664-384-4892 x73882', '$2y$10$rt9tk4g2.xMljaZ.TBy9T.U2kc2K4/svU6Ka4a/iP.cPdhfxWd/AS', NULL, NULL, 0, 0, '2021-01-17 15:25:49', '0000-00-00 00:00:00'),
(260, 'georgette89', 'Lubowitz', 'Arnold', '1982-03-16', 'mante.orie@hotmail.com', '95719 Jacky Estates\nPort Lenoraport, IA 17747-9799', '(454) 862-5434', '$2y$10$2j46p4cHQsnc6n7o289fxu.XfSR2dmIJ7pYjN36Pkz.fNTjQVjbRq', NULL, NULL, 0, 0, '2021-01-17 15:25:49', '0000-00-00 00:00:00'),
(261, 'grady.myles', 'Grant', 'Martine', '1978-02-10', 'wgottlieb@little.com', '718 Valentine Valley Suite 727\nWiegandchester, KS 97969-5201', '+16726719923', '$2y$10$XdlJKlxmHrvnrxd6jZQA1e0ZBZ0lot1sGcEyy4GhtUQ.DmbDWUQuO', NULL, NULL, 0, 0, '2021-01-17 15:25:49', '0000-00-00 00:00:00'),
(262, 'fjones', 'Zulauf', 'Alexandra', '1971-06-03', 'luciano86@hotmail.com', '747 Holden Extension\nWest Ellis, WI 32623', '+19798427893', '$2y$10$.SBBebvbMWYJ/KSsC0jMiO.hoRv3z8ueVW.OfdZ6iHWGRQ6PPJ3fC', NULL, NULL, 0, 0, '2021-01-17 15:25:49', '0000-00-00 00:00:00'),
(263, 'vgerlach', 'Miller', 'Delores', '1991-09-05', 'chet98@hartmann.com', '3324 Colleen Street\nNew Rayport, KY 02427', '526.758.4911 x2551', '$2y$10$j22D/bXORxqOXYKBPqnvleY.jvlD8kY/plobLK5Xqi.SLbO5H9qbq', NULL, NULL, 0, 0, '2021-01-17 15:25:50', '0000-00-00 00:00:00'),
(264, 'madalyn54', 'Bergnaum', 'Jacky', '1988-11-27', 'tbaumbach@block.org', '49393 Feil Estate\nPort Kaden, TX 45389', '+1.350.953.7963', '$2y$10$EjsTB2koOxogLUV4IOCkau.1o52KH83TtVnajv.ukv1b9dZP.eNGO', NULL, NULL, 0, 0, '2021-01-17 15:25:50', '0000-00-00 00:00:00'),
(265, 'ross.cruickshank', 'Bernhard', 'Pete', '2012-05-18', 'ccassin@towne.com', '5940 Rebeka Mountain Suite 160\nTreymouth, SC 03314-3206', '1-294-253-6290 x938', '$2y$10$UVDQPiKPOfcbrvGvCGv6IuwgkaJ3zB1sNA3Pha5M/ZoFEa./ISnOW', NULL, NULL, 0, 0, '2021-01-17 15:25:50', '0000-00-00 00:00:00'),
(266, 'sheridan87', 'Daniel', 'Brady', '1981-09-14', 'ruby.paucek@torp.info', '486 O\'Conner Skyway\nVonRuedenhaven, AK 72950', '693.477.6268', '$2y$10$MtmKaM3DjqbR48FOpKbtYObqPI1giwLrsNw.77wYDobPiaJwEIKo6', NULL, NULL, 0, 0, '2021-01-17 15:25:50', '0000-00-00 00:00:00'),
(267, 'gavin.brown', 'Larkin', 'Karianne', '1987-07-02', 'alexys.carroll@yahoo.com', '180 Lang Corners Suite 266\nWest Chaddhaven, WY 74086', '478.594.9597', '$2y$10$7HlI8f0Ye83W9l3AI26PteeVGa7uEXvWe2TIJOGF50I5B1UJRmnNC', NULL, NULL, 0, 0, '2021-01-17 15:25:50', '0000-00-00 00:00:00'),
(268, 'khansen', 'Sawayn', 'Muriel', '2007-08-20', 'zemlak.francesco@hotmail.com', '76788 Osinski Square\nEast Emeraldfurt, MI 04545', '975.896.5656', '$2y$10$6e.ECf1M6G/gawk6xaE5nui5pDD7nBFWekVjI1YPJu71/A65HZ2XS', NULL, NULL, 0, 0, '2021-01-17 15:25:50', '0000-00-00 00:00:00'),
(269, 'jhilpert', 'Pfannerstill', 'Dexter', '2003-04-23', 'agustin89@lubowitz.com', '495 Reichel Path Suite 614\nNorth Gabrielstad, CA 47086-4871', '363.288.9075 x41565', '$2y$10$SICjifudIC9.L8XnL.N5c.O.TMZOzr2S1xrSf1.HR5XUS3dtGV6C2', NULL, NULL, 0, 0, '2021-01-17 15:25:50', '0000-00-00 00:00:00'),
(270, 'sipes.sylvan', 'Pacocha', 'Lindsey', '2005-06-13', 'crawford48@skiles.com', '32918 Lexus Valley\nNorbertobury, OR 73057', '517-298-9788 x266', '$2y$10$szFZplx7RicMBXILdZjJVesTiy582gUxpwRGkkqd1xIiayozpi38W', NULL, NULL, 0, 0, '2021-01-17 15:25:50', '0000-00-00 00:00:00'),
(271, 'homenick.audreanne', 'Ritchie', 'Leo', '1985-05-09', 'gaetano.jacobson@hotmail.com', '208 Bridie Springs\nNolanview, VA 56600', '+15842125399', '$2y$10$4c2hzVDTcIv3f1Orn7AwQ.mVqMzZsHxtceI8kYr0BN9KQF0tct/2C', NULL, NULL, 0, 0, '2021-01-17 15:25:50', '0000-00-00 00:00:00'),
(272, 'davin.beahan', 'Waelchi', 'Myrtis', '1982-02-18', 'msawayn@hauck.com', '4797 Bogisich Inlet\nPort Tyshawn, WY 34719', '+1-524-718-5898', '$2y$10$iyYjPMT9GWa9DKyPmK79eu7KUm1k5.VKpk/nrMAzAsFcCGV7uaYpa', NULL, NULL, 0, 0, '2021-01-17 15:25:50', '0000-00-00 00:00:00'),
(273, 'trey46', 'Hilpert', 'Merl', '2019-03-06', 'jackie.bosco@dietrich.com', '512 Kozey Throughway Apt. 256\nWest Doraborough, NH 51160', '1-903-319-3624 x7900', '$2y$10$qOPAPTQopW2GT6fidJbFUOWDAm5FkZqJ0kuGNA0u6qpn.FUQa8a8K', NULL, NULL, 0, 0, '2021-01-17 15:25:50', '0000-00-00 00:00:00'),
(274, 'gheller', 'Runte', 'Sean', '1977-12-14', 'karlee.ebert@gmail.com', '85401 Tremayne Road\nSouth Anitashire, PA 70106-4226', '710.825.9449 x0400', '$2y$10$2PbplXJGkU9r/yXjHxDZyONOM4bdIWeFyxTsDmqRgxt5oF4R05ADG', NULL, NULL, 0, 0, '2021-01-17 15:25:50', '0000-00-00 00:00:00'),
(275, 'marilyne.murray', 'Lebsack', 'Sheridan', '1995-05-26', 'freddie.king@hotmail.com', '9175 Hahn Freeway\nRunteshire, VA 72648-9923', '885.952.1202', '$2y$10$PzxSIoynnEJQyNue8DU02ed0OUkMGtEEjQEyROUouaVn3oAditcSO', NULL, NULL, 0, 0, '2021-01-17 15:25:50', '0000-00-00 00:00:00'),
(276, 'weber.arnulfo', 'Sauer', 'Nannie', '1978-05-26', 'christina.frami@hyatt.com', '25120 Schuster Lakes\nDelfinaport, ME 26115', '(893) 204-3027 x672', '$2y$10$UgclYx76fcOvcVl.H5Gxc.L43BTKAHoUj3pkk1sfm0KdX3xrVNXAe', NULL, NULL, 0, 0, '2021-01-17 15:25:50', '0000-00-00 00:00:00'),
(277, 'ugreen', 'Batz', 'Collin', '2006-08-03', 'helmer77@marquardt.com', '465 Daugherty Motorway\nWeldonfort, AR 05109', '(238) 831-2610', '$2y$10$TGKvF2LQhV3W/SnIihvM5efKejN4PjpvjTASQHePos3qfxqSKj3z.', NULL, NULL, 0, 0, '2021-01-17 15:25:50', '0000-00-00 00:00:00'),
(278, 'vesta.klocko', 'Blanda', 'Astrid', '1996-08-28', 'djast@pouros.com', '38613 Lewis Fords Suite 731\nVandervortton, VT 88174', '(851) 770-9776 x53852', '$2y$10$Ti9TvvYsCl6FnnY.ba7q8O3fOe1lpasIdP/DTnV.tS9RVS56pLtNO', NULL, NULL, 0, 0, '2021-01-17 15:25:50', '0000-00-00 00:00:00'),
(279, 'hayes.lemuel', 'Ankunding', 'Sierra', '2015-05-14', 'rupert23@gaylord.info', '153 Von Trace\nSouth Jannie, NJ 93518', '+1.274.249.6224', '$2y$10$ObyglRxI4QhfAaI0R.NHGOJMn3gu8Sw2mYpKZVbpqrOA5uMl4km2.', NULL, NULL, 0, 0, '2021-01-17 15:25:51', '0000-00-00 00:00:00'),
(280, 'walter37', 'Douglas', 'Juana', '1975-06-12', 'jskiles@yahoo.com', '78480 Gusikowski Union Apt. 414\nNew Nathan, MA 04973-1122', '(263) 955-0901', '$2y$10$6BaLdfgIbarWfh.WBnxEqOBTMmpkzvuxwfOh8nAopqD9wZUcPi0am', NULL, NULL, 0, 0, '2021-01-17 15:25:51', '0000-00-00 00:00:00'),
(281, 'idibbert', 'Kessler', 'Salvatore', '1983-05-29', 'durward82@runte.com', '2174 Devyn Rue Suite 952\nTrevorshire, OR 95344', '(926) 869-4852 x965', '$2y$10$CXMeN62RuBGTB44500ymN.Kd9cTXuzKp5QHQSFBWYeqpk02F8RkI.', NULL, NULL, 0, 0, '2021-01-17 15:25:51', '0000-00-00 00:00:00'),
(282, 'bernadette.block', 'Cartwright', 'Burdette', '1978-08-07', 'joanny55@lindgren.com', '574 Winnifred Trace\nZenachester, ME 66139', '1-828-968-9566 x19740', '$2y$10$An8Ndk/xZ12tvWnmxYd2iOZeYIrAzSWDtZqPZKxewcb6if/HdvBZO', NULL, NULL, 0, 0, '2021-01-17 15:25:51', '0000-00-00 00:00:00'),
(283, 'edwin.funk', 'Dibbert', 'Myrtie', '1987-10-30', 'jharvey@yahoo.com', '8924 Kendall Fords\nNew Baylee, UT 78575', '1-715-312-9406 x7630', '$2y$10$P73zShBOLyiQNoKEkVDMz.TDQR/7Ylp1gX90EuJ10R4zOlMDQkLfO', NULL, NULL, 0, 0, '2021-01-17 15:25:51', '0000-00-00 00:00:00'),
(284, 'shanahan.kendra', 'Gusikowski', 'Vidal', '2017-04-02', 'xmccullough@watsica.com', '31162 Wintheiser Hollow Suite 352\nElsieview, FL 88669', '+1-693-642-7665', '$2y$10$pwV.m4QE6idcK/OwPAjFLu38c.7AfUOWphrZzJTO.Uw/5YQowsx.C', NULL, NULL, 0, 0, '2021-01-17 15:25:51', '0000-00-00 00:00:00'),
(285, 'cathrine92', 'Schulist', 'Nickolas', '1991-07-01', 'trice@yahoo.com', '2220 Bonnie Landing\nHudsonmouth, NJ 39403', '+1-876-768-5598', '$2y$10$y08Yn8c7OUTGL1zeeHlwCeQPrtEcLqI1gBfYEYMYbRRIygv2jGb7y', NULL, NULL, 0, 0, '2021-01-17 15:25:51', '0000-00-00 00:00:00'),
(286, 'walter18', 'Dickens', 'Leopold', '1997-12-28', 'bokon@gmail.com', '707 Mosciski Common Apt. 723\nRahulville, OR 30824', '313-726-9366 x97478', '$2y$10$kVeGCOCDpGQOYAKJ1nN.O.TYDW3VUbheWmulIhcD3J.LniQX9M1LG', NULL, NULL, 0, 0, '2021-01-17 15:25:51', '0000-00-00 00:00:00'),
(287, 'labadie.fletcher', 'Anderson', 'Berta', '2002-02-14', 'charles44@kilback.com', '8071 Crist View Suite 594\nSouth Ursulaland, OH 89427', '1-491-982-2084 x728', '$2y$10$w47SPZ2j0o0DtNyqMO6AKehZjdoAKuLb008RYgyNL24WjTMptYuhe', NULL, NULL, 0, 0, '2021-01-17 15:25:51', '0000-00-00 00:00:00'),
(288, 'thalia.auer', 'Gutmann', 'Chyna', '1996-07-19', 'bfisher@nikolaus.com', '6540 Amelie Cove Apt. 346\nRaynorshire, ME 30414-2783', '+1 (471) 762-8948', '$2y$10$kKfsbskHDyKeLhxeFwfwLOHEnKv.eWKgF8LTHMmSki4mT6XfoMfJG', NULL, NULL, 0, 0, '2021-01-17 15:25:51', '0000-00-00 00:00:00'),
(289, 'kianna.cassin', 'Skiles', 'Evans', '2000-02-12', 'linda02@hotmail.com', '8287 Joshua Centers\nLake Aliya, PA 59456-9389', '(717) 944-2464 x650', '$2y$10$xidXITip5FaFK9obwd.8iecoPyXZ4sOSUvQwLm5ECeoh/eOVIoPWW', NULL, NULL, 0, 0, '2021-01-17 15:25:51', '0000-00-00 00:00:00'),
(290, 'grady.dannie', 'Monahan', 'Raoul', '1994-03-25', 'maegan.mcglynn@yahoo.com', '79990 Buddy Corners Apt. 055\nMillsburgh, TX 31598', '(914) 673-3314 x505', '$2y$10$BS.YTWlBhXgQBLOpHvICxuS1oF9lyisWCrEuGzcha7StjHCXOlo.W', NULL, NULL, 0, 0, '2021-01-17 15:25:51', '0000-00-00 00:00:00'),
(291, 'ohara.garrick', 'Mayert', 'Alden', '2018-04-07', 'ritchie.antonette@bayer.com', '32164 Roselyn Mission Suite 625\nHageneshaven, MD 32564-6317', '1-231-376-5258', '$2y$10$gzgGt7kYVmAZlGiqfsiw4.lFCY0V1udmIHzHOm7q31peaQ/YdjMKW', NULL, NULL, 0, 0, '2021-01-17 15:25:51', '0000-00-00 00:00:00'),
(292, 'leannon.arlie', 'Hintz', 'Benton', '1988-12-29', 'kmcclure@hills.biz', '23133 Heller Land Suite 465\nJaydaberg, WI 27201-4496', '(424) 527-5241 x7965', '$2y$10$NTZOnX5lgioCbwcFyDYQme9WLtgRYZGCVVKahxa95l0XmWzkzdfdi', NULL, NULL, 0, 0, '2021-01-17 15:25:51', '0000-00-00 00:00:00'),
(293, 'wilkinson.cheyenne', 'Batz', 'Elenor', '1979-02-10', 'ward.jeffrey@gmail.com', '38725 Friedrich Road Suite 750\nNorth Kristian, MI 87371', '407-505-8518 x654', '$2y$10$/wuamVYOOIzsh7s.g0RXJOaKGUcMsdHafH2EHcMnOZOk/UZGDipTe', NULL, NULL, 0, 0, '2021-01-17 15:25:51', '0000-00-00 00:00:00'),
(294, 'schroeder.jude', 'Beahan', 'Major', '1982-10-31', 'weimann.meredith@gmail.com', '625 Columbus Expressway Apt. 482\nRamirobury, NJ 49410', '1-947-800-7073', '$2y$10$jO77bvSIG6x9l.gIcJ.eW.hiLc9BFaVRbNApdV8ayRJEWYovBnPlu', NULL, NULL, 0, 0, '2021-01-17 15:25:51', '0000-00-00 00:00:00'),
(295, 'qwolf', 'Oberbrunner', 'Immanuel', '1992-06-03', 'vferry@ferry.com', '21047 Bode Junctions\nMonahanville, OH 86583-4427', '+1.897.213.9893', '$2y$10$QZagm5PZeB5184mJ9EKXkuz732.E5fiyJo0f2K4ZLMKkULzhGnVfi', NULL, NULL, 0, 0, '2021-01-17 15:25:52', '0000-00-00 00:00:00'),
(296, 'kunde.desmond', 'Smitham', 'Chelsea', '1990-01-23', 'maddison84@yahoo.com', '772 Asa Views\nBerylfurt, VT 20972-8968', '+1.842.713.9177', '$2y$10$33LXzQn8Pu4yQzesfVWo2egnvvDhGG.87PIGNtepiOevyJ9cVfJge', NULL, NULL, 0, 0, '2021-01-17 15:25:52', '0000-00-00 00:00:00'),
(297, 'lsenger', 'Friesen', 'Jaycee', '2013-02-28', 'mglover@yahoo.com', '425 Litzy Manors\nNorth Annabell, MI 58741', '1-241-627-5791 x572', '$2y$10$dNS9x819JZ164ZQheHx9Gel51RTYhMWAGIhJZ9f1mrWFLrF3N31WC', NULL, NULL, 0, 0, '2021-01-17 15:25:52', '0000-00-00 00:00:00'),
(298, 'tzboncak', 'Rohan', 'Ransom', '2008-05-10', 'jude.feil@yahoo.com', '4187 Darien Stravenue Suite 132\nJodiestad, WV 53054-1257', '+1-496-312-4172', '$2y$10$l/RbWIVWwdtaMjFWHgt00uWxl/KmiO9UUE9MHkx3EqYhwGBse6FP6', NULL, NULL, 0, 0, '2021-01-17 15:25:52', '0000-00-00 00:00:00'),
(299, 'watsica.theresia', 'Nitzsche', 'Anissa', '1988-01-26', 'marks.josianne@bernhard.com', '9623 Kaleb Mount Suite 579\nLeschland, WV 49016', '+14843250132', '$2y$10$x7FdTGxoGWEJffYuLmK8lO2LYcRLVVkgDVEUj10kzfsm6lV6fzj36', NULL, NULL, 0, 0, '2021-01-17 15:25:52', '0000-00-00 00:00:00'),
(300, 'medhurst.keeley', 'Hansen', 'Ruben', '2011-03-19', 'henri.kozey@gmail.com', '40728 Kieran Forges Apt. 435\nNorth Brendashire, WI 99697', '+1-712-879-6953', '$2y$10$t.esGNZLFJf25G8m1WLO2uKFn3JazMfa5wU/pnzPOg1Yz9F5Q4mCS', NULL, NULL, 0, 0, '2021-01-17 15:25:52', '0000-00-00 00:00:00'),
(301, 'stark.raven', 'Tromp', 'Cathryn', '2015-01-05', 'schristiansen@romaguera.com', '50613 Boyle Rapid Apt. 520\nNew Geovanni, NE 13578-6094', '736.642.8388 x640', '$2y$10$7AT.RHjs7Xc9S9y9fs6jxu5U5mVLh9pICrBtcGqFcrNt1UzfYFdKe', NULL, NULL, 0, 0, '2021-01-17 16:28:06', '0000-00-00 00:00:00'),
(302, 'dubuque.catherine', 'Adams', 'Mathew', '2018-05-03', 'herzog.chadd@labadie.info', '499 Cronin Passage\nBartholometown, DE 40206-5108', '903.883.5846', '$2y$10$xfJ/HbG0DVGnRNP3qDdCQuqKwASRnX38mdEsw0dPe0G5EkeNhZVdm', NULL, NULL, 0, 0, '2021-01-17 16:28:06', '0000-00-00 00:00:00'),
(303, 'cortez26', 'Bradtke', 'Christelle', '1987-12-18', 'lrussel@turcotte.com', '30532 Will Loaf\nPabloport, IN 54109', '1-649-457-5017 x744', '$2y$10$DPsy0HDlhYAazyJgepgtqOMCiPUdLHzXbRNlHD.braMad4ENtsPNe', NULL, NULL, 0, 0, '2021-01-17 16:28:06', '0000-00-00 00:00:00'),
(304, 'jzemlak', 'Walter', 'Angel', '2003-06-23', 'walker.jayda@dare.com', '5044 Wisozk Expressway Apt. 851\nSouth Sidview, CT 26617', '223-243-2594', '$2y$10$61gsSuoFo0QjApn/7BIlr.yxnRx6xQ5TYb6ag3XCa75iK2mJb1e06', NULL, NULL, 0, 0, '2021-01-17 16:28:06', '0000-00-00 00:00:00'),
(305, 'connor46', 'Lesch', 'Patience', '2005-02-15', 'germaine16@dubuque.com', '127 Ardith Way Apt. 699\nPort Kyler, HI 59706-4567', '658-838-9965 x031', '$2y$10$rTkj9BS2DorBcagnrppCiuRzsC1Nd/jWu6Q8i.WhCDaoC7ol7DvgS', NULL, NULL, 0, 0, '2021-01-17 16:28:06', '0000-00-00 00:00:00'),
(306, 'torphy.shaniya', 'Pollich', 'Vernon', '1986-06-25', 'dejon.damore@yahoo.com', '3809 Sadye Parkways Apt. 799\nLeliastad, OH 78059-3946', '470.225.0879 x57583', '$2y$10$OBA6D2QMkyhom.C/7OUeWeaA/ewaFRvuUWnkakaUtF6IkzzTB.q/K', NULL, NULL, 0, 0, '2021-01-17 16:28:06', '0000-00-00 00:00:00'),
(307, 'monty.simonis', 'Hettinger', 'Rachelle', '1990-12-11', 'pablo.stanton@wilkinson.com', '2818 Raleigh Bridge Apt. 966\nLake Ruthie, FL 11507-0159', '268.599.5048 x59372', '$2y$10$oQ5Gga1SSMMiRvhk61iG1uOdAztL1UpAZ/S.IcdPIP9VDeaZvPmSa', NULL, NULL, 0, 0, '2021-01-17 16:28:06', '0000-00-00 00:00:00'),
(308, 'renee.champlin', 'Johnston', 'Ambrose', '1980-05-28', 'zboncak.cortney@murphy.com', '945 Mose Mountains Apt. 669\nSouth Nikolas, WV 64483-2982', '1-779-899-9143 x3918', '$2y$10$.dEaW2dCjtB/1vwRDv8bSurMBbUJa8vluKLqdgnzxewl2dF7Chbwm', NULL, NULL, 0, 0, '2021-01-17 16:28:07', '0000-00-00 00:00:00'),
(309, 'schinner.dedric', 'Jakubowski', 'Rosamond', '2006-11-07', 'mboyer@homenick.biz', '16587 Haskell Extensions Apt. 147\nWest Cletusfurt, IL 30731-7530', '724.609.2879', '$2y$10$ZIrucSg1PHXtVMlgP7qe7ueV4snp4Nw9NAhynWLIdMOo0xDJua/RG', NULL, NULL, 0, 0, '2021-01-17 16:28:07', '0000-00-00 00:00:00'),
(310, 'alaina10', 'Emmerich', 'Hobart', '2012-01-28', 'zieme.tyrel@gmail.com', '703 Eunice Mews Apt. 308\nLilianabury, ME 93428-0524', '1-767-673-0558', '$2y$10$.gxzttdxx/aScaVNeTyRWOKS0TWzqVjWiU9O.UIklGEkYbIVGZdBu', NULL, NULL, 0, 0, '2021-01-17 16:28:07', '0000-00-00 00:00:00'),
(311, 'qcarroll', 'Herman', 'Candace', '1994-06-22', 'joana.denesik@hackett.com', '62570 Amani Way\nEast Loyce, IA 58248-0166', '+1-981-289-3402', '$2y$10$/RBIGoov1go7d.pVqq76gOTwV/vHtCgHMel48qJFIzrv.oUVbOwDi', NULL, NULL, 0, 0, '2021-01-17 16:28:07', '0000-00-00 00:00:00'),
(312, 'knader', 'Nicolas', 'Odell', '2006-11-13', 'marquardt.vanessa@hotmail.com', '53669 Kessler Springs\nGranvilleberg, MA 53631-5378', '556-599-3915 x059', '$2y$10$o.xRl.8UArCvAQi5ahFqMewkWZy6u1YRJv6tFucl2hNmaYUkeoVtO', NULL, NULL, 0, 0, '2021-01-17 16:28:07', '0000-00-00 00:00:00'),
(313, 'larry.trantow', 'Stroman', 'Jameson', '1995-08-17', 'mgraham@will.com', '25982 Gutkowski Radial\nLehnerstad, MA 95763-4152', '228.248.4284', '$2y$10$Rqn8IQFHd76N/kFW9CqLP.5heJWyEjyfqohPEK8e2XA1cXmtmtvZm', NULL, NULL, 0, 0, '2021-01-17 16:28:07', '0000-00-00 00:00:00'),
(314, 'justina.rempel', 'Cremin', 'Sigurd', '1988-07-25', 'tristian.denesik@hotmail.com', '9403 Morgan Hollow\nDurganborough, WV 81943', '1-279-457-6719 x8061', '$2y$10$wyWM56mXhEa7DeMnh34s9e5Q9F5dmfVaqODGCh5ncyj2eK6im42Bi', NULL, NULL, 0, 0, '2021-01-17 16:28:07', '0000-00-00 00:00:00'),
(315, 'oyost', 'Kerluke', 'Lavern', '1991-09-25', 'maye.kirlin@hotmail.com', '3382 Jones Lock Apt. 691\nFranciscoport, OH 00731', '801-621-6218', '$2y$10$SKRSf2XiSxEMgbxlndxD4./HfLs9r9ZhbdNAcP5ZCBErv2VpWo.CS', NULL, NULL, 0, 0, '2021-01-17 16:28:07', '0000-00-00 00:00:00'),
(316, 'monahan.maggie', 'Lakin', 'Eleonore', '2013-12-28', 'dave40@yahoo.com', '3880 Mills Vista Suite 366\nNorth Aletha, OR 11874', '+1.862.959.4590', '$2y$10$tOZpxZQ0LiEt83QFFhcCgeuXX0FZ3QChgECCVcwsy2KQawPOwemqG', NULL, NULL, 0, 0, '2021-01-17 16:28:07', '0000-00-00 00:00:00'),
(317, 'joseph.oconner', 'Beatty', 'Baby', '2013-01-02', 'kleuschke@runolfsson.net', '67654 Salma Way Apt. 717\nLethamouth, MA 56112', '+1.519.909.3993', '$2y$10$5TlIznzcbQyPdzDws1gE5ujLzHPAwMrT172p/J5G0swBjFnG.E2IO', NULL, NULL, 0, 0, '2021-01-17 16:28:07', '0000-00-00 00:00:00'),
(318, 'torphy.bulah', 'Lemke', 'Lewis', '1977-11-30', 'sbaumbach@steuber.info', '62044 Grady Mills\nDooleystad, DE 49877', '1-282-942-5785 x452', '$2y$10$kzxQ2e8UKoEhQKPpP4okP.SxPsUJMwe86if3WVJv3lccPsCnLp3x6', NULL, NULL, 0, 0, '2021-01-17 16:28:07', '0000-00-00 00:00:00'),
(319, 'steuber.immanuel', 'O\'Reilly', 'Boris', '2015-03-29', 'bernard.marquardt@hotmail.com', '457 Weber Vista\nNew Jazmyn, FL 72940', '1-402-253-3957 x9127', '$2y$10$vIA1zczkiNjoba9lUiciX.k6tL22k4ft7YnZbUoGxaDrwR8K/PBmm', NULL, NULL, 0, 0, '2021-01-17 16:28:07', '0000-00-00 00:00:00'),
(320, 'zhauck', 'Bartell', 'Cody', '1999-01-05', 'ervin.bradtke@gmail.com', '4975 Greyson Route Apt. 053\nEast Patricia, ND 67945-7407', '973.603.5948 x81223', '$2y$10$AkLWtG.MR7XL3g3jn4jHr.KUDJuUQpU5sZ5EP67ebcppR2jDcNG4q', NULL, NULL, 0, 0, '2021-01-17 16:28:07', '0000-00-00 00:00:00'),
(321, 'victoria.bechtelar', 'Turcotte', 'Nicola', '1994-05-16', 'monte23@ohara.com', '10069 Dagmar Course\nPort Josephine, VT 50506-5278', '+1.670.632.1494', '$2y$10$tc6iiafrdyFaJzUdq15guueflqP7eqyzS/p5mKuRU0olV8sIXinSu', NULL, NULL, 0, 0, '2021-01-17 16:28:07', '0000-00-00 00:00:00'),
(322, 'kuvalis.toney', 'Daniel', 'Turner', '1972-12-05', 'marlin.rowe@ziemann.info', '3091 Sanford Crossroad Apt. 891\nBodeland, CT 95649-1878', '+1 (438) 998-4165', '$2y$10$8cbMwUcDO0OI36.1zway8OOtCevebEHhPXPDr8Hy3Q42.y3hduvhi', NULL, NULL, 0, 0, '2021-01-17 16:28:07', '0000-00-00 00:00:00'),
(323, 'stephen.pacocha', 'Stehr', 'Lisette', '2013-07-20', 'hgusikowski@yahoo.com', '96166 Eladio Island\nWest Vladimirmouth, CO 81872-3889', '1-505-237-0788 x8342', '$2y$10$kcOsseuPRPjwGnHCU/y3pOTXHG9Wua6gmbjGIJtqFm8o9s1qyh30G', NULL, NULL, 0, 0, '2021-01-17 16:28:07', '0000-00-00 00:00:00'),
(324, 'nikolaus.madelynn', 'Kovacek', 'Bud', '2006-07-22', 'nwuckert@williamson.com', '205 Deckow Unions\nCarolineland, PA 59661-3334', '839.233.0583 x048', '$2y$10$GVISrc9XyG343EiuT0NY7.VR4bsm3I3f982dLgTdefYsUB0E3StZS', NULL, NULL, 0, 0, '2021-01-17 16:28:07', '0000-00-00 00:00:00'),
(325, 'isaiah15', 'Schumm', 'Isom', '2006-01-12', 'alisha.schoen@gorczany.com', '19110 Bergnaum Rapid Suite 523\nNorth Roy, MN 74354-3323', '(587) 508-8040 x4787', '$2y$10$v9IHhe9qQEIjdaS13sOh7u4XAcBig1KLi5pKcIk6ZGpvw0WY2jLEa', NULL, NULL, 0, 0, '2021-01-17 16:28:08', '0000-00-00 00:00:00'),
(326, 'bailey.gleason', 'Kohler', 'Virgie', '1976-07-12', 'keaton26@hotmail.com', '436 Maymie Circle\nPort Immanuelborough, OK 28905', '(976) 701-3176', '$2y$10$1m6y91/OFCOwyehvKRAZv.Kp6CXdANoJCNLku5ICKbshcQAmgDO5y', NULL, NULL, 0, 0, '2021-01-17 16:28:08', '0000-00-00 00:00:00'),
(327, 'purdy.bernita', 'Jast', 'Trever', '1979-09-26', 'ibosco@gmail.com', '8093 Aufderhar Common Apt. 494\nNew Alfonzo, OR 96134-1604', '592.725.2109 x2199', '$2y$10$xsuRAdu2I1mkihSQQx1PTulE5X5TjuVc.b5LFeKn.8kt0GJyaf7Cu', NULL, NULL, 0, 0, '2021-01-17 16:28:08', '0000-00-00 00:00:00'),
(328, 'gleason.manuela', 'Ullrich', 'Kaylie', '2011-01-25', 'rutherford.paul@gmail.com', '90205 Gutmann Light Apt. 388\nLake Kellenland, MA 01199', '997.633.6244 x60760', '$2y$10$TDWosvaFceDEM12PIRVw/uV7gal2vDIFCcSyMXyVijopK6vq.HFl6', NULL, NULL, 0, 0, '2021-01-17 16:28:08', '0000-00-00 00:00:00'),
(329, 'ramon.adams', 'King', 'Queen', '1989-01-25', 'pascale85@casper.biz', '733 Kenyon Route Suite 089\nBarrowsborough, CO 44575', '1-660-762-0267', '$2y$10$gZDzn8VviDVUzm0RtwHHdutBxLKhEA2kkU2q4zXvy/DfQ6WAzgSXO', NULL, NULL, 0, 0, '2021-01-17 16:28:08', '0000-00-00 00:00:00'),
(330, 'volkman.conor', 'Schulist', 'Hubert', '1973-01-04', 'ike.rowe@champlin.com', '6110 Nicole Prairie Suite 242\nHesselhaven, FL 79182-9668', '+1.423.426.7265', '$2y$10$VbMtcPcdLKaSNS8ovwtZ5.KlH/KQY/SCrpmKVX2i75ZTrhsw1Q1Wa', NULL, NULL, 0, 0, '2021-01-17 16:28:08', '0000-00-00 00:00:00'),
(331, 'boyer.vernie', 'Hartmann', 'Marlee', '1985-03-14', 'hmcdermott@kozey.com', '54420 Natasha Avenue\nNorth Prudence, UT 41520', '804-537-5324 x392', '$2y$10$kkUI4bznQU5.Gdq6s6Rlhe6/DuZGAs7Th9Hg7oijz7D/mv2bopG0O', NULL, NULL, 0, 0, '2021-01-17 16:28:08', '0000-00-00 00:00:00'),
(332, 'kristoffer77', 'Boyer', 'Elza', '1982-12-15', 'white.carlotta@hotmail.com', '86995 O\'Keefe Causeway Suite 561\nPort Eloisechester, MA 08815-5213', '959-589-4190', '$2y$10$SAuonYAKCrqmo55zdbTq/eDEVCjHOF/VSV67Xi9Dn59rk6AjpbQQi', NULL, NULL, 0, 0, '2021-01-17 16:28:08', '0000-00-00 00:00:00'),
(333, 'ymayer', 'Stamm', 'Teagan', '1975-03-10', 'oreilly.anya@lindgren.com', '40469 Wolff Common\nEast Verdachester, AZ 44528', '+1-348-565-8643', '$2y$10$q/f6z9kqy5BaR5rq5c6JHe7anB6441.abVZjrElOqLhcPImcet0mu', NULL, NULL, 0, 0, '2021-01-17 16:28:08', '0000-00-00 00:00:00'),
(334, 'runolfsson.jan', 'Sauer', 'Sarai', '2020-09-07', 'toy22@christiansen.com', '30524 Vivien Stream\nPort Merrittbury, MI 29040-2514', '1-479-586-4903 x78969', '$2y$10$d2QDpeW2lmkvjCesYzRZheKbgtCau/R5IC1iAFV3Pj01J56ZX3j3W', NULL, NULL, 0, 0, '2021-01-17 16:28:08', '0000-00-00 00:00:00'),
(335, 'kellie39', 'Lesch', 'Jennifer', '2020-12-09', 'thurman43@volkman.com', '339 Sydney Stream Apt. 853\nMeaghanton, MO 94615', '+1.391.379.5738', '$2y$10$UZHdSh03zO3PDXR6SiimT.8N6Qjl6H2ByWfSPqwJB0J33YDekm096', NULL, NULL, 0, 0, '2021-01-17 16:28:08', '0000-00-00 00:00:00'),
(336, 'destinee12', 'Schneider', 'Simone', '1975-03-31', 'hnicolas@borer.com', '4190 Russel Valleys Apt. 637\nSouth Jarrell, WV 33082-2814', '529-406-9341 x30815', '$2y$10$YgMKM8knzYsc9keZz8vpDuklwjKeVpBoVLeFxPWFq1tpr5rXiCjsW', NULL, NULL, 0, 0, '2021-01-17 16:28:08', '0000-00-00 00:00:00'),
(337, 'jaylon.grimes', 'O\'Reilly', 'Hortense', '1974-03-02', 'penelope36@berge.org', '3152 Bosco Courts Apt. 669\nHoppefurt, DE 93354-0144', '1-297-662-5324', '$2y$10$aTSURUYFM3udBeF7kn7.Y.4IFkSXqnSQZsGzezcflVSs4ojVGer4i', NULL, NULL, 0, 0, '2021-01-17 16:28:08', '0000-00-00 00:00:00'),
(338, 'camila.franecki', 'Feil', 'Omari', '1994-02-26', 'cordia13@hudson.com', '342 Franecki Lakes\nNew Kale, KY 12195', '1-226-562-7503', '$2y$10$kb.o8x5kKIiwNKrS7h/4qelq7RWPFh1U2b9KKm7xSfCAoX5lMV5ie', NULL, NULL, 0, 0, '2021-01-17 16:28:08', '0000-00-00 00:00:00'),
(339, 'poberbrunner', 'Feeney', 'Shad', '1977-01-09', 'florence77@hotmail.com', '30478 O\'Keefe Lakes Apt. 136\nLake Reeceville, KS 20376-5215', '973-447-4967 x74163', '$2y$10$sKn/o43tzbR/wT.9EkXnhOLpHW/IR8EF5Db6s18H39laqeG3c9mHu', NULL, NULL, 0, 0, '2021-01-17 16:28:08', '0000-00-00 00:00:00'),
(340, 'zion59', 'Bauch', 'Elva', '2009-02-12', 'angeline20@yahoo.com', '7051 Reilly Bridge\nLizaview, NV 65490-2101', '992.868.6838', '$2y$10$RHn0eUQfYByQnLDgRsfi4enUPASlYKD/gBViaX8/WaSK5CyRxKuh2', NULL, NULL, 0, 0, '2021-01-17 16:28:08', '0000-00-00 00:00:00'),
(341, 'shields.nicole', 'McCullough', 'Dejon', '1982-08-03', 'nparisian@yahoo.com', '810 Oral Stravenue Suite 490\nPort Helenatown, MI 44187', '(751) 481-4892', '$2y$10$MMYAhK6BHK9yJIReIQFC7.AoXtufy39GpDWKynTZv/1lAI1qldsRq', NULL, NULL, 0, 0, '2021-01-17 16:28:09', '0000-00-00 00:00:00'),
(342, 'winona.fritsch', 'Deckow', 'Urban', '1975-10-29', 'sorn@barrows.com', '5009 Isobel Via Apt. 283\nWest Arne, GA 05146-5776', '1-605-731-5183 x20618', '$2y$10$Ke.LsTVkJnj9HGdXp7.rNeaWIscOOd.o66dxEfHycB3vErE96xZGq', NULL, NULL, 0, 0, '2021-01-17 16:28:09', '0000-00-00 00:00:00'),
(343, 'purdy.pat', 'Marquardt', 'Talia', '1978-03-29', 'evelyn44@yahoo.com', '750 Irma Junctions Apt. 471\nNorth Angus, PA 33589', '248-493-1632', '$2y$10$PWiYo6qoFfETVolBZRnJoue7NsCQHkh9XgvgOwIfJcwQkt.SlIT1G', NULL, NULL, 0, 0, '2021-01-17 16:28:09', '0000-00-00 00:00:00'),
(344, 'leannon.travis', 'Green', 'Raina', '2006-02-05', 'alvena71@hotmail.com', '87433 Treva Brooks\nKulasberg, GA 74670', '1-335-327-7711 x5689', '$2y$10$dHPNYCwv41MChFoCYFicbehC5yj8/u42TDhHlKLZ.k7B.rGhGmHfO', NULL, NULL, 0, 0, '2021-01-17 16:28:09', '0000-00-00 00:00:00'),
(345, 'cathryn.rosenbaum', 'Kassulke', 'Rod', '1990-07-28', 'camren.kerluke@hotmail.com', '4332 Rogahn Village Apt. 822\nTomasastad, SC 96337', '+1.867.533.0699', '$2y$10$TdrtV0ZIGf4koZ3UG8dYFOwa..CqOpT5D2aoebtMPkZSCazJfb0Qq', NULL, NULL, 0, 0, '2021-01-17 16:28:09', '0000-00-00 00:00:00'),
(346, 'yesenia.lehner', 'Abbott', 'Zechariah', '2018-01-04', 'treutel.erica@rodriguez.com', '940 Kreiger Point\nEast Celia, TN 42675-6114', '261.851.4130 x9157', '$2y$10$jbabdk9tikVl0BHmdS7g9eEamp0/ylPEIGjZReZ7z6Y6dkQ7wouRK', NULL, NULL, 0, 0, '2021-01-17 16:28:09', '0000-00-00 00:00:00'),
(347, 'darion82', 'Hirthe', 'Camren', '1995-06-04', 'ryder23@daugherty.biz', '869 Yasmin Way Apt. 308\nTerryberg, VA 32071-0918', '(538) 263-0192', '$2y$10$SrWHCgz4q61WDd0AHMTbeOxAmvuGyYiqav4k37Ku4nkxmc3EAB7Iy', NULL, NULL, 0, 0, '2021-01-17 16:28:09', '0000-00-00 00:00:00'),
(348, 'ygibson', 'O\'Keefe', 'Kadin', '1993-04-19', 'adolf43@strosin.com', '56069 Imelda Squares Suite 530\nNorth Biankabury, AZ 04049', '+16244259981', '$2y$10$cAB8qL5ccBI1VZau0MnrCuWUbayVLA06qf7LkbpO4iAquaSETaZVi', NULL, NULL, 0, 0, '2021-01-17 16:28:09', '0000-00-00 00:00:00'),
(349, 'norris.fritsch', 'Abshire', 'Edyth', '1983-12-18', 'margaret.damore@donnelly.com', '52932 Lowe Stream Apt. 168\nEast Janessa, MD 53269', '+15297173079', '$2y$10$/iVjQzB0dSWIx8XvFdEFnOswqLg833LCAdBZOyW8nzkDdMx/ZgbIe', NULL, NULL, 0, 0, '2021-01-17 16:28:09', '0000-00-00 00:00:00'),
(350, 'dfritsch', 'Fritsch', 'Celestino', '2019-11-27', 'ida46@hotmail.com', '2816 Gorczany Union\nPort Ethelynton, CT 01445', '384-313-4348 x4622', '$2y$10$WhhsXgODWFp5UuqNDa37R.krV7HMQMnbDvBsL3avr/EDnQbUi2obK', NULL, NULL, 0, 0, '2021-01-17 16:28:09', '0000-00-00 00:00:00'),
(351, 'jana63', 'Zieme', 'Mabelle', '2015-07-12', 'rau.ayana@swaniawski.com', '26372 Lilly Cove\nEstefaniastad, SD 80879', '919-814-5089 x80053', '$2y$10$h/TS9Y774Lmwi19BMdnyk.dvGjrHM/06r3dSvpKTZcYM8eT3O0/yK', NULL, NULL, 0, 0, '2021-01-17 16:28:09', '0000-00-00 00:00:00'),
(352, 'zbotsford', 'Heller', 'Lily', '1970-02-14', 'jenifer.bosco@jacobson.com', '80101 Collin Bypass Apt. 666\nNew Jordi, MD 38017-7079', '(645) 659-2795 x8770', '$2y$10$LieuOWSdivQR9gPSUhztSeI7jG2JewMY9RNvZYMOC2XS21DME0gRa', NULL, NULL, 0, 0, '2021-01-17 16:28:09', '0000-00-00 00:00:00');
INSERT INTO `users` (`id`, `username`, `firstname`, `lastname`, `birthdate`, `email`, `adress`, `phone_number`, `password`, `lat`, `lon`, `is_helper`, `is_admin`, `created_at`, `updated_at`) VALUES
(353, 'hermann23', 'Keeling', 'Kamryn', '1973-08-26', 'rosalinda.wyman@balistreri.biz', '7726 Davis Flat Suite 793\nWest Justina, NV 28144-9723', '1-767-453-1863 x2806', '$2y$10$h/fSVXWgpRMBOy7k1oMGk.2eYoDklTxgUFBrgf.iCsfVhbi9hBOMi', NULL, NULL, 0, 0, '2021-01-17 16:28:09', '0000-00-00 00:00:00'),
(354, 'rmitchell', 'Rohan', 'Carson', '2018-07-28', 'coralie97@hotmail.com', '421 Johnson Mission\nLake Jennieville, MA 64214-0010', '283-270-9371', '$2y$10$5sNHX7cshN75uUqnevP7queqbgj8bshij6Unxe0mIyPp1F6Nb1wha', NULL, NULL, 0, 0, '2021-01-17 16:28:09', '0000-00-00 00:00:00'),
(355, 'kunze.florencio', 'Morar', 'Avery', '2005-10-25', 'mhauck@larson.com', '129 Mills Lake Suite 067\nLake Madonna, DC 08165-3269', '218.579.9905 x250', '$2y$10$jS09LKReWZUrrncWFnvk0ONjoDFSPQuphFx2rRYm5s4diBvibUaMC', NULL, NULL, 0, 0, '2021-01-17 16:28:09', '0000-00-00 00:00:00'),
(356, 'oconner.letha', 'Rosenbaum', 'Jeanie', '2021-01-04', 'stoltenberg.jeromy@bins.com', '52479 Ruecker Highway Suite 488\nLegrosborough, WV 91940', '781.806.2765 x6685', '$2y$10$Ix2g7yqFhhnSXv0sqXDAkuP4gr4hUHyBOCDEv13rb8stwA87PSSPK', NULL, NULL, 0, 0, '2021-01-17 16:28:09', '0000-00-00 00:00:00'),
(357, 'cgoldner', 'Koelpin', 'Lori', '1986-05-31', 'ida38@yahoo.com', '133 Hyman Well Apt. 190\nSchuppemouth, MD 49386-1796', '985.809.5293', '$2y$10$WB8bDSeLhtPGsg2/pnLZNOda2L3vodKvO.T9mMPgtr0zXjuQctRsO', NULL, NULL, 0, 0, '2021-01-17 16:28:09', '0000-00-00 00:00:00'),
(358, 'cade.koch', 'White', 'Elisha', '2016-02-07', 'morar.hipolito@conroy.com', '89755 Boris Row Apt. 456\nWest Eileenhaven, VA 65165', '+1-474-386-6520', '$2y$10$CObR6sMoPkLB/SuvOL0No.6e/yCUXoDnFhcgxeiZ6oobAUnjYsDeK', NULL, NULL, 0, 0, '2021-01-17 16:28:10', '0000-00-00 00:00:00'),
(359, 'blick.alva', 'Nicolas', 'Una', '1984-12-06', 'chance.abernathy@gmail.com', '96713 Lynch Roads\nEast Marleemouth, ND 50594', '+1.716.232.7261', '$2y$10$hKLT3rU/2Uniz7tW6nfaXuq49rbibq8zGAdZiKSRz2YEo2gX7f9ee', NULL, NULL, 0, 0, '2021-01-17 16:28:10', '0000-00-00 00:00:00'),
(360, 'kdaugherty', 'Mante', 'Mathew', '2011-12-18', 'boris01@yahoo.com', '6928 Chad Turnpike\nTillmanborough, FL 32188', '(895) 554-1873 x37763', '$2y$10$dNU2TVGzxIw8QHcemcsDzOBB1UhkIU9.FuJTEG/XSi5omzNAyM.d.', NULL, NULL, 0, 0, '2021-01-17 16:28:10', '0000-00-00 00:00:00'),
(361, 'catalina32', 'Greenfelder', 'Rahul', '1992-08-06', 'diamond.mayert@gmail.com', '908 Ralph Brooks\nGuadalupefort, NY 89031', '434.474.2374', '$2y$10$Nap7k1f4/OoA4zLTnq3sCOfr0FOfFxUQ9HcHWjZaIBd.kQ9Ta.Ze2', NULL, NULL, 0, 0, '2021-01-17 16:28:10', '0000-00-00 00:00:00'),
(362, 'janie.kunde', 'Torp', 'Cleora', '1989-11-23', 'kgislason@yundt.net', '816 Zulauf Plains\nPort Vanceport, CA 32346', '583-776-5506 x09437', '$2y$10$p6swXEtD/c7GRMSXbOmzqe7BCLwJW84BR0HnZIBrvo8RdLayRRT7e', NULL, NULL, 0, 0, '2021-01-17 16:28:10', '0000-00-00 00:00:00'),
(363, 'cassie75', 'McKenzie', 'Winifred', '1996-11-27', 'wgoodwin@hotmail.com', '7074 Michaela Underpass\nWest Lianatown, ND 95732', '981.845.4982 x613', '$2y$10$GYdwWyX/iTwAIRCjCmGw5ej4XWa7s5iiRNcSY0fxD3vAK9sgCE9sW', NULL, NULL, 0, 0, '2021-01-17 16:28:10', '0000-00-00 00:00:00'),
(364, 'koss.quinn', 'Mayert', 'Eliseo', '1995-08-19', 'fmcglynn@yahoo.com', '269 Fabian Row Apt. 169\nOleland, RI 66495', '770-341-0667 x538', '$2y$10$XxgSnJkE6nZtshZd9Yl3buy.ujjTJg0kyeAfdu5AKg2tqbVkuqnW.', NULL, NULL, 0, 0, '2021-01-17 16:28:10', '0000-00-00 00:00:00'),
(365, 'zveum', 'O\'Hara', 'Collin', '2010-07-31', 'fredrick.collier@hotmail.com', '8907 Helena Ramp Suite 953\nHymantown, MN 45199', '+1 (367) 574-2798', '$2y$10$kPnD7p1bPVSRwIcY/DmpyuAfUBvfLG7cl5AR8ALyjzpIGbLp5vJNi', NULL, NULL, 0, 0, '2021-01-17 16:28:10', '0000-00-00 00:00:00'),
(366, 'alakin', 'Kilback', 'Adelbert', '2018-11-22', 'leo.goldner@yahoo.com', '2082 Schumm Bypass\nMaggioland, HI 22044', '+1 (665) 203-8019', '$2y$10$Ata3MjogiA5sFxmzjYh2Be9iYsAzvUmTba/BgCgc//uta.DPGm1pS', NULL, NULL, 0, 0, '2021-01-17 16:28:10', '0000-00-00 00:00:00'),
(367, 'zjohns', 'Hand', 'Tina', '1976-06-11', 'daniella.renner@hotmail.com', '985 Abshire Street\nO\'Connerville, WY 09597', '+1 (664) 598-8882', '$2y$10$WrJPWNCryMwQq6I4E2CfAOFSdtdDjxHNpyPFqmwXLsAqcDHlqW0K2', NULL, NULL, 0, 0, '2021-01-17 16:28:10', '0000-00-00 00:00:00'),
(368, 'renner.delmer', 'Heidenreich', 'Savion', '2018-05-27', 'samantha35@von.com', '9467 Schneider Brook\nSouth Jedidiahbury, NJ 94685-3466', '1-830-604-6072', '$2y$10$TShAZLSbu1TOi88lEYGTs.FWJg6P6Qcs2W8SFQlKZb43yoiDVX9Mu', NULL, NULL, 0, 0, '2021-01-17 16:28:10', '0000-00-00 00:00:00'),
(369, 'lisa.bogan', 'Hahn', 'Aurore', '1998-11-15', 'mayer.mariane@hotmail.com', '707 Parker Turnpike Apt. 054\nNorth Kattie, AK 75198-4940', '618-591-9561', '$2y$10$20xK.yYEu18Ck/jgmbApUeOxCsNfU9Ro8xxQqhT5M8fcsacFwymqG', NULL, NULL, 0, 0, '2021-01-17 16:28:10', '0000-00-00 00:00:00'),
(370, 'upton.saige', 'Jones', 'Baby', '1989-06-16', 'sfeil@mertz.com', '184 Casper Dam\nRolfsonborough, SC 91374', '508-792-2997 x21375', '$2y$10$9dQzt1FWGDIR3r9RlTsPfOhKMkCRZ7Yw0yId19R/LMF9pc2BvV70m', NULL, NULL, 0, 0, '2021-01-17 16:28:10', '0000-00-00 00:00:00'),
(371, 'ivah.simonis', 'Ledner', 'Aurore', '1978-12-21', 'april.hayes@wisozk.com', '9779 Glover Centers Apt. 301\nNew Kalimouth, WI 94635-7485', '269.566.2225 x5841', '$2y$10$x2y5uGLND3SCmynp5hj5p.MnoANSVlqEBfwkS1wEKGQXzVOrM2.Fi', NULL, NULL, 0, 0, '2021-01-17 16:28:10', '0000-00-00 00:00:00'),
(372, 'bkrajcik', 'Nikolaus', 'Karlie', '1984-10-17', 'odie86@yahoo.com', '1011 Champlin Stravenue\nPort Gildahaven, RI 06723-5406', '1-518-576-0341', '$2y$10$nLe2xid2Y2uT2kM0OUL2NeIv76m3mP1tbSKVIAkabaQNMgJQcgnlu', NULL, NULL, 0, 0, '2021-01-17 16:28:10', '0000-00-00 00:00:00'),
(373, 'barrett.oberbrunner', 'Medhurst', 'Natasha', '1971-04-16', 'maiya.daugherty@gmail.com', '6593 Wisoky Burg\nNew Robb, NV 11035', '420.239.5862', '$2y$10$0mKwrn7wIICa3tpniHmgQuLX8lPGxUT/pw1pTnZMytXQuwMDs2jzi', NULL, NULL, 0, 0, '2021-01-17 16:28:10', '0000-00-00 00:00:00'),
(374, 'pschroeder', 'Sporer', 'Abdiel', '2014-09-04', 'tobin49@gmail.com', '292 Alysa Course Suite 268\nSouth Rosemarie, WA 10291', '(537) 562-5156 x317', '$2y$10$4d6/16LL0G7AQVRJLdCxm.8IDQGgoKIm135au4uJ1qHryk66oOsV2', NULL, NULL, 0, 0, '2021-01-17 16:28:11', '0000-00-00 00:00:00'),
(375, 'kub.clementine', 'Koch', 'Danyka', '1981-06-13', 'durward.schmitt@gaylord.org', '11803 Richie Route\nNorth Louvenia, IL 35702-5276', '1-532-905-8453', '$2y$10$5nfJ0gSyAnZUGbG3qBKmFO293gfVYB3p3HXhupmcMn/bPSd0wVxHS', NULL, NULL, 0, 0, '2021-01-17 16:28:11', '0000-00-00 00:00:00'),
(376, 'barry.senger', 'Hayes', 'Anissa', '2010-09-03', 'kschmitt@erdman.info', '381 Ondricka View\nEast Freda, ID 11774', '1-878-962-9776 x162', '$2y$10$Vf2ysJKG1qBLo.ZzRgihn.6esuUvaDHxypt1Ba2dkDJCCgw8ohweq', NULL, NULL, 0, 0, '2021-01-17 16:28:11', '0000-00-00 00:00:00'),
(377, 'becker.humberto', 'Mohr', 'Sienna', '1992-05-15', 'mateo.prosacco@greenfelder.com', '45136 Marina Ramp Suite 702\nNew Mitchelfurt, WA 58490-4554', '1-482-833-5203 x0770', '$2y$10$cPgT/hGN3hXyc8btwVWAt.znUqADL6X8elW5P7mro0ZfAkfmLSV2e', NULL, NULL, 0, 0, '2021-01-17 16:28:11', '0000-00-00 00:00:00'),
(378, 'okeefe.bailee', 'Lehner', 'Katherine', '1987-11-16', 'iva24@shields.org', '9704 Kshlerin Crest\nWest Brycemouth, NJ 55266-8332', '(787) 303-3655 x0971', '$2y$10$KToi5TW0WBEHnNWKMjf2buw6lPKAK2HxjpEGrXrWwJq4dZQKPSh9S', NULL, NULL, 0, 0, '2021-01-17 16:28:11', '0000-00-00 00:00:00'),
(379, 'smitham.vena', 'Hoeger', 'Bell', '1996-11-11', 'bridie.halvorson@hotmail.com', '598 O\'Keefe Club\nWest Quinton, MD 42943', '+17745940502', '$2y$10$Hrzts2nTXOBQwexviSGt0uSpTJoDs0AQutSQiUoopXtqS7UUw3.5q', NULL, NULL, 0, 0, '2021-01-17 16:28:11', '0000-00-00 00:00:00'),
(380, 'lea.farrell', 'Willms', 'Arvid', '1981-08-10', 'wwindler@yahoo.com', '60257 Aufderhar Shoal\nAstridtown, RI 78972', '(469) 219-0670 x33048', '$2y$10$wd6VejhQZWf1vgFqpUU.O.IrNQzXedCEBJqz8b2lgmuCUFE5Rd9c.', NULL, NULL, 0, 0, '2021-01-17 16:28:11', '0000-00-00 00:00:00'),
(381, 'kris.tyrel', 'Kris', 'Wilhelmine', '1977-06-16', 'jettie.mills@yahoo.com', '704 Kari Plaza\nIsobelstad, IN 03816-4778', '(908) 627-0724 x41713', '$2y$10$SVsP0BHuxCQ6q/VF8LzfNuJ/AYQJ6U21A29vdWvE0cZR6q2P14wVa', NULL, NULL, 0, 0, '2021-01-17 16:28:11', '0000-00-00 00:00:00'),
(382, 'reynold.swift', 'Olson', 'Maia', '2018-11-01', 'sheridan10@yahoo.com', '227 Bauch Garden\nPort Fae, IN 42318-6726', '306.982.9664 x54566', '$2y$10$iGLRy5BNwuTyMwfskd14NOqKbLeCJTe05OnJTKf5kdMhLugvQqUBO', NULL, NULL, 0, 0, '2021-01-17 16:28:11', '0000-00-00 00:00:00'),
(383, 'langosh.jana', 'Murazik', 'Brown', '2000-02-03', 'joel.mills@hotmail.com', '86583 Tessie Manor\nEast Sienna, KS 54093', '+1.593.502.0726', '$2y$10$dmmdOKdXVNqJHSDEUvQle.2PdguKXJL27jlo7JfkUMAe0S38UqCm.', NULL, NULL, 0, 0, '2021-01-17 16:28:11', '0000-00-00 00:00:00'),
(384, 'herminia67', 'Grant', 'Eda', '1975-12-03', 'lang.emiliano@lockman.net', '356 Stehr Hills\nWest Myrtiefort, VT 32472', '1-436-630-6976 x18512', '$2y$10$wIilnqlX83cnUox.hilW1OpxL/zBhjjOhumqV80RDbiUA33d9sxGm', NULL, NULL, 0, 0, '2021-01-17 16:28:11', '0000-00-00 00:00:00'),
(385, 'chelsea09', 'Kihn', 'Kennedy', '2013-06-06', 'eboehm@jenkins.net', '728 Valentine Spur\nPort Alphonsochester, NY 38515', '706.607.6638 x89995', '$2y$10$BI0BpZEYwVwE23R8TodkpenE89B84.tt59kDdQB6jbkbxdmsSY0Ve', NULL, NULL, 0, 0, '2021-01-17 16:28:11', '0000-00-00 00:00:00'),
(386, 'abshire.gregorio', 'Jacobson', 'Marie', '1983-08-06', 'daniel.leonora@fay.net', '35103 Lind Oval Apt. 180\nRoselynborough, VA 31031', '+1-354-674-8836', '$2y$10$fQmQwSVjSNIm9w44DpsUnu0mnL9/NFbUQvn8lTMaCvqTUQCrzG9KG', NULL, NULL, 0, 0, '2021-01-17 16:28:11', '0000-00-00 00:00:00'),
(387, 'kellie15', 'Abshire', 'Shana', '1999-05-05', 'kohler.carey@yahoo.com', '83326 Elyse Grove\nEast Easter, VT 61590-4156', '626.597.0635', '$2y$10$gwFzgucBXEsf3OM95vUIK.TY2WZp5yXvsoI3BDCLSmQV2P2AtCt7a', NULL, NULL, 0, 0, '2021-01-17 16:28:11', '0000-00-00 00:00:00'),
(388, 'ara30', 'Goyette', 'Jerry', '1984-03-29', 'feil.reagan@rempel.info', '87648 Murazik Creek Apt. 953\nKohlerstad, SC 79037', '1-383-376-4438 x645', '$2y$10$L9Ysc0wzmeRmWZk7Dxbyy.hHQEnCyjKSVLdqvryfnYnQFHNw1WQme', NULL, NULL, 0, 0, '2021-01-17 16:28:11', '0000-00-00 00:00:00'),
(389, 'batz.kelvin', 'Donnelly', 'Aubrey', '1972-08-17', 'marquis95@spencer.biz', '31160 Gaylord Points\nNew Justonport, NV 09825', '435.940.9547', '$2y$10$Ycko93W36KjIU.1Fa63kYu/bSiDLc19q9rpEYqkuWOMbNH.57nBe6', NULL, NULL, 0, 0, '2021-01-17 16:28:11', '0000-00-00 00:00:00'),
(390, 'wilma08', 'Stark', 'Tanya', '2001-11-12', 'raul.jakubowski@gmail.com', '91401 Ryann Locks\nSouth Mayra, PA 09180', '+1-214-344-7458', '$2y$10$CeZiPLNa9eRHq1QZrBZ6je1JMeth6o2dyS1BCmfjwI/2XhyymjtLG', NULL, NULL, 0, 0, '2021-01-17 16:28:12', '0000-00-00 00:00:00'),
(391, 'kconsidine', 'Brekke', 'Ulices', '1983-10-02', 'rosalind37@yahoo.com', '5978 Kunze Pass\nPurdyton, GA 26238-3616', '1-939-838-7076 x206', '$2y$10$AFgEuSKLXgfDX6IVu0zaq.lBTMk0SxKiWB0KUXz8PdWBQegIe3YDK', NULL, NULL, 0, 0, '2021-01-17 16:28:12', '0000-00-00 00:00:00'),
(392, 'jackie25', 'Effertz', 'Alford', '2001-01-24', 'astrid.keeling@bogan.com', '11136 Lubowitz Mountains\nWest Lloyd, NC 37973', '895-570-4088', '$2y$10$EPdAkxTRunpIQqfO8OXEuOuTgDyDTj4053abC/xrSZkmZMhK5CIES', NULL, NULL, 0, 0, '2021-01-17 16:28:12', '0000-00-00 00:00:00'),
(393, 'dortha88', 'Kovacek', 'Romaine', '2017-02-25', 'teresa.kertzmann@gleichner.org', '705 Gerhard Alley\nEast Elian, CA 70203', '1-546-574-8056', '$2y$10$pd5ZhEHO4PAyAFp9m/9qxeVCuakYtZxa8xKv5VpOXCIPUIxS/hPZO', NULL, NULL, 0, 0, '2021-01-17 16:28:12', '0000-00-00 00:00:00'),
(394, 'edna.keebler', 'Treutel', 'Aubrey', '1993-02-10', 'kelsi.mayert@yahoo.com', '3688 Haag Rest\nWest Maximilianburgh, MO 62129', '409.238.8934 x2884', '$2y$10$cmQSXOOxccZLo5YH9B7SreGa4jrcRWNgLuYAyG/d8/wlp1bsDKsdu', NULL, NULL, 0, 0, '2021-01-17 16:28:12', '0000-00-00 00:00:00'),
(395, 'caden.hyatt', 'Luettgen', 'Carolyn', '2020-01-31', 'emilia29@oconnell.com', '5851 Bode Points Suite 658\nJeffhaven, GA 76506', '(790) 544-3637', '$2y$10$zpmaKlRRyMMQH7RLv2u3U.L5MQYbH53TMEmWRVOXiAMZKbabUt9kS', NULL, NULL, 0, 0, '2021-01-17 16:28:12', '0000-00-00 00:00:00'),
(396, 'pink.balistreri', 'Gislason', 'Johnson', '2017-02-06', 'philip36@damore.com', '7393 Moore Light Apt. 767\nTrevaborough, ND 92939-9062', '+1 (660) 492-0759', '$2y$10$GspR3aBCziF8dCoPUyyn7O8a0oh2ucGjPIE9qdZinhMKmalXI10NO', NULL, NULL, 0, 0, '2021-01-17 16:28:12', '0000-00-00 00:00:00'),
(397, 'sammie.runolfsson', 'Nicolas', 'Haylie', '2019-01-24', 'msmitham@hotmail.com', '5076 Parisian Rapid Suite 140\nSmithview, WV 81930', '380.324.2828 x79282', '$2y$10$gc4cG6kYziVtCF0F9U8nCOAda0bNV37BMZnhF2YL5ckGMGi2Osmra', NULL, NULL, 0, 0, '2021-01-17 16:28:12', '0000-00-00 00:00:00'),
(398, 'irving02', 'Paucek', 'Noe', '2002-03-28', 'kwunsch@dach.com', '37750 Merl Spring\nWest Ward, SC 26021', '1-362-447-5601 x94010', '$2y$10$rfXehKr6eh93z7Jxvc7h5.RsH0ogrqzt81CWJsyhC3lZmajzsakKC', NULL, NULL, 0, 0, '2021-01-17 16:28:12', '0000-00-00 00:00:00'),
(399, 'torp.gwendolyn', 'Beier', 'Samara', '2002-08-14', 'kirlin.elroy@gmail.com', '9727 McClure Street Apt. 880\nNorth Ola, NC 41090', '+1-540-562-2657', '$2y$10$iygsuWoBKoovGAJ8PkLMrODlylZfEpXdxvnEDF1RoosHO/UWOSf4m', NULL, NULL, 0, 0, '2021-01-17 16:28:12', '0000-00-00 00:00:00'),
(400, 'qschuppe', 'Pfeffer', 'Dorothy', '2002-12-03', 'ciara.harvey@gutmann.com', '117 Elmira Stream Suite 072\nSouth Nadia, ID 25750-8416', '1-672-771-0490 x732', '$2y$10$pqHXO9HtbfT0pQjmujq2z.kVnbCdyYN1rRAtsJSnSsolO3U1oneQi', NULL, NULL, 0, 0, '2021-01-17 16:28:12', '0000-00-00 00:00:00'),
(401, 'general.carter', 'Pfeffer', 'Ottilie', '2001-12-08', 'ytorphy@hotmail.com', '54544 Bernadine Run Suite 515\nEast Bridie, OK 39313-2315', '248-852-7461', '$2y$10$D0uNkUWZZl0SXi60T8ginummTepvKuat3rq.oUsdoenW1CEpgP2S.', NULL, NULL, 0, 0, '2021-01-17 17:03:11', '0000-00-00 00:00:00'),
(402, 'clement.prohaska', 'Lowe', 'Joshua', '1988-05-17', 'yhackett@hotmail.com', '56324 Cummings Neck\nStevieville, DE 28292-1517', '(647) 617-9190 x419', '$2y$10$kefRQJhmUbo8L52ObF2y7OaxF9Nvg5Bcr1hxXOFbbxZsMCL77CDUq', NULL, NULL, 0, 0, '2021-01-17 17:03:11', '0000-00-00 00:00:00'),
(403, 'kuhn.tania', 'Conroy', 'Elvie', '2013-12-30', 'eliza68@yahoo.com', '2090 Ted Oval Apt. 274\nPort Shirley, WI 95186-7051', '1-253-788-3532 x89555', '$2y$10$.nfqM3EUFKw5wJ6MFpipUOXu.F9tLscrlkQEPwjGIDBeHc4C.86j.', NULL, NULL, 0, 0, '2021-01-17 17:03:11', '0000-00-00 00:00:00'),
(404, 'gmosciski', 'Smith', 'Collin', '2004-06-26', 'dannie35@yahoo.com', '368 Renner Wells\nFunkburgh, MS 38773-4572', '313.912.1042 x8823', '$2y$10$1tl8fUXQR4rAr5BJE04XPuvs3avRMdE8FH/1v68aqrii4qm2bC9Ie', NULL, NULL, 0, 0, '2021-01-17 17:03:11', '0000-00-00 00:00:00'),
(405, 'qcartwright', 'Balistreri', 'Ezekiel', '2014-09-26', 'senger.dameon@gmail.com', '25738 Beahan Squares Apt. 133\nWest Wade, LA 52693-9984', '+1-341-219-1992', '$2y$10$exVjSfxRpzHRnItXUnjZtu7w4P8KgzblB8rVkguygN4SV7ZCmHdgW', NULL, NULL, 0, 0, '2021-01-17 17:03:11', '0000-00-00 00:00:00'),
(406, 'gmurazik', 'Swaniawski', 'Oleta', '2006-09-25', 'von.rachael@yahoo.com', '285 Emory Forest\nNorth Shakira, WV 76133', '901.933.1411 x60005', '$2y$10$lJw1gMYBm2tWtLLY5pJBN.5/5IX2YIEyRlWJKmf/.sfG7qoNjnPKO', NULL, NULL, 0, 0, '2021-01-17 17:03:11', '0000-00-00 00:00:00'),
(407, 'noble.watsica', 'Robel', 'Osvaldo', '1984-01-12', 'brionna68@yahoo.com', '519 Sporer Gardens Suite 721\nWisozkshire, IL 95610', '(351) 866-2310', '$2y$10$2gTxNxB.uVOy6CxorDw7Ruj7M34aUch4scXHm1oM97jxLrsvPajxC', NULL, NULL, 0, 0, '2021-01-17 17:03:11', '0000-00-00 00:00:00'),
(408, 'alfred25', 'Ziemann', 'Mckenna', '2002-07-08', 'darrion.dietrich@raynor.com', '7242 Kuphal Turnpike Apt. 328\nEast Merlburgh, DC 74558', '883-913-9872 x7173', '$2y$10$jzABA8DbcbcX82P6DNXad.jKKd8EEwn4t36dVdyOBFennu88AciIe', NULL, NULL, 0, 0, '2021-01-17 17:03:11', '0000-00-00 00:00:00'),
(409, 'magnus.kris', 'Hegmann', 'Coralie', '2003-11-17', 'runte.carol@gmail.com', '92660 Stefanie Crescent\nMaritzaton, VA 20807-8625', '339-210-3800 x3881', '$2y$10$5Ig555wmiCrBoWdUL/8fUe3y5jfvLXXAEIBiO.7pX59KRTfmOPaUy', NULL, NULL, 0, 0, '2021-01-17 17:03:11', '0000-00-00 00:00:00'),
(410, 'vlakin', 'Emard', 'Seamus', '2000-03-02', 'twolf@braun.com', '79981 Larson Pine\nLakinstad, OK 11821-1011', '563.958.3119', '$2y$10$db7M5LINyPzq0LIJ1OZK2.65XnKxvKiYBFatQJarsNbZzU/w4sYvy', NULL, NULL, 0, 0, '2021-01-17 17:03:11', '0000-00-00 00:00:00'),
(411, 'ledner.caroline', 'Goodwin', 'Dolly', '2017-06-26', 'verda95@thompson.com', '587 Rylee Dam Apt. 641\nReytown, NY 89461', '575-489-7341 x024', '$2y$10$KUOfUPcvV9aE0V/.n.JyfOORiUEH4edQaGfOBWynNvsIQWIYmh6Jy', NULL, NULL, 0, 0, '2021-01-17 17:03:11', '0000-00-00 00:00:00'),
(412, 'vandervort.bonnie', 'Stanton', 'Garnett', '1987-04-15', 'dawson34@yahoo.com', '73581 Stokes Viaduct Suite 264\nPort Maciechester, UT 75871', '1-595-759-5440 x034', '$2y$10$W5.F09AMnrAcM.b9OXwu5.lrEeGZzZlPBO0N./Cd.WwAjyScVTetK', NULL, NULL, 0, 0, '2021-01-17 17:03:11', '0000-00-00 00:00:00'),
(413, 'vschuppe', 'McCullough', 'Trystan', '1985-09-11', 'xkoss@batz.com', '7334 Nienow Centers\nFordfort, NV 71167-4296', '534-462-0125 x3795', '$2y$10$jTM.pdRzceXqjUDvFExf1e7gVdSGvJex1/b9XxjvWJ3kcmmbcMOEe', NULL, NULL, 0, 0, '2021-01-17 17:03:11', '0000-00-00 00:00:00'),
(414, 'gmiller', 'Kuphal', 'Dana', '1975-06-28', 'jokeefe@hotmail.com', '188 Maxine Cape Apt. 421\nKuhicside, DE 68554', '653-790-9357 x2534', '$2y$10$MkpZASbKRYfwOGhJ0lQhc.eMWlu/xtvq0puMbR6H/9ACClSzXKddC', NULL, NULL, 0, 0, '2021-01-17 17:03:12', '0000-00-00 00:00:00'),
(415, 'claudie53', 'Koch', 'Aida', '1983-01-05', 'levi.brakus@glover.info', '364 Weston Estate\nEast Rasheed, AR 13795-9822', '(440) 502-0115 x904', '$2y$10$tSaGWRJvtuYny71OLlz5Nuy39sKbm2dCleSWqOSZfNbqpAWIekxMi', NULL, NULL, 0, 0, '2021-01-17 17:03:12', '0000-00-00 00:00:00'),
(416, 'bechtelar.caesar', 'Eichmann', 'Vida', '1978-04-01', 'shayne.considine@greenholt.biz', '77833 Schmidt Coves Suite 922\nNorth Tiara, SD 34008-7569', '(672) 870-1965 x953', '$2y$10$1tmDNwXeE7j4WQT2lmmJcebhAx5T1drWtOsjZ7kR2UlPqYZcDH2HC', NULL, NULL, 0, 0, '2021-01-17 17:03:12', '0000-00-00 00:00:00'),
(417, 'alex.heller', 'Harvey', 'Braulio', '2016-09-09', 'lesly95@considine.com', '848 Lindgren Trafficway\nLeonview, NY 84686', '(914) 855-3093', '$2y$10$cXbgNQ/B.08HFkcH04UuHerjO5eTZn1ClxpV7faJgA9eKNBkzB4ju', NULL, NULL, 0, 0, '2021-01-17 17:03:12', '0000-00-00 00:00:00'),
(418, 'wernser', 'Hilpert', 'Kim', '1998-05-22', 'demario88@crist.org', '3497 Estrella Crossroad\nEast Bransonfurt, WY 17082', '(927) 396-9244 x93851', '$2y$10$P7OFn3B1FzHYgYguJQDWS.0eNOuE//MNh0k3KmuyoEWEyE3M7txcK', NULL, NULL, 0, 0, '2021-01-17 17:03:12', '0000-00-00 00:00:00'),
(419, 'sporer.david', 'Mueller', 'Briana', '2018-05-24', 'bruen.jonatan@koelpin.com', '5782 Kerluke Place Suite 731\nJulesstad, OR 02327', '653.584.9965 x7140', '$2y$10$l9mpQdynDeYwnIOHztoKjuUZOxaDTuoFgEQjnSGkPOS7l3acjbmJG', NULL, NULL, 0, 0, '2021-01-17 17:03:12', '0000-00-00 00:00:00'),
(420, 'ashleigh.barton', 'Leuschke', 'Meggie', '1997-07-31', 'vrohan@gmail.com', '258 Angeline Orchard Suite 866\nSouth Caroleburgh, KS 52370-9342', '+1 (443) 267-1706', '$2y$10$TA79fj7flNYd84ZWJYfGG.29GzS6Z3axgfF0PpEsrzY56XNzB/uKi', NULL, NULL, 0, 0, '2021-01-17 17:03:12', '0000-00-00 00:00:00'),
(421, 'vkonopelski', 'Blick', 'Cloyd', '1975-03-01', 'faye02@runolfsson.com', '736 Treutel Ferry Apt. 121\nDavonmouth, PA 74632-8308', '585-849-1379 x376', '$2y$10$EoMziyz3XbqBidRqRckCNunb5XKDBT.ZOKVpYg7.pk5HqhmA1kV3e', NULL, NULL, 0, 0, '2021-01-17 17:03:12', '0000-00-00 00:00:00'),
(422, 'kevon.macejkovic', 'Wiegand', 'Wendell', '2000-06-29', 'hiram40@jerde.com', '5128 Jonas Knoll\nNew Isabellechester, MO 99163-6823', '553-650-7880 x851', '$2y$10$suUeinx1qvkWBVteHF2MS.J2h4xro2rOR/hIZy4zVq8K6ScYdYPrm', NULL, NULL, 0, 0, '2021-01-17 17:03:12', '0000-00-00 00:00:00'),
(423, 'jerad.swift', 'Bradtke', 'Ova', '2007-09-22', 'okon.kiara@rice.com', '3949 Karelle Fort Apt. 047\nLiamland, MI 34901', '1-663-301-2066', '$2y$10$KbxUryQ4USxKRvHAK3xuZegomxowhdBMvqbTBp0FgzlMm/WVYkKLW', NULL, NULL, 0, 0, '2021-01-17 17:03:12', '0000-00-00 00:00:00'),
(424, 'nader.lilian', 'Lueilwitz', 'Katlyn', '2007-01-29', 'lora.marks@yahoo.com', '8163 Skye Skyway Suite 060\nWest Emelieshire, HI 87501', '220.935.8103 x61463', '$2y$10$GQ2HuxpGaMYnLmyaYRott.y4BRs/2xA5teCIHCRWSJGI8Lw.7wgo.', NULL, NULL, 0, 0, '2021-01-17 17:03:12', '0000-00-00 00:00:00'),
(425, 'runolfsdottir.zion', 'Kuphal', 'Allan', '1983-01-22', 'rstracke@cassin.com', '558 Gerhard Stream\nJordystad, OH 78126-9171', '+1-283-596-1588', '$2y$10$DsNYSrk/8Iqm3CR.gUyhhuxh1RlYqS/NvjKlxQlq3nuOkHJi7doeC', NULL, NULL, 0, 0, '2021-01-17 17:03:12', '0000-00-00 00:00:00'),
(426, 'kling.mandy', 'Rempel', 'Lucy', '1990-03-04', 'jett72@gmail.com', '52489 Jacobi Tunnel Apt. 637\nLake Dovieville, NC 29796', '(764) 744-6955 x830', '$2y$10$k2x.49h.M15UFd29TIeV..LdxfrSpDws8.IUkwIWvvmkfNv2qFXYK', NULL, NULL, 0, 0, '2021-01-17 17:03:12', '0000-00-00 00:00:00'),
(427, 'terry.wilma', 'Bartoletti', 'Layne', '2020-09-23', 'max16@hintz.com', '40112 Leora Mountain\nRolfsonburgh, AZ 76806-0201', '(283) 427-4854 x4554', '$2y$10$uF3OGzWqgiBJ7er1zWqEbeeoRqYR4PjDxYfEUx47LEoaod32ite..', NULL, NULL, 0, 0, '2021-01-17 17:03:12', '0000-00-00 00:00:00'),
(428, 'schmeler.horacio', 'Daugherty', 'Gianni', '2005-06-01', 'hintz.lorine@crooks.com', '2130 Ahmed Parkway\nValentineview, AR 47241-7820', '1-597-328-3771', '$2y$10$IWbflXOk7uKH7T.2gk1hfutiH61z9MOdpNvEMTCJFavqSAMCQ6OOe', NULL, NULL, 0, 0, '2021-01-17 17:03:12', '0000-00-00 00:00:00'),
(429, 'ruben.huel', 'Keeling', 'Kaylie', '1983-07-18', 'stroman.corene@hotmail.com', '19637 Jessika Turnpike\nWest Cynthia, NE 88463', '352-218-7983', '$2y$10$DbB0YHqaGsi7sOnUW8PdhOg5H2TzkB0NkLeonKHOyzeNvY/XSwdZe', NULL, NULL, 0, 0, '2021-01-17 17:03:13', '0000-00-00 00:00:00'),
(430, 'pheathcote', 'Grant', 'Diana', '1979-10-18', 'art13@wintheiser.org', '7512 Lacey Ways\nLake Cydneyburgh, MT 93239-1704', '(507) 521-7786 x83435', '$2y$10$RwN6K4rixNt..TKxQQMdtuWt.t0Ki1mD8TORHXbVgMtIx2DvDLVDG', NULL, NULL, 0, 0, '2021-01-17 17:03:13', '0000-00-00 00:00:00'),
(431, 'kpowlowski', 'Lang', 'Jaylen', '2009-04-21', 'timothy.kassulke@wehner.com', '7186 Kianna Village\nPascalechester, UT 87958-6696', '363.408.2311', '$2y$10$AtYI6OmjZITqcZtdRVoGduPGLzehX4NUq8fFkUQzWV4FhnY1W3f7q', NULL, NULL, 0, 0, '2021-01-17 17:03:13', '0000-00-00 00:00:00'),
(432, 'palma98', 'Moore', 'Dane', '1995-06-08', 'aracely68@hotmail.com', '6682 Connelly Shore Apt. 608\nWest Nehastad, GA 53384-2386', '1-370-395-5625 x021', '$2y$10$eYdFCGfJw3f24XinhJT/r.R2.XdwZK62nfVjLwzHQBSD1VX3iMQDW', NULL, NULL, 0, 0, '2021-01-17 17:03:13', '0000-00-00 00:00:00'),
(433, 'rachael86', 'Anderson', 'Yvette', '2013-11-22', 'mhamill@yahoo.com', '13365 Sonya Mall Apt. 975\nWest Borisfurt, NJ 70137-9872', '+13638628051', '$2y$10$VMoQohTt0KEf5OnOrx/9q.nGJywoYyMqAUHsnXUwd49u/4NKIZKou', NULL, NULL, 0, 0, '2021-01-17 17:03:13', '0000-00-00 00:00:00'),
(434, 'hope.gerlach', 'Rosenbaum', 'Alessia', '1984-01-19', 'krystal.reynolds@wunsch.com', '85171 Hintz Fields\nWillychester, ME 74024', '+1.987.877.8174', '$2y$10$fSYH2uP4WN2H8TgKPdoeoe/MXiaKQzj4tieA4gtHn5SxdzHxG/a0O', NULL, NULL, 0, 0, '2021-01-17 17:03:13', '0000-00-00 00:00:00'),
(435, 'allie.turner', 'Boyle', 'Erin', '2003-03-23', 'mabel.schowalter@gmail.com', '475 Morar Ways Apt. 053\nPort Anais, AK 00153-1820', '602-807-3267 x224', '$2y$10$JTvqbIcfchjbVT3UQvsSD.gcwKgLmlmGr4tVAD5pEaxh2MoYkhy46', NULL, NULL, 0, 0, '2021-01-17 17:03:13', '0000-00-00 00:00:00'),
(436, 'ariane11', 'Klocko', 'Luisa', '1995-08-03', 'coralie56@gmail.com', '7437 Karson Village Apt. 598\nPort Meta, MO 81618', '(609) 389-9176 x116', '$2y$10$fT9V4nt.3bIKdkPgPI./QOA2tBmj6BsfC.nnaaollruI1snuuK5Ga', NULL, NULL, 0, 0, '2021-01-17 17:03:13', '0000-00-00 00:00:00'),
(437, 'lowe.carmen', 'Lind', 'Helga', '2016-09-09', 'odaniel@satterfield.com', '46592 Evie Trail\nGeovanniburgh, UT 82341', '(334) 485-0615 x09072', '$2y$10$YEomAIQ9VHS8ucvBai2r2uUR3BCo2lx8MISbdPTqUh.amtZvMCUW2', NULL, NULL, 0, 0, '2021-01-17 17:03:13', '0000-00-00 00:00:00'),
(438, 'jerad.rohan', 'Stracke', 'Theresa', '1995-10-26', 'pablo.schowalter@rolfson.com', '285 Nikolas Drive\nSchimmelhaven, CT 44910', '1-292-634-8984 x6134', '$2y$10$xcBiH9.oYZ6seGrOu.mlXu5eHTnLTJj71i/c1iZmJW3edu4LKY56C', NULL, NULL, 0, 0, '2021-01-17 17:03:13', '0000-00-00 00:00:00'),
(439, 'swift.weston', 'Kozey', 'Verla', '2008-07-07', 'maci.nader@hane.org', '7344 Savanna Extension\nWest Easterfort, KS 47808-2298', '1-898-989-4835 x3604', '$2y$10$53cpq7zyG3iWWTw9GNVIWOa8FWfOp1vatACjsK9fL3.VhnAH8TcuK', NULL, NULL, 0, 0, '2021-01-17 17:03:13', '0000-00-00 00:00:00'),
(440, 'umaggio', 'Kihn', 'Clementine', '2004-08-21', 'hane.modesto@mertz.com', '654 Gulgowski Passage\nFritschberg, NM 83634', '+1 (898) 202-4143', '$2y$10$9TrllPDie4RUz3j4eGrDRONKzZzFGqOZgZBCgjXvfFU65e04T21Ai', NULL, NULL, 0, 0, '2021-01-17 17:03:13', '0000-00-00 00:00:00'),
(441, 'joan.batz', 'Schinner', 'Burley', '2006-12-07', 'kbartoletti@cronin.biz', '82482 Auer Mountain\nSouth Mackenzie, PA 79044', '913-345-5630 x836', '$2y$10$gqaXo0opADCT9sg3BdteyO56mu4icWR5m.T.Afri5sGY2u5jl26Fy', NULL, NULL, 0, 0, '2021-01-17 17:03:13', '0000-00-00 00:00:00'),
(442, 'ekiehn', 'Spinka', 'Dayana', '2015-09-02', 'kuvalis.ashlee@yahoo.com', '757 Frami Union\nBlanchemouth, NE 99628-2230', '495.918.0162 x18970', '$2y$10$kyASVwaD4tWcmaoIogmQMue8l.0WXCUmsAAuRY52ff/GRIQd.Ify.', NULL, NULL, 0, 0, '2021-01-17 17:03:13', '0000-00-00 00:00:00'),
(443, 'stanton.danny', 'Greenholt', 'Jade', '2008-12-27', 'pfannerstill.lew@bahringer.biz', '26926 Jacobson Garden\nParisianview, WI 37125', '+1 (482) 604-1502', '$2y$10$cH78G0eX5aYvKVRnzs6IoOYa6Id.wRo455RSXjw/H2m8saOT7gaOC', NULL, NULL, 0, 0, '2021-01-17 17:03:13', '0000-00-00 00:00:00'),
(444, 'katherine91', 'Pouros', 'Ava', '2007-02-15', 'jacobi.anne@moen.com', '17097 Kayla Crescent\nEichmannchester, IL 54443', '(959) 566-0829', '$2y$10$HMaqVAsvcLGbcJLqzLfeYuueifa2kr1k2rNpEGJYv2z5Qy6FZodAG', NULL, NULL, 0, 0, '2021-01-17 17:03:13', '0000-00-00 00:00:00'),
(445, 'ydaniel', 'Wilkinson', 'Penelope', '1974-07-29', 'dibbert.horacio@yahoo.com', '234 Leif Springs Apt. 333\nEstebanborough, HI 47998-8861', '1-873-692-4038 x36136', '$2y$10$M1bnSvhc1NHHKU9ZQWikU.y1BOkUrXv3wer9uQvbnBNpgG69Uv882', NULL, NULL, 0, 0, '2021-01-17 17:03:14', '0000-00-00 00:00:00'),
(446, 'phirthe', 'Berge', 'Carlee', '1998-06-03', 'oreilly@gmail.com', '4705 Guillermo Underpass Apt. 841\nUllrichmouth, MT 63328', '223-474-5523 x4992', '$2y$10$EnSH3O48JpNj4.yxD3dAgO7miOBGtazrq9Dfb3Y3..XN2eMqKQ48m', NULL, NULL, 0, 0, '2021-01-17 17:03:14', '0000-00-00 00:00:00'),
(447, 'haag.josue', 'DuBuque', 'Shyanne', '2013-09-18', 'will.marcelina@hotmail.com', '781 Bailey Ford Suite 193\nSouth Margarette, MI 15355', '504.298.9070 x3939', '$2y$10$SRLgggx5P3eoOketmNugbu8WKo0jDgTMi9HdPuZorFK6SXsNbvD/e', NULL, NULL, 0, 0, '2021-01-17 17:03:14', '0000-00-00 00:00:00'),
(448, 'ldeckow', 'Kuvalis', 'Dandre', '2019-11-04', 'dandre.walsh@hotmail.com', '146 Lang Throughway Apt. 372\nNew Jacksonburgh, WA 42944-5772', '1-598-969-4919', '$2y$10$qRpLvdd0vNnhQ002ocoYI.JvtZWfDScWhNpVIJXaefQsp9E7oEShC', NULL, NULL, 0, 0, '2021-01-17 17:03:14', '0000-00-00 00:00:00'),
(449, 'kenyon97', 'Johnston', 'Emie', '1990-02-27', 'jonathon45@gmail.com', '1730 Jalyn Hill Apt. 294\nEast Karenville, TX 35555-2675', '1-248-489-6938', '$2y$10$HCYLiGDmV1dt0mbQSXwJde3wVP8E.Ml/rZIu7oVOfDP0.4eD8cVoq', NULL, NULL, 0, 0, '2021-01-17 17:03:14', '0000-00-00 00:00:00'),
(450, 'lenore.zieme', 'Jaskolski', 'Simone', '2003-11-19', 'walter.jermain@baumbach.com', '500 Ardella Islands Suite 698\nEast Novellafurt, SD 99037-8485', '+17705988710', '$2y$10$0g8GTfiAWMk8XWCWuYOBeeV57U4i0LYFJwttK3RRgfjJyzu/fcTLG', NULL, NULL, 0, 0, '2021-01-17 17:03:14', '0000-00-00 00:00:00'),
(451, 'fay.alize', 'Huel', 'Bessie', '1992-02-16', 'hudson.trantow@larkin.biz', '285 Heller Mission Apt. 179\nNorth Addieborough, MA 68460', '+1-708-246-5499', '$2y$10$peeOXI3BPxwSZGNp6kDa9OXNqTA/ZuXGZv/E8BtqoX/VhcSMzH5QG', NULL, NULL, 0, 0, '2021-01-17 17:03:14', '0000-00-00 00:00:00'),
(452, 'amely.sanford', 'Moore', 'Ahmad', '2004-03-10', 'brigitte.koss@yahoo.com', '566 Steuber Cliffs\nAugustahaven, WI 10325', '303.751.7874 x8288', '$2y$10$VkAd8nud4GZ7pwPqQYxHDOrsYFfzKSE6YhSFdeNexP6Se91e4H1Cm', NULL, NULL, 0, 0, '2021-01-17 17:03:14', '0000-00-00 00:00:00'),
(453, 'nelson.feest', 'Raynor', 'Molly', '2019-10-01', 'ojacobson@hotmail.com', '1673 Zulauf Causeway\nMyrticebury, NE 20183-7755', '597.740.8599 x88917', '$2y$10$yRfKaCrUTNobid7lm.9Ax.BEQfGO53N.tgVIvgYrfLoU0RwpsV/uC', NULL, NULL, 0, 0, '2021-01-17 17:03:14', '0000-00-00 00:00:00'),
(454, 'wuckert.rahul', 'Runte', 'Cydney', '1986-03-17', 'broob@greenfelder.org', '9351 Ebert Village Apt. 039\nLaverneborough, NY 80896', '441-698-2235 x6357', '$2y$10$4uomR3Ny7EEUbpEXeSslTOJ4HQ6/CTK7uPB6XWjSg13mu7uq.UgiK', NULL, NULL, 0, 0, '2021-01-17 17:03:14', '0000-00-00 00:00:00'),
(455, 'gennaro99', 'Hand', 'Eli', '2003-01-18', 'lmohr@legros.com', '6399 Adolfo Land Apt. 242\nEast Leslyhaven, FL 39482', '+1 (423) 600-3916', '$2y$10$ncibWNhzFVMMTwcFKK0HAukwC5EmybKE5dAdyjyYH9jz5UudjRFSO', NULL, NULL, 0, 0, '2021-01-17 17:03:14', '0000-00-00 00:00:00'),
(456, 'ogutmann', 'Brekke', 'Ocie', '1971-10-20', 'cmuller@gmail.com', '750 Isabelle Track Suite 990\nAricchester, KS 80799-6809', '1-816-610-7634 x251', '$2y$10$Am4hYIZID3Sa1KTNFBPA7u25xkOOhyI5BolKdtx.B6D2CBPQG9UOi', NULL, NULL, 0, 0, '2021-01-17 17:03:14', '0000-00-00 00:00:00'),
(457, 'jsipes', 'Schaefer', 'Fern', '2002-10-08', 'meagan.schuster@gmail.com', '75031 Braun Extension Suite 962\nReynoldsmouth, NY 38780-1944', '+1-686-634-9366', '$2y$10$Kj3brueQczQ6PTMo7xRAbu4leng./.fmXsWGEjLDkFRPLDqn47LIm', NULL, NULL, 0, 0, '2021-01-17 17:03:14', '0000-00-00 00:00:00'),
(458, 'block.maci', 'Bruen', 'Ebony', '2012-04-25', 'fconroy@gmail.com', '273 Devonte Park Suite 547\nSteuberville, IL 05027-7903', '1-926-615-8251 x0179', '$2y$10$3TNIQSwm65LF7qyV85Sb1On3FR0w4p2uBqyKwaF1R6JMOP9oJ4yqK', NULL, NULL, 0, 0, '2021-01-17 17:03:14', '0000-00-00 00:00:00'),
(459, 'klein.vilma', 'Mertz', 'Sister', '2005-07-03', 'odie.sauer@gmail.com', '876 Boyer Common\nLolitaburgh, MN 22481', '(818) 809-0939', '$2y$10$vqFPtNU1NL4Owa1k47dga.1bb0ZVqn71CmdUaIpgCuD1ia15AlaDK', NULL, NULL, 0, 0, '2021-01-17 17:03:14', '0000-00-00 00:00:00'),
(460, 'okey93', 'Vandervort', 'Dewitt', '2020-12-03', 'shane09@swaniawski.com', '54706 Koelpin Club Suite 157\nFannieton, NY 04229-4652', '1-297-325-1355 x01302', '$2y$10$nbKG0H2dzatOsjG6a.veP.pUqnBUn5Q1utcSwl49X6u4.vvuvXgE2', NULL, NULL, 0, 0, '2021-01-17 17:03:14', '0000-00-00 00:00:00'),
(461, 'rosalee96', 'Jakubowski', 'Hertha', '2003-03-20', 'yasmeen.eichmann@gmail.com', '477 Millie Lake Apt. 925\nLake Maeside, TN 66440', '235-407-4571 x16802', '$2y$10$0bdQ4oOdzZiTBHy7WSE/5OMyAd7WnrLE8dVgs0/CPUDjdV2.sP/r2', NULL, NULL, 0, 0, '2021-01-17 17:03:15', '0000-00-00 00:00:00'),
(462, 'vidal95', 'Nicolas', 'Zita', '2009-11-10', 'botsford.demetris@gmail.com', '8834 Lockman Valleys\nKreigerfort, KS 60585-1308', '920-831-6211 x726', '$2y$10$tPYUmfw5Boipkfy5jBOqW.aCdpkHy/KSaqWSSIX4QmHMVMCSYmNGi', NULL, NULL, 0, 0, '2021-01-17 17:03:15', '0000-00-00 00:00:00'),
(463, 'orlando.zieme', 'Macejkovic', 'Jerrod', '2008-09-13', 'fae76@gmail.com', '34115 Hamill Fall\nPredovicburgh, SD 43123', '491.472.0288 x343', '$2y$10$2g2RpkC.y4AkURJTmhtBFelJkg7ebjg85v436ZUNYiukJLcLa3Uoy', NULL, NULL, 0, 0, '2021-01-17 17:03:15', '0000-00-00 00:00:00'),
(464, 'jamarcus.schuppe', 'Lueilwitz', 'Ryley', '2009-05-12', 'agustin26@durgan.net', '65894 Uriel Mountains\nNorth Rahsaanburgh, CO 73305-9966', '(930) 289-0312 x36302', '$2y$10$kiVRuA1LM8U7l0CR9bZRW.bphHwZoKLJ/M1xs8Xk/AqpSeBMuhinG', NULL, NULL, 0, 0, '2021-01-17 17:03:15', '0000-00-00 00:00:00'),
(465, 'jason.runolfsdottir', 'Crona', 'Aniya', '2014-05-06', 'jessica11@gmail.com', '167 Elwyn Pine\nNorth Johnnie, MT 29795', '267-745-1066', '$2y$10$0oBmKOTqFd6qmEw4Op.BQO2lT9baTSmExa7j9auee65DVHOapZvMa', NULL, NULL, 0, 0, '2021-01-17 17:03:15', '0000-00-00 00:00:00'),
(466, 'jaylen.dooley', 'Mante', 'Coy', '2002-06-07', 'larissa55@hotmail.com', '1807 Fay Plaza\nLindseyview, DC 92852', '+1-831-779-5353', '$2y$10$IY6au0g9Y/j2jCbGVKNxiOXT5UMXGdJ6l4XZgO8dI0FUTlR8.aAF6', NULL, NULL, 0, 0, '2021-01-17 17:03:15', '0000-00-00 00:00:00'),
(467, 'alexandrea21', 'Rutherford', 'Lorna', '1996-09-01', 'ondricka.axel@yahoo.com', '12208 Dickinson Flats Suite 488\nBalistreriside, SC 58257', '+16876757263', '$2y$10$skmAsHUvnqrO8mcZvL3ixuFnkYxTjgKw44AZTE0m8bkJihprNSMp6', NULL, NULL, 0, 0, '2021-01-17 17:03:15', '0000-00-00 00:00:00'),
(468, 'alexzander.blanda', 'Keebler', 'Autumn', '1987-11-25', 'vergie09@kerluke.com', '75434 Shawn Drives\nPagacville, HI 89842-3523', '1-509-969-9773', '$2y$10$dWnzLfI701eGaccmSWFyt.hscjvbuCmhbJGYbW1jKr40sApFAOCby', NULL, NULL, 0, 0, '2021-01-17 17:03:15', '0000-00-00 00:00:00'),
(469, 'howell.fleta', 'Stark', 'Haylee', '2013-04-02', 'stan.langosh@macejkovic.com', '473 Krista Shoals\nOdiefort, ME 01633-9571', '+19489081042', '$2y$10$VM928Uc8qP8.aZgBaRePH.OjPeZtoASnUqpVuReihv.Gi/ykzg75.', NULL, NULL, 0, 0, '2021-01-17 17:03:15', '0000-00-00 00:00:00'),
(470, 'justina87', 'Krajcik', 'Jillian', '2000-03-25', 'shaag@yahoo.com', '310 Graham Hollow\nSouth Bartonchester, KS 46072', '350.468.8763', '$2y$10$EJTX/v4yKxGhQo19tmobme.5rpg0PeBYBjYDWVRLkyfdlQwd93Gae', NULL, NULL, 0, 0, '2021-01-17 17:03:15', '0000-00-00 00:00:00'),
(471, 'dan.bashirian', 'Sawayn', 'Deion', '2002-07-20', 'isabelle.medhurst@hotmail.com', '8496 Erdman Extensions Suite 303\nPaulinebury, NY 96339', '+1-312-338-9107', '$2y$10$2QniBPF2yHr0NxElXtEdhu/O2BAL6I4FFVRdzc5DgX/Sda8NH9o3C', NULL, NULL, 0, 0, '2021-01-17 17:03:15', '0000-00-00 00:00:00'),
(472, 'tarmstrong', 'Renner', 'Zula', '1978-04-07', 'rhoda.orn@boehm.com', '45367 Crist Harbor Apt. 988\nLake Karenmouth, DC 99471', '806-329-0844', '$2y$10$FnSaChfboC4Ygd8Nu9bK5eSaXfAWYC75/Ks/T.D0AJPWcvtW1DwCu', NULL, NULL, 0, 0, '2021-01-17 17:03:15', '0000-00-00 00:00:00'),
(473, 'saltenwerth', 'Swaniawski', 'Beatrice', '2008-10-23', 'zbradtke@yahoo.com', '902 Theron Points Apt. 949\nSouth Eltahaven, WV 96917', '630-925-6512 x34309', '$2y$10$z8agmQWQxBBA8onQLLq8UuT0UwAx5EjE6.iCqIfDbNngmvuOX3KpS', NULL, NULL, 0, 0, '2021-01-17 17:03:15', '0000-00-00 00:00:00'),
(474, 'donna40', 'Pfannerstill', 'Jennie', '1976-10-22', 'scremin@kuvalis.com', '3405 Kelton Fork\nKendrickbury, IL 73393-9773', '461.301.0263', '$2y$10$VWhSuvnVg0lVPzPfN3.BU.ci7MhatgKeocI/CqMn8Ttph2p8aKjRG', NULL, NULL, 0, 0, '2021-01-17 17:03:15', '0000-00-00 00:00:00'),
(475, 'rbogan', 'Hyatt', 'Cyril', '2002-03-31', 'tressa.wuckert@gmail.com', '19323 Prosacco Ports Apt. 118\nPort Shany, KS 34966-0288', '(414) 571-1860', '$2y$10$hKtSxVukgSQW8O5jsW4mLumPBsLU3u2yoQ/mpx4jtlNYEecNjTodi', NULL, NULL, 0, 0, '2021-01-17 17:03:15', '0000-00-00 00:00:00'),
(476, 'kborer', 'Hilpert', 'Cornell', '1982-09-05', 'cole.linda@hotmail.com', '27460 McClure Heights\nSouth Melvina, ID 70224-5557', '(391) 220-9033 x75448', '$2y$10$LW/WBls.sOUxdTawSCwOT.x6lPvhv3ZbpUB4Dl1.1b5Q5DHSWmDaG', NULL, NULL, 0, 0, '2021-01-17 17:03:15', '0000-00-00 00:00:00'),
(477, 'yvonne01', 'Schinner', 'Mellie', '1982-06-18', 'lucie08@gmail.com', '68123 Schoen Harbors Apt. 525\nNew Carlotta, TN 68943-5804', '+1.693.598.6806', '$2y$10$MoqS5HJTtEFGJVtN0BAin.CDtLcQ1s1cd07eJIblEREW6jqTQhaGq', NULL, NULL, 0, 0, '2021-01-17 17:03:16', '0000-00-00 00:00:00'),
(478, 'santina10', 'Nolan', 'Amely', '1998-04-28', 'schimmel.doug@hotmail.com', '77424 Anya Turnpike\nEltaland, AK 48136', '774.767.8779', '$2y$10$2NmNzvz3th5OIXa8TaXFpuWnaDT6WpjaodFhMbaLOM1Ily6q8Ici.', NULL, NULL, 0, 0, '2021-01-17 17:03:16', '0000-00-00 00:00:00'),
(479, 'gabe.corkery', 'Bergstrom', 'Isaias', '2013-02-11', 'keeley.wuckert@gmail.com', '4954 Muriel Divide\nNew Carolynstad, CT 01679-8936', '1-417-394-1111 x70478', '$2y$10$TA6h/7DYfbqJhuVwuc8IcupW4QNUjltiekq5ZfPeoTfa7AWa.5ZbK', NULL, NULL, 0, 0, '2021-01-17 17:03:16', '0000-00-00 00:00:00'),
(480, 'katrina.christiansen', 'Brakus', 'Samir', '1999-06-04', 'hleannon@jenkins.org', '2226 Lolita Locks\nLake Sybleville, RI 24796', '928.606.7253 x864', '$2y$10$FaKgeDel83wZnp5BgmjanufuQQklep6UX.4vha23BppTTVX1ZqfJq', NULL, NULL, 0, 0, '2021-01-17 17:03:16', '0000-00-00 00:00:00'),
(481, 'rosendo.wiza', 'Mann', 'Rylee', '2018-05-26', 'schuster.kylie@hotmail.com', '62344 Heber Orchard\nLake Keltonville, FL 85781-4389', '585.813.8110 x0493', '$2y$10$DY7DOSmG0Oj7/KLuItyzPuAM7SMmAbipVWWIs5n8ybHi38DEUYftq', NULL, NULL, 0, 0, '2021-01-17 17:03:16', '0000-00-00 00:00:00'),
(482, 'raleigh.borer', 'Stark', 'Freeda', '2005-02-11', 'eichmann.lacey@hotmail.com', '3186 Friesen Street Apt. 772\nMacejkovicberg, FL 14741', '942.504.1740', '$2y$10$.BGN/sNEQ//MJNL1RRvmQ.x.kBjj1J1uViUAVkSRlu9gNsKspIDC2', NULL, NULL, 0, 0, '2021-01-17 17:03:16', '0000-00-00 00:00:00'),
(483, 'wiegand.oswaldo', 'McGlynn', 'Bella', '1986-08-30', 'dach.julie@nolan.com', '70684 Neil Harbors\nPort Darrell, DC 02858-7208', '704.984.5224', '$2y$10$ZjQCv/wf2/l8/deXPTLZguuZSumEygFxVmPd/yhDkYs3W6zg6CQyy', NULL, NULL, 0, 0, '2021-01-17 17:03:16', '0000-00-00 00:00:00'),
(484, 'rmccullough', 'Sporer', 'Jarod', '1971-12-25', 'abbott.arlo@lowe.com', '85316 Parker Port Apt. 798\nLindamouth, KY 14301-1623', '998.271.3096 x033', '$2y$10$Lko4g6fLrHo8.LHoyWNvZu56SChzcl3HyCce7sc/iTciaoqzTzILO', NULL, NULL, 0, 0, '2021-01-17 17:03:16', '0000-00-00 00:00:00'),
(485, 'terrill.dibbert', 'Lubowitz', 'Judd', '1985-02-13', 'kelli82@mills.biz', '43377 O\'Connell Forest Suite 811\nGregfort, OK 50095-8944', '403-328-5860', '$2y$10$pZIdPZNshbKVnzJJoN29Aey1LMtwrjXOX1VOncTAJwNXW7nE6cGoG', NULL, NULL, 0, 0, '2021-01-17 17:03:16', '0000-00-00 00:00:00'),
(486, 'idaniel', 'Crooks', 'Khalid', '1997-11-14', 'stanton.talon@hotmail.com', '1138 Lyda Trail\nKadenmouth, WY 55316-3524', '+1-641-923-8652', '$2y$10$rrTPaMEB9lCNd7LYkyYLWOvpF1RafsnHDwOm2boq0B3e2WAqQzIO6', NULL, NULL, 0, 0, '2021-01-17 17:03:16', '0000-00-00 00:00:00'),
(487, 'petra93', 'Gulgowski', 'Rodrick', '1983-03-14', 'dmarks@watsica.com', '14910 Cordie Haven Suite 375\nBransonfort, WY 02509', '+1 (368) 545-3472', '$2y$10$YcxSNjyvhCnLF9SlFWU9WuCEXkIT0/VFIlDfjWJZ7N0jZW5vTxOhy', NULL, NULL, 0, 0, '2021-01-17 17:03:16', '0000-00-00 00:00:00'),
(488, 'aimee35', 'Ruecker', 'Trent', '1996-04-10', 'dconsidine@beahan.net', '60595 Alysha Manor Apt. 102\nWest Dougburgh, KY 80239', '514-658-4889 x101', '$2y$10$8XZcgMJau/OXEdB7dH1HNeVZH.6J.mU2Jo42AZ1dcQIDL04NBpRDy', NULL, NULL, 0, 0, '2021-01-17 17:03:16', '0000-00-00 00:00:00'),
(489, 'woconner', 'Legros', 'Rupert', '1992-01-30', 'gulgowski.brandy@gmail.com', '6992 Anthony Ways Apt. 704\nEast Corbinmouth, MT 37389', '+15566815311', '$2y$10$dfaYMts6pLqu8vm1IXaMz.Tec8OYV3U27JLmIuWCbSFw2xoiqXQIe', NULL, NULL, 0, 0, '2021-01-17 17:03:16', '0000-00-00 00:00:00'),
(490, 'koelpin.darien', 'Carter', 'Akeem', '2013-03-07', 'mfahey@runte.net', '87632 Stevie Springs\nEast Assuntahaven, GA 42650-8937', '+1-276-232-1097', '$2y$10$yTgqdQ4JigIE2cLi.bSo8e6UujItBxwbgP8WOI/86h7cj./slLZ4.', NULL, NULL, 0, 0, '2021-01-17 17:03:16', '0000-00-00 00:00:00'),
(491, 'weston.nitzsche', 'Beer', 'Sage', '1977-02-02', 'ritchie.faye@gorczany.com', '6973 Senger Corner Suite 792\nAlejandrinborough, MO 47573', '+1 (895) 820-7396', '$2y$10$1NOrOd5W.h0rxo8kpiOZXOyXSVr9VUkdCtNkamvBFuUSyWsgYhgd2', NULL, NULL, 0, 0, '2021-01-17 17:03:16', '0000-00-00 00:00:00'),
(492, 'lkuhlman', 'Treutel', 'Robyn', '2019-06-20', 'saige.medhurst@zieme.com', '1912 Monahan Mountain\nHermistonmouth, DE 01562-3921', '874.308.3362', '$2y$10$CyyZUDwlNhVmSzhmL6spSeczu4z9h8U2.ML4XMvjyYbkLFHomHGa6', NULL, NULL, 0, 0, '2021-01-17 17:03:16', '0000-00-00 00:00:00'),
(493, 'gleason.lysanne', 'Muller', 'Rebekah', '1976-01-29', 'schmidt.stan@gmail.com', '28401 Viva Village Suite 163\nSouth Marilou, CT 45993', '507.896.4775', '$2y$10$fktVkjOU2l9eupPrIuqSseTFLxaxC8wA7TkicnmKk7kYjoqwvhSsi', NULL, NULL, 0, 0, '2021-01-17 17:03:17', '0000-00-00 00:00:00'),
(494, 'edmund.hettinger', 'Reilly', 'Doris', '1970-11-24', 'nash.treutel@murphy.com', '13109 Cleveland Ports Suite 277\nKrystelhaven, MS 01846-6248', '375.912.1703', '$2y$10$1HcT13mjqwJui30ZKBSzp.QRxz8fUKfrLOI9eevAxPIvEQQX3jUU2', NULL, NULL, 0, 0, '2021-01-17 17:03:17', '0000-00-00 00:00:00'),
(495, 'waylon.keeling', 'Tillman', 'Kennith', '1993-10-13', 'lucie81@hotmail.com', '1646 Reichert Gateway Suite 598\nSouth Mathew, ID 30203', '1-456-788-7254 x1477', '$2y$10$CS0qMOUo1K35ehdD9/.c5uVD5RnYBJSYyxOsWJDC0kRIOejKqkJnG', NULL, NULL, 0, 0, '2021-01-17 17:03:17', '0000-00-00 00:00:00'),
(496, 'quigley.maeve', 'Hudson', 'Owen', '1992-05-04', 'bogisich.kamryn@miller.com', '478 Connelly Centers Apt. 406\nElroyview, MS 49876', '786-200-3459', '$2y$10$XBNr3mBQJjD7AjJYwdTzaup3rfwIZzJAa0mQC4.VGz9Gbk5Vcvrpy', NULL, NULL, 0, 0, '2021-01-17 17:03:17', '0000-00-00 00:00:00'),
(497, 'hquigley', 'Oberbrunner', 'Roxanne', '2007-11-30', 'magnolia.wiza@ratke.info', '1809 Smitham Canyon Suite 028\nWisokyfort, GA 09673', '337.853.4961', '$2y$10$iBlUYdoOJpF7nX3ASppIzepgW808gRDJh1bpGRRshRRUL1LcGUmg.', NULL, NULL, 0, 0, '2021-01-17 17:03:17', '0000-00-00 00:00:00'),
(498, 'bobbie91', 'Bernier', 'Hermina', '1988-07-28', 'alford49@mclaughlin.com', '2558 Sarina Place Suite 176\nKuhlmanville, SD 15932-5469', '532-533-0795', '$2y$10$lUMtciRDF89ZJ/5j8GjAMuefXxR8zQlsnKJkuLYlPlxxG6UeMI.h2', NULL, NULL, 0, 0, '2021-01-17 17:03:17', '0000-00-00 00:00:00'),
(499, 'nkiehn', 'Spinka', 'Abbigail', '1999-09-03', 'harold99@hotmail.com', '525 D\'Amore Burg Apt. 159\nWest Alannahaven, OR 25376', '237.948.5596', '$2y$10$kWWZxj2eNRjwIWljOussq.lrIPTEdj5SOxCbnx2.XfzFjAdhGPLZ6', NULL, NULL, 0, 0, '2021-01-17 17:03:17', '0000-00-00 00:00:00'),
(500, 'vfriesen', 'Hill', 'Owen', '1978-12-27', 'qgulgowski@yahoo.com', '362 Cassin Skyway Suite 203\nWest Jena, KS 23787-3142', '576-520-7445', '$2y$10$VWntxxHKxR1NSK.XwF9k..KFAJZkCiVsQSeBcyyRn2THLsMkXnC6e', NULL, NULL, 0, 0, '2021-01-17 17:03:17', '0000-00-00 00:00:00'),
(501, 'test11', NULL, NULL, NULL, 'test@yopmail.com', NULL, NULL, '$2y$10$W0x0eftv62271HnZE5w0y.ki25G9v8LHjXexEL7vGjrv2mDEpd4XS', NULL, NULL, 0, 0, '2021-01-18 16:44:22', '0000-00-00 00:00:00');

-- --------------------------------------------------------

--
-- Structure de la table `user_skills`
--

CREATE TABLE `user_skills` (
  `id` int(11) NOT NULL,
  `id_skill` int(11) NOT NULL,
  `id_user` int(11) NOT NULL,
  `created_at` datetime NOT NULL DEFAULT current_timestamp(),
  `updated_at` datetime NOT NULL DEFAULT '0000-00-00 00:00:00' ON UPDATE current_timestamp()
) ENGINE=InnoDB DEFAULT CHARSET=utf8mb4;

-- --------------------------------------------------------

--
-- Structure de la table `warnings`
--

CREATE TABLE `warnings` (
  `id` int(11) NOT NULL,
  `id_user` int(11) NOT NULL,
  `id_post` int(11) NOT NULL,
  `message` tinytext NOT NULL,
  `created_at` datetime NOT NULL DEFAULT current_timestamp(),
  `updated_at` datetime NOT NULL DEFAULT '0000-00-00 00:00:00' ON UPDATE current_timestamp()
) ENGINE=InnoDB DEFAULT CHARSET=utf8mb4;

--
-- Index pour les tables déchargées
--

--
-- Index pour la table `asks`
--
ALTER TABLE `asks`
  ADD PRIMARY KEY (`id`),
  ADD KEY `id_user` (`id_user`,`id_post`),
  ADD KEY `id_post` (`id_post`);

--
-- Index pour la table `breakdown_categories`
--
ALTER TABLE `breakdown_categories`
  ADD PRIMARY KEY (`id`),
  ADD KEY `platform_id` (`id_platform`);

--
-- Index pour la table `messages`
--
ALTER TABLE `messages`
  ADD PRIMARY KEY (`id`),
  ADD KEY `id_sender` (`id_sender`,`id_receiver`),
  ADD KEY `id_receiver` (`id_receiver`);

--
-- Index pour la table `offers`
--
ALTER TABLE `offers`
  ADD PRIMARY KEY (`id`),
  ADD KEY `id_user` (`id_user`,`id_post`),
  ADD KEY `id_post` (`id_post`);

--
-- Index pour la table `platforms`
--
ALTER TABLE `platforms`
  ADD PRIMARY KEY (`id`),
  ADD UNIQUE KEY `name` (`name`);

--
-- Index pour la table `posts`
--
ALTER TABLE `posts`
  ADD PRIMARY KEY (`id`),
  ADD KEY `id_breakdown_type` (`id_breakdown_category`),
  ADD KEY `id_user` (`id_user`);

--
-- Index pour la table `skills`
--
ALTER TABLE `skills`
  ADD PRIMARY KEY (`id`),
  ADD UNIQUE KEY `name` (`name`);

--
-- Index pour la table `users`
--
ALTER TABLE `users`
  ADD PRIMARY KEY (`id`),
  ADD UNIQUE KEY `username` (`username`,`email`);

--
-- Index pour la table `user_skills`
--
ALTER TABLE `user_skills`
  ADD PRIMARY KEY (`id`),
  ADD KEY `id_skill` (`id_skill`),
  ADD KEY `id_user` (`id_user`);

--
-- Index pour la table `warnings`
--
ALTER TABLE `warnings`
  ADD PRIMARY KEY (`id`),
  ADD KEY `id_user` (`id_user`,`id_post`),
  ADD KEY `id_post` (`id_post`);

--
-- AUTO_INCREMENT pour les tables déchargées
--

--
-- AUTO_INCREMENT pour la table `asks`
--
ALTER TABLE `asks`
  MODIFY `id` int(11) NOT NULL AUTO_INCREMENT;

--
-- AUTO_INCREMENT pour la table `breakdown_categories`
--
ALTER TABLE `breakdown_categories`
  MODIFY `id` int(11) NOT NULL AUTO_INCREMENT, AUTO_INCREMENT=21;

--
-- AUTO_INCREMENT pour la table `messages`
--
ALTER TABLE `messages`
  MODIFY `id` int(11) NOT NULL AUTO_INCREMENT;

--
-- AUTO_INCREMENT pour la table `offers`
--
ALTER TABLE `offers`
  MODIFY `id` int(11) NOT NULL AUTO_INCREMENT;

--
-- AUTO_INCREMENT pour la table `platforms`
--
ALTER TABLE `platforms`
  MODIFY `id` int(11) NOT NULL AUTO_INCREMENT, AUTO_INCREMENT=11;

--
-- AUTO_INCREMENT pour la table `posts`
--
ALTER TABLE `posts`
  MODIFY `id` int(11) NOT NULL AUTO_INCREMENT, AUTO_INCREMENT=504;

--
-- AUTO_INCREMENT pour la table `skills`
--
ALTER TABLE `skills`
  MODIFY `id` int(11) NOT NULL AUTO_INCREMENT;

--
-- AUTO_INCREMENT pour la table `users`
--
ALTER TABLE `users`
  MODIFY `id` int(11) NOT NULL AUTO_INCREMENT, AUTO_INCREMENT=502;

--
-- AUTO_INCREMENT pour la table `user_skills`
--
ALTER TABLE `user_skills`
  MODIFY `id` int(11) NOT NULL AUTO_INCREMENT;

--
-- AUTO_INCREMENT pour la table `warnings`
--
ALTER TABLE `warnings`
  MODIFY `id` int(11) NOT NULL AUTO_INCREMENT;

--
-- Contraintes pour les tables déchargées
--

--
-- Contraintes pour la table `asks`
--
ALTER TABLE `asks`
  ADD CONSTRAINT `asks_ibfk_1` FOREIGN KEY (`id_user`) REFERENCES `users` (`id`),
  ADD CONSTRAINT `asks_ibfk_2` FOREIGN KEY (`id_post`) REFERENCES `posts` (`id`);

--
-- Contraintes pour la table `breakdown_categories`
--
ALTER TABLE `breakdown_categories`
  ADD CONSTRAINT `breakdown_categories_ibfk_1` FOREIGN KEY (`id_platform`) REFERENCES `platforms` (`id`);

--
-- Contraintes pour la table `messages`
--
ALTER TABLE `messages`
  ADD CONSTRAINT `messages_ibfk_1` FOREIGN KEY (`id_receiver`) REFERENCES `users` (`id`),
  ADD CONSTRAINT `messages_ibfk_2` FOREIGN KEY (`id_sender`) REFERENCES `users` (`id`);

--
-- Contraintes pour la table `offers`
--
ALTER TABLE `offers`
  ADD CONSTRAINT `offers_ibfk_1` FOREIGN KEY (`id_user`) REFERENCES `users` (`id`),
  ADD CONSTRAINT `offers_ibfk_2` FOREIGN KEY (`id_post`) REFERENCES `posts` (`id`);

--
-- Contraintes pour la table `posts`
--
ALTER TABLE `posts`
  ADD CONSTRAINT `posts_ibfk_1` FOREIGN KEY (`id_user`) REFERENCES `users` (`id`),
  ADD CONSTRAINT `posts_ibfk_2` FOREIGN KEY (`id_breakdown_category`) REFERENCES `breakdown_categories` (`id`);

--
-- Contraintes pour la table `user_skills`
--
ALTER TABLE `user_skills`
  ADD CONSTRAINT `user_skills_ibfk_1` FOREIGN KEY (`id_user`) REFERENCES `users` (`id`),
  ADD CONSTRAINT `user_skills_ibfk_2` FOREIGN KEY (`id_skill`) REFERENCES `skills` (`id`);

--
-- Contraintes pour la table `warnings`
--
ALTER TABLE `warnings`
  ADD CONSTRAINT `warnings_ibfk_1` FOREIGN KEY (`id_user`) REFERENCES `users` (`id`),
  ADD CONSTRAINT `warnings_ibfk_2` FOREIGN KEY (`id_post`) REFERENCES `posts` (`id`);
COMMIT;

/*!40101 SET CHARACTER_SET_CLIENT=@OLD_CHARACTER_SET_CLIENT */;
/*!40101 SET CHARACTER_SET_RESULTS=@OLD_CHARACTER_SET_RESULTS */;
/*!40101 SET COLLATION_CONNECTION=@OLD_COLLATION_CONNECTION */;
