-- phpMyAdmin SQL Dump
-- version 5.0.4
-- https://www.phpmyadmin.net/
--
-- Hôte : localhost
-- Généré le : lun. 25 jan. 2021 à 13:02
-- Version du serveur :  10.4.17-MariaDB
-- Version de PHP : 7.4.13

SET SQL_MODE = "NO_AUTO_VALUE_ON_ZERO";
START TRANSACTION;
SET time_zone = "+00:00";


/*!40101 SET @OLD_CHARACTER_SET_CLIENT=@@CHARACTER_SET_CLIENT */;
/*!40101 SET @OLD_CHARACTER_SET_RESULTS=@@CHARACTER_SET_RESULTS */;
/*!40101 SET @OLD_COLLATION_CONNECTION=@@COLLATION_CONNECTION */;
/*!40101 SET NAMES utf8mb4 */;

--
-- Base de données : `tynkle`
--
CREATE DATABASE IF NOT EXISTS `tynkle` DEFAULT CHARACTER SET utf8mb4 COLLATE utf8mb4_general_ci;
USE `tynkle`;

-- --------------------------------------------------------

--
-- Structure de la table `asks`
--

CREATE TABLE `asks` (
  `id` int(11) NOT NULL,
  `id_user` int(11) NOT NULL,
  `id_post` int(11) NOT NULL,
  `object` varchar(255) NOT NULL,
  `content` tinytext NOT NULL,
  `amount` double NOT NULL,
  `is_viewed` tinyint(1) NOT NULL DEFAULT 0,
  `is_accepted` tinyint(1) NOT NULL DEFAULT 0,
  `created_at` datetime NOT NULL DEFAULT current_timestamp(),
  `updated_at` datetime NOT NULL DEFAULT '0000-00-00 00:00:00' ON UPDATE current_timestamp()
) ENGINE=InnoDB DEFAULT CHARSET=utf8mb4;

-- --------------------------------------------------------

--
-- Structure de la table `breakdown_categories`
--

CREATE TABLE `breakdown_categories` (
  `id` int(11) NOT NULL,
  `id_platform` int(11) NOT NULL,
  `name` varchar(100) NOT NULL,
  `description` tinytext NOT NULL,
  `created_at` datetime NOT NULL DEFAULT current_timestamp(),
  `updated_at` datetime NOT NULL DEFAULT '0000-00-00 00:00:00' ON UPDATE current_timestamp()
) ENGINE=InnoDB DEFAULT CHARSET=utf8mb4;

--
-- Déchargement des données de la table `breakdown_categories`
--

INSERT INTO `breakdown_categories` (`id`, `id_platform`, `name`, `description`, `created_at`, `updated_at`) VALUES
(1, 1, 'logiciel', 'Saepe tenetur laboriosam eius non sunt. Corporis maxime deserunt voluptatibus. Facere dolores sit exercitationem aliquam. Doloribus nisi aut tenetur delectus occaecati at sunt.', '2021-01-20 15:16:27', '0000-00-00 00:00:00'),
(2, 1, 'matériel', 'Totam voluptatibus sunt fugit magnam quo ut. Ea id necessitatibus sit sunt. Dolor porro ipsum eligendi autem amet.', '2021-01-20 15:16:27', '0000-00-00 00:00:00'),
(3, 1, 'mentoring/tutorat/cours', 'Excepturi occaecati voluptatem aut et dicta id eligendi. Voluptas temporibus quidem ut reprehenderit et. Tempore fugit impedit assumenda ab aut.', '2021-01-20 15:16:27', '0000-00-00 00:00:00'),
(4, 5, 'réseau', 'Ut libero et tenetur eligendi eos modi. Blanditiis laborum et aliquid ea quia. Repellendus omnis non in in qui.', '2021-01-20 15:16:27', '0000-00-00 00:00:00'),
(5, 3, 'logiciel', 'Placeat ullam dolor numquam dolorem ex excepturi omnis. Tempore possimus dolorem est quia quis nihil est. Officiis error accusantium blanditiis sit corrupti atque.', '2021-01-25 10:56:05', '0000-00-00 00:00:00'),
(6, 3, 'matériel', 'Assumenda quasi qui eius vel facilis nemo. Necessitatibus quibusdam dolore alias perferendis ullam amet. Delectus occaecati qui error quia.', '2021-01-25 10:56:05', '0000-00-00 00:00:00'),
(7, 4, 'mentoring/tutorat/cours', 'Vitae sint doloribus et deleniti laborum ratione exercitationem. In vitae quisquam quia eveniet. Aliquid ab placeat accusantium quaerat magni.', '2021-01-25 10:56:05', '0000-00-00 00:00:00'),
(8, 3, 'réseau', 'Sed exercitationem eos saepe reiciendis et quod recusandae est. Non neque sit aut ipsam. Ut rerum sit est molestiae sint voluptas quod. Asperiores ut architecto aut enim velit.', '2021-01-25 10:56:05', '0000-00-00 00:00:00');

-- --------------------------------------------------------

--
-- Structure de la table `chats`
--

CREATE TABLE `chats` (
  `id` int(11) NOT NULL,
  `created_at` datetime NOT NULL DEFAULT current_timestamp(),
  `updated_at` datetime NOT NULL DEFAULT '0000-00-00 00:00:00' ON UPDATE current_timestamp()
) ENGINE=InnoDB DEFAULT CHARSET=utf8mb4;

--
-- Déchargement des données de la table `chats`
--

INSERT INTO `chats` (`id`, `created_at`, `updated_at`) VALUES
(1, '2021-01-21 10:32:30', '0000-00-00 00:00:00');

-- --------------------------------------------------------

--
-- Structure de la table `chat_users`
--

CREATE TABLE `chat_users` (
  `id` int(11) NOT NULL,
  `id_chat` int(11) NOT NULL,
  `id_user` int(11) NOT NULL,
  `created_at` datetime NOT NULL DEFAULT current_timestamp(),
  `updated_at` datetime NOT NULL DEFAULT '0000-00-00 00:00:00' ON UPDATE current_timestamp()
) ENGINE=InnoDB DEFAULT CHARSET=utf8mb4;

--
-- Déchargement des données de la table `chat_users`
--

INSERT INTO `chat_users` (`id`, `id_chat`, `id_user`, `created_at`, `updated_at`) VALUES
(1, 1, 101, '2021-01-21 10:32:58', '0000-00-00 00:00:00');

-- --------------------------------------------------------

--
-- Structure de la table `messages`
--

CREATE TABLE `messages` (
  `id` int(11) NOT NULL,
  `id_user` int(11) NOT NULL,
  `id_chat` int(11) NOT NULL,
  `content` tinytext NOT NULL,
  `created_at` datetime NOT NULL DEFAULT current_timestamp(),
  `updated_at` datetime NOT NULL DEFAULT '0000-00-00 00:00:00' ON UPDATE current_timestamp()
) ENGINE=InnoDB DEFAULT CHARSET=utf8mb4;

--
-- Déchargement des données de la table `messages`
--

INSERT INTO `messages` (`id`, `id_user`, `id_chat`, `content`, `created_at`, `updated_at`) VALUES
(2, 100, 1, 'test test test', '2021-01-21 09:42:40', '2021-01-21 10:33:22'),
(3, 99, 1, 'sŝ^s^sŝ^pspspspspsppspsppspspp', '2021-01-21 09:43:03', '2021-01-21 10:33:30');

-- --------------------------------------------------------

--
-- Structure de la table `offers`
--

CREATE TABLE `offers` (
  `id` int(11) NOT NULL,
  `id_user` int(11) NOT NULL,
  `id_post` int(11) NOT NULL,
  `object` varchar(255) NOT NULL,
  `content` tinytext NOT NULL,
  `amount` double NOT NULL,
  `is_viewed` tinyint(1) NOT NULL DEFAULT 0,
  `is_accepted` tinyint(1) NOT NULL DEFAULT 0,
  `created_at` datetime NOT NULL DEFAULT current_timestamp(),
  `updated_at` datetime NOT NULL DEFAULT '0000-00-00 00:00:00' ON UPDATE current_timestamp()
) ENGINE=InnoDB DEFAULT CHARSET=utf8mb4;

-- --------------------------------------------------------

--
-- Structure de la table `platforms`
--

CREATE TABLE `platforms` (
  `id` int(11) NOT NULL,
  `name` varchar(100) NOT NULL,
  `description` tinytext NOT NULL,
  `created_at` datetime NOT NULL DEFAULT current_timestamp(),
  `updated_at` datetime NOT NULL DEFAULT '0000-00-00 00:00:00' ON UPDATE current_timestamp()
) ENGINE=InnoDB DEFAULT CHARSET=utf8mb4;

--
-- Déchargement des données de la table `platforms`
--

INSERT INTO `platforms` (`id`, `name`, `description`, `created_at`, `updated_at`) VALUES
(1, 'pc/windows', 'Qui quo aut officia nobis quibusdam in in. Porro quis autem tenetur et. Magni nesciunt est exercitationem suscipit. Omnis ut doloribus id quia vero. Culpa est eum eos beatae occaecati rem.', '2021-01-17 14:54:36', '0000-00-00 00:00:00'),
(2, 'pc/OSX', 'Culpa dolor doloribus pariatur praesentium. Pariatur quidem ex eum nihil omnis quia. Quia non et reiciendis voluptatibus quis molestias.', '2021-01-17 14:54:36', '0000-00-00 00:00:00'),
(3, 'android', 'Delectus voluptatibus aut tenetur repudiandae sunt nulla. Aspernatur et laudantium et incidunt sit accusantium.', '2021-01-17 14:54:36', '0000-00-00 00:00:00'),
(4, 'ios', 'Et mollitia adipisci et aut iste qui. Cum nihil qui nesciunt facilis voluptatum consectetur omnis consequatur. Possimus est doloremque in sint voluptatum. Id rem libero vero non quo vel.', '2021-01-17 14:54:36', '0000-00-00 00:00:00'),
(5, 'macOSX', 'Quae repellendus est fugiat qui in explicabo aut. Vel est iste est cupiditate rerum nihil. Voluptas architecto ab tempora maxime et est. Est quam est quos laboriosam corrupti ducimus quam.', '2021-01-17 14:54:36', '0000-00-00 00:00:00');

-- --------------------------------------------------------

--
-- Structure de la table `posts`
--

CREATE TABLE `posts` (
  `id` int(11) NOT NULL,
  `id_user` int(11) NOT NULL,
  `id_breakdown_category` int(11) NOT NULL,
  `images` longtext CHARACTER SET utf8mb4 COLLATE utf8mb4_bin NOT NULL DEFAULT '"[]"' CHECK (json_valid(`images`)),
  `cover_image` varchar(255) DEFAULT NULL,
  `is_solved` tinyint(1) NOT NULL DEFAULT 0,
  `title` varchar(100) NOT NULL,
  `content` text NOT NULL,
  `budget` double NOT NULL DEFAULT 10.5,
  `city` varchar(55) NOT NULL,
  `postal_code` varchar(25) NOT NULL,
  `lat` double NOT NULL,
  `lon` double NOT NULL,
  `created_at` datetime NOT NULL DEFAULT current_timestamp(),
  `updated_at` datetime NOT NULL DEFAULT '0000-00-00 00:00:00' ON UPDATE current_timestamp()
) ENGINE=InnoDB DEFAULT CHARSET=utf8mb4;

--
-- Déchargement des données de la table `posts`
--

INSERT INTO `posts` (`id`, `id_user`, `id_breakdown_category`, `images`, `cover_image`, `is_solved`, `title`, `content`, `budget`, `city`, `postal_code`, `lat`, `lon`, `created_at`, `updated_at`) VALUES
(1, 68, 2, '[\"https:\\/\\/images.pexels.com\\/photos\\/821652\\/pexels-photo-821652.jpeg\",\"https:\\/\\/images.pexels.com\\/photos\\/1388947\\/technology-telephone-mobile-smart-1388947.jpeg\",\"https:\\/\\/images.pexels.com\\/photos\\/719399\\/pexels-photo-719399.jpeg\",\"https:\\/\\/images.pexels.com\\/photos\\/5053740\\/pexels-photo-5053740.jpeg\"]', 'https://images.pexels.com/photos/5053740/pexels-photo-5053740.jpeg', 0, 'Super titre 0', 'Eius quis labore dolor et quis. Rerum libero non odit id aut. Eaque eos aliquam aliquid possimus et magni. Quos vel voluptatem facere quasi qui praesentium. Et voluptatem rerum unde dignissimos sunt.', 416, 'Alekbury', '09881-1320', 0, 0, '2021-01-20 15:16:33', '0000-00-00 00:00:00'),
(2, 93, 1, '[\"https:\\/\\/images.pexels.com\\/photos\\/821652\\/pexels-photo-821652.jpeg\",\"https:\\/\\/images.pexels.com\\/photos\\/1388947\\/technology-telephone-mobile-smart-1388947.jpeg\",\"https:\\/\\/images.pexels.com\\/photos\\/719399\\/pexels-photo-719399.jpeg\",\"https:\\/\\/images.pexels.com\\/photos\\/5053740\\/pexels-photo-5053740.jpeg\"]', 'https://images.pexels.com/photos/1388947/technology-telephone-mobile-smart-1388947.jpeg', 0, 'Super titre 1', 'Mollitia qui dolorum omnis culpa sint explicabo nesciunt. Omnis eum modi sunt unde voluptate deleniti. Unde laudantium aliquid quae rerum.', 826, 'Yostfurt', '24380-2475', 0, 0, '2021-01-20 15:16:33', '0000-00-00 00:00:00'),
(4, 50, 1, '[\"https:\\/\\/images.pexels.com\\/photos\\/821652\\/pexels-photo-821652.jpeg\",\"https:\\/\\/images.pexels.com\\/photos\\/1388947\\/technology-telephone-mobile-smart-1388947.jpeg\",\"https:\\/\\/images.pexels.com\\/photos\\/719399\\/pexels-photo-719399.jpeg\",\"https:\\/\\/images.pexels.com\\/photos\\/5053740\\/pexels-photo-5053740.jpeg\"]', 'https://images.pexels.com/photos/719399/pexels-photo-719399.jpeg', 0, 'Super titre 3', 'Sed harum et quasi id. Fuga quos eaque sequi minus non et in. Aut culpa nisi doloribus voluptas minus ab. Quia voluptatibus totam repellat error commodi.', 236, 'Naderside', '30167-7040', 0, 0, '2021-01-20 15:16:33', '0000-00-00 00:00:00'),
(5, 68, 1, '[\"https:\\/\\/images.pexels.com\\/photos\\/821652\\/pexels-photo-821652.jpeg\",\"https:\\/\\/images.pexels.com\\/photos\\/1388947\\/technology-telephone-mobile-smart-1388947.jpeg\",\"https:\\/\\/images.pexels.com\\/photos\\/719399\\/pexels-photo-719399.jpeg\",\"https:\\/\\/images.pexels.com\\/photos\\/5053740\\/pexels-photo-5053740.jpeg\"]', 'https://images.pexels.com/photos/719399/pexels-photo-719399.jpeg', 0, 'Super titre 4', 'Et aliquam magni molestiae dicta. Totam error corrupti iusto harum id. Veniam maxime cumque dolorem. Omnis sed laboriosam mollitia amet. Optio ex error accusantium rerum.', 231, 'West Monique', '16919', 0, 0, '2021-01-20 15:16:33', '0000-00-00 00:00:00'),
(6, 7, 2, '[\"https:\\/\\/images.pexels.com\\/photos\\/821652\\/pexels-photo-821652.jpeg\",\"https:\\/\\/images.pexels.com\\/photos\\/1388947\\/technology-telephone-mobile-smart-1388947.jpeg\",\"https:\\/\\/images.pexels.com\\/photos\\/719399\\/pexels-photo-719399.jpeg\",\"https:\\/\\/images.pexels.com\\/photos\\/5053740\\/pexels-photo-5053740.jpeg\"]', 'https://images.pexels.com/photos/719399/pexels-photo-719399.jpeg', 0, 'Super titre 5', 'Saepe sapiente debitis beatae rerum quod a et. Ut voluptatem inventore blanditiis nostrum quibusdam nostrum. Ut voluptatem nobis excepturi magni ut.', 549, 'Emersonchester', '61288-0353', 0, 0, '2021-01-20 15:16:33', '0000-00-00 00:00:00'),
(7, 72, 1, '[\"https:\\/\\/images.pexels.com\\/photos\\/821652\\/pexels-photo-821652.jpeg\",\"https:\\/\\/images.pexels.com\\/photos\\/1388947\\/technology-telephone-mobile-smart-1388947.jpeg\",\"https:\\/\\/images.pexels.com\\/photos\\/719399\\/pexels-photo-719399.jpeg\",\"https:\\/\\/images.pexels.com\\/photos\\/5053740\\/pexels-photo-5053740.jpeg\"]', 'https://images.pexels.com/photos/821652/pexels-photo-821652.jpeg', 0, 'Super titre 6', 'Ut provident et totam quia et. Distinctio dolorum rerum natus et exercitationem voluptatem provident. Fuga adipisci voluptatum dignissimos eveniet illum.', 980, 'Quitzonland', '89709', 0, 0, '2021-01-20 15:16:33', '0000-00-00 00:00:00'),
(9, 3, 1, '[\"https:\\/\\/images.pexels.com\\/photos\\/821652\\/pexels-photo-821652.jpeg\",\"https:\\/\\/images.pexels.com\\/photos\\/1388947\\/technology-telephone-mobile-smart-1388947.jpeg\",\"https:\\/\\/images.pexels.com\\/photos\\/719399\\/pexels-photo-719399.jpeg\",\"https:\\/\\/images.pexels.com\\/photos\\/5053740\\/pexels-photo-5053740.jpeg\"]', 'https://images.pexels.com/photos/5053740/pexels-photo-5053740.jpeg', 0, 'Super titre 8', 'Non iusto consequatur odio harum. Rerum dolorem et omnis explicabo optio. Nihil neque ipsa repellendus ad est cupiditate.', 733, 'Julianaview', '57256-6125', 0, 0, '2021-01-20 15:16:34', '2021-01-23 09:18:34'),
(10, 7, 1, '[\"https:\\/\\/images.pexels.com\\/photos\\/821652\\/pexels-photo-821652.jpeg\",\"https:\\/\\/images.pexels.com\\/photos\\/1388947\\/technology-telephone-mobile-smart-1388947.jpeg\",\"https:\\/\\/images.pexels.com\\/photos\\/719399\\/pexels-photo-719399.jpeg\",\"https:\\/\\/images.pexels.com\\/photos\\/5053740\\/pexels-photo-5053740.jpeg\"]', 'https://images.pexels.com/photos/821652/pexels-photo-821652.jpeg', 0, 'Super titre 9', 'Illum saepe officia numquam quisquam molestiae a. Quia reiciendis voluptatem sit dolorum doloremque mollitia qui. Perferendis qui delectus eos.', 369, 'South Vern', '68159', 0, 0, '2021-01-20 15:16:34', '0000-00-00 00:00:00'),
(11, 1, 2, '[\"https:\\/\\/images.pexels.com\\/photos\\/821652\\/pexels-photo-821652.jpeg\",\"https:\\/\\/images.pexels.com\\/photos\\/1388947\\/technology-telephone-mobile-smart-1388947.jpeg\",\"https:\\/\\/images.pexels.com\\/photos\\/719399\\/pexels-photo-719399.jpeg\",\"https:\\/\\/images.pexels.com\\/photos\\/5053740\\/pexels-photo-5053740.jpeg\"]', 'https://images.pexels.com/photos/821652/pexels-photo-821652.jpeg', 0, 'Super titre 10', 'Ratione temporibus porro in praesentium sit eum suscipit. Iure cupiditate eveniet temporibus ea. Vero ipsum ut similique autem in ut modi.', 89, 'Lake Erich', '65718-7774', 0, 0, '2021-01-20 15:16:34', '0000-00-00 00:00:00'),
(12, 64, 2, '[\"https:\\/\\/images.pexels.com\\/photos\\/821652\\/pexels-photo-821652.jpeg\",\"https:\\/\\/images.pexels.com\\/photos\\/1388947\\/technology-telephone-mobile-smart-1388947.jpeg\",\"https:\\/\\/images.pexels.com\\/photos\\/719399\\/pexels-photo-719399.jpeg\",\"https:\\/\\/images.pexels.com\\/photos\\/5053740\\/pexels-photo-5053740.jpeg\"]', 'https://images.pexels.com/photos/821652/pexels-photo-821652.jpeg', 0, 'Super titre 11', 'Quaerat distinctio optio qui est accusantium doloremque rerum. Voluptatibus et et recusandae assumenda. Et ad minima repudiandae est. Distinctio rerum adipisci cumque est deleniti eos.', 646, 'North Annalise', '39317', 0, 0, '2021-01-20 15:16:34', '0000-00-00 00:00:00'),
(13, 31, 3, '[\"https:\\/\\/images.pexels.com\\/photos\\/821652\\/pexels-photo-821652.jpeg\",\"https:\\/\\/images.pexels.com\\/photos\\/1388947\\/technology-telephone-mobile-smart-1388947.jpeg\",\"https:\\/\\/images.pexels.com\\/photos\\/719399\\/pexels-photo-719399.jpeg\",\"https:\\/\\/images.pexels.com\\/photos\\/5053740\\/pexels-photo-5053740.jpeg\"]', 'https://images.pexels.com/photos/821652/pexels-photo-821652.jpeg', 0, 'Super titre 12', 'Et et rerum qui ab et asperiores ullam. Aut eum dolor pariatur debitis tempora et esse. Provident quas deserunt dolores aperiam recusandae quam. Autem officia fugit deleniti recusandae et.', 931, 'Gutkowskiburgh', '28082-8068', 0, 0, '2021-01-20 15:16:34', '0000-00-00 00:00:00'),
(14, 11, 2, '[\"https:\\/\\/images.pexels.com\\/photos\\/821652\\/pexels-photo-821652.jpeg\",\"https:\\/\\/images.pexels.com\\/photos\\/1388947\\/technology-telephone-mobile-smart-1388947.jpeg\",\"https:\\/\\/images.pexels.com\\/photos\\/719399\\/pexels-photo-719399.jpeg\",\"https:\\/\\/images.pexels.com\\/photos\\/5053740\\/pexels-photo-5053740.jpeg\"]', 'https://images.pexels.com/photos/719399/pexels-photo-719399.jpeg', 0, 'Super titre 13', 'Consequatur velit velit voluptatem quam magni dicta. Asperiores tempora autem exercitationem eligendi et quia vel soluta. Aliquam non atque non fugit quae. Culpa molestias voluptatum distinctio.', 543, 'South Priscilla', '05393', 0, 0, '2021-01-20 15:16:34', '0000-00-00 00:00:00'),
(15, 80, 1, '[\"https:\\/\\/images.pexels.com\\/photos\\/821652\\/pexels-photo-821652.jpeg\",\"https:\\/\\/images.pexels.com\\/photos\\/1388947\\/technology-telephone-mobile-smart-1388947.jpeg\",\"https:\\/\\/images.pexels.com\\/photos\\/719399\\/pexels-photo-719399.jpeg\",\"https:\\/\\/images.pexels.com\\/photos\\/5053740\\/pexels-photo-5053740.jpeg\"]', 'https://images.pexels.com/photos/5053740/pexels-photo-5053740.jpeg', 0, 'Super titre 14', 'Quis quo repellat qui ab. Voluptatem commodi rerum voluptatem commodi omnis iure alias sed. Ab natus omnis optio aut possimus saepe molestiae. Possimus veritatis cum quia vel.', 416, 'Stoltenbergside', '57769-7835', 0, 0, '2021-01-20 15:16:34', '0000-00-00 00:00:00'),
(16, 14, 2, '[\"https:\\/\\/images.pexels.com\\/photos\\/821652\\/pexels-photo-821652.jpeg\",\"https:\\/\\/images.pexels.com\\/photos\\/1388947\\/technology-telephone-mobile-smart-1388947.jpeg\",\"https:\\/\\/images.pexels.com\\/photos\\/719399\\/pexels-photo-719399.jpeg\",\"https:\\/\\/images.pexels.com\\/photos\\/5053740\\/pexels-photo-5053740.jpeg\"]', 'https://images.pexels.com/photos/821652/pexels-photo-821652.jpeg', 0, 'Super titre 15', 'Facere et et eligendi dolores eaque doloribus sed. Hic dolorem illum veniam dolorem quibusdam vitae. Incidunt repudiandae aut sequi et aut.', 173, 'South Myleschester', '31796-4955', 0, 0, '2021-01-20 15:16:34', '0000-00-00 00:00:00'),
(17, 67, 1, '[\"https:\\/\\/images.pexels.com\\/photos\\/821652\\/pexels-photo-821652.jpeg\",\"https:\\/\\/images.pexels.com\\/photos\\/1388947\\/technology-telephone-mobile-smart-1388947.jpeg\",\"https:\\/\\/images.pexels.com\\/photos\\/719399\\/pexels-photo-719399.jpeg\",\"https:\\/\\/images.pexels.com\\/photos\\/5053740\\/pexels-photo-5053740.jpeg\"]', 'https://images.pexels.com/photos/5053740/pexels-photo-5053740.jpeg', 0, 'Super titre 16', 'Eligendi placeat quo suscipit voluptatem. Dolor error laudantium necessitatibus. Voluptates voluptas inventore odio amet voluptate.', 994, 'Farrellview', '50528-5382', 0, 0, '2021-01-20 15:16:34', '0000-00-00 00:00:00'),
(18, 2, 1, '[\"https:\\/\\/images.pexels.com\\/photos\\/821652\\/pexels-photo-821652.jpeg\",\"https:\\/\\/images.pexels.com\\/photos\\/1388947\\/technology-telephone-mobile-smart-1388947.jpeg\",\"https:\\/\\/images.pexels.com\\/photos\\/719399\\/pexels-photo-719399.jpeg\",\"https:\\/\\/images.pexels.com\\/photos\\/5053740\\/pexels-photo-5053740.jpeg\"]', 'https://images.pexels.com/photos/719399/pexels-photo-719399.jpeg', 0, 'Super titre 17', 'Porro et sunt quis similique aliquam. Excepturi facere earum harum voluptatem ad quas non. Eum quidem aperiam tempora animi aut rem voluptatem. Veniam excepturi qui et velit rerum.', 229, 'Marcellaland', '96419-2490', 0, 0, '2021-01-20 15:16:34', '0000-00-00 00:00:00'),
(19, 46, 3, '[\"https:\\/\\/images.pexels.com\\/photos\\/821652\\/pexels-photo-821652.jpeg\",\"https:\\/\\/images.pexels.com\\/photos\\/1388947\\/technology-telephone-mobile-smart-1388947.jpeg\",\"https:\\/\\/images.pexels.com\\/photos\\/719399\\/pexels-photo-719399.jpeg\",\"https:\\/\\/images.pexels.com\\/photos\\/5053740\\/pexels-photo-5053740.jpeg\"]', 'https://images.pexels.com/photos/5053740/pexels-photo-5053740.jpeg', 0, 'Super titre 18', 'Quam laudantium occaecati et ratione aliquid nobis. Dolorem ut quis possimus eius. Ut in quos qui debitis ut ipsam necessitatibus. Veritatis quam quia assumenda.', 481, 'East Doriantown', '18522-8053', 0, 0, '2021-01-20 15:16:34', '0000-00-00 00:00:00'),
(20, 1, 1, '[\"https:\\/\\/images.pexels.com\\/photos\\/821652\\/pexels-photo-821652.jpeg\",\"https:\\/\\/images.pexels.com\\/photos\\/1388947\\/technology-telephone-mobile-smart-1388947.jpeg\",\"https:\\/\\/images.pexels.com\\/photos\\/719399\\/pexels-photo-719399.jpeg\",\"https:\\/\\/images.pexels.com\\/photos\\/5053740\\/pexels-photo-5053740.jpeg\"]', 'https://images.pexels.com/photos/719399/pexels-photo-719399.jpeg', 0, 'Super titre 19', 'Deserunt nisi voluptatum enim ipsam id dolor. Non dignissimos excepturi blanditiis voluptates id. Explicabo distinctio quia possimus eum autem et mollitia. Quis ea amet libero quis.', 719, 'New Genevieve', '13048', 0, 0, '2021-01-20 15:16:34', '0000-00-00 00:00:00'),
(23, 64, 3, '[\"https:\\/\\/images.pexels.com\\/photos\\/821652\\/pexels-photo-821652.jpeg\",\"https:\\/\\/images.pexels.com\\/photos\\/1388947\\/technology-telephone-mobile-smart-1388947.jpeg\",\"https:\\/\\/images.pexels.com\\/photos\\/719399\\/pexels-photo-719399.jpeg\",\"https:\\/\\/images.pexels.com\\/photos\\/5053740\\/pexels-photo-5053740.jpeg\"]', 'https://images.pexels.com/photos/5053740/pexels-photo-5053740.jpeg', 0, 'Super titre 22', 'Ullam dicta consequatur harum et quasi rerum ab illum. Nihil fuga voluptas quidem nobis ea qui dicta. Harum facere voluptatem dolor et laboriosam.', 925, 'Gislasonchester', '36789-8136', 0, 0, '2021-01-20 15:16:34', '0000-00-00 00:00:00'),
(24, 90, 3, '[\"https:\\/\\/images.pexels.com\\/photos\\/821652\\/pexels-photo-821652.jpeg\",\"https:\\/\\/images.pexels.com\\/photos\\/1388947\\/technology-telephone-mobile-smart-1388947.jpeg\",\"https:\\/\\/images.pexels.com\\/photos\\/719399\\/pexels-photo-719399.jpeg\",\"https:\\/\\/images.pexels.com\\/photos\\/5053740\\/pexels-photo-5053740.jpeg\"]', 'https://images.pexels.com/photos/719399/pexels-photo-719399.jpeg', 0, 'Super titre 23', 'Rerum dolore iure deleniti quis totam suscipit. Sed eum temporibus eius perspiciatis. Quia est et aut voluptatem et minus cumque. Eos eum sit ducimus aut.', 159, 'Paulafurt', '21682-0437', 0, 0, '2021-01-20 15:16:34', '0000-00-00 00:00:00'),
(26, 30, 1, '[\"https:\\/\\/images.pexels.com\\/photos\\/821652\\/pexels-photo-821652.jpeg\",\"https:\\/\\/images.pexels.com\\/photos\\/1388947\\/technology-telephone-mobile-smart-1388947.jpeg\",\"https:\\/\\/images.pexels.com\\/photos\\/719399\\/pexels-photo-719399.jpeg\",\"https:\\/\\/images.pexels.com\\/photos\\/5053740\\/pexels-photo-5053740.jpeg\"]', 'https://images.pexels.com/photos/821652/pexels-photo-821652.jpeg', 0, 'Super titre 25', 'Numquam temporibus molestiae iure qui. Minima accusantium est nesciunt natus optio debitis. Itaque culpa commodi eum in nostrum laborum dolorum. Soluta assumenda occaecati qui est omnis.', 912, 'Port Kamron', '65274-5322', 0, 0, '2021-01-20 15:16:34', '0000-00-00 00:00:00'),
(27, 89, 3, '[\"https:\\/\\/images.pexels.com\\/photos\\/821652\\/pexels-photo-821652.jpeg\",\"https:\\/\\/images.pexels.com\\/photos\\/1388947\\/technology-telephone-mobile-smart-1388947.jpeg\",\"https:\\/\\/images.pexels.com\\/photos\\/719399\\/pexels-photo-719399.jpeg\",\"https:\\/\\/images.pexels.com\\/photos\\/5053740\\/pexels-photo-5053740.jpeg\"]', 'https://images.pexels.com/photos/5053740/pexels-photo-5053740.jpeg', 0, 'Super titre 26', 'Quo iusto excepturi culpa. Nesciunt ea illum odit sapiente reiciendis. Aperiam veniam eaque quo dolore corporis.', 366, 'Schmidtmouth', '71488-1858', 0, 0, '2021-01-20 15:16:34', '0000-00-00 00:00:00'),
(28, 48, 3, '[\"https:\\/\\/images.pexels.com\\/photos\\/821652\\/pexels-photo-821652.jpeg\",\"https:\\/\\/images.pexels.com\\/photos\\/1388947\\/technology-telephone-mobile-smart-1388947.jpeg\",\"https:\\/\\/images.pexels.com\\/photos\\/719399\\/pexels-photo-719399.jpeg\",\"https:\\/\\/images.pexels.com\\/photos\\/5053740\\/pexels-photo-5053740.jpeg\"]', 'https://images.pexels.com/photos/1388947/technology-telephone-mobile-smart-1388947.jpeg', 0, 'Super titre 27', 'Libero harum aut iure quia eos minima. Ad animi saepe illo voluptates repellendus aut quisquam. Omnis est enim inventore praesentium. Non voluptate doloremque sequi inventore ducimus aut.', 128, 'North Melodystad', '13856', 0, 0, '2021-01-20 15:16:34', '0000-00-00 00:00:00'),
(30, 45, 1, '[\"https:\\/\\/images.pexels.com\\/photos\\/821652\\/pexels-photo-821652.jpeg\",\"https:\\/\\/images.pexels.com\\/photos\\/1388947\\/technology-telephone-mobile-smart-1388947.jpeg\",\"https:\\/\\/images.pexels.com\\/photos\\/719399\\/pexels-photo-719399.jpeg\",\"https:\\/\\/images.pexels.com\\/photos\\/5053740\\/pexels-photo-5053740.jpeg\"]', 'https://images.pexels.com/photos/821652/pexels-photo-821652.jpeg', 0, 'Super titre 29', 'Quia blanditiis veniam quisquam quisquam qui. Architecto ea suscipit aut ut non provident aspernatur. Optio vero ex ipsam dolores excepturi aut. Facilis dolorem molestias et aut ipsum deleniti.', 85, 'Helmerville', '41874-5678', 0, 0, '2021-01-20 15:16:34', '0000-00-00 00:00:00'),
(31, 18, 2, '[\"https:\\/\\/images.pexels.com\\/photos\\/821652\\/pexels-photo-821652.jpeg\",\"https:\\/\\/images.pexels.com\\/photos\\/1388947\\/technology-telephone-mobile-smart-1388947.jpeg\",\"https:\\/\\/images.pexels.com\\/photos\\/719399\\/pexels-photo-719399.jpeg\",\"https:\\/\\/images.pexels.com\\/photos\\/5053740\\/pexels-photo-5053740.jpeg\"]', 'https://images.pexels.com/photos/5053740/pexels-photo-5053740.jpeg', 0, 'Super titre 30', 'Et consequuntur numquam reiciendis. Et eos voluptatibus sit blanditiis est.', 824, 'West Jarvis', '89357-4554', 0, 0, '2021-01-20 15:16:34', '0000-00-00 00:00:00'),
(32, 90, 2, '[\"https:\\/\\/images.pexels.com\\/photos\\/821652\\/pexels-photo-821652.jpeg\",\"https:\\/\\/images.pexels.com\\/photos\\/1388947\\/technology-telephone-mobile-smart-1388947.jpeg\",\"https:\\/\\/images.pexels.com\\/photos\\/719399\\/pexels-photo-719399.jpeg\",\"https:\\/\\/images.pexels.com\\/photos\\/5053740\\/pexels-photo-5053740.jpeg\"]', 'https://images.pexels.com/photos/1388947/technology-telephone-mobile-smart-1388947.jpeg', 0, 'Super titre 31', 'Laboriosam qui vel omnis eum voluptatem. Libero dolorem iusto qui quidem aut minima dolores. Autem quia vitae facilis voluptate vitae. Autem totam magni dolor dicta autem eaque.', 945, 'Doylemouth', '79879-1425', 0, 0, '2021-01-20 15:16:34', '0000-00-00 00:00:00'),
(33, 6, 1, '[\"https:\\/\\/images.pexels.com\\/photos\\/821652\\/pexels-photo-821652.jpeg\",\"https:\\/\\/images.pexels.com\\/photos\\/1388947\\/technology-telephone-mobile-smart-1388947.jpeg\",\"https:\\/\\/images.pexels.com\\/photos\\/719399\\/pexels-photo-719399.jpeg\",\"https:\\/\\/images.pexels.com\\/photos\\/5053740\\/pexels-photo-5053740.jpeg\"]', 'https://images.pexels.com/photos/5053740/pexels-photo-5053740.jpeg', 0, 'Super titre 32', 'Occaecati et a voluptatum doloribus. Consequatur quis ad sit quia non ea. Officiis doloremque possimus sed eveniet eius quis. Fugit quas repellat dolores assumenda.', 561, 'South Rowan', '56528-6245', 0, 0, '2021-01-20 15:16:34', '0000-00-00 00:00:00'),
(35, 12, 3, '[\"https:\\/\\/images.pexels.com\\/photos\\/821652\\/pexels-photo-821652.jpeg\",\"https:\\/\\/images.pexels.com\\/photos\\/1388947\\/technology-telephone-mobile-smart-1388947.jpeg\",\"https:\\/\\/images.pexels.com\\/photos\\/719399\\/pexels-photo-719399.jpeg\",\"https:\\/\\/images.pexels.com\\/photos\\/5053740\\/pexels-photo-5053740.jpeg\"]', 'https://images.pexels.com/photos/1388947/technology-telephone-mobile-smart-1388947.jpeg', 0, 'Super titre 34', 'Quaerat cumque voluptate quis facere. Rerum ea iste autem adipisci tempora earum adipisci. Iste eos quisquam magnam vel eaque culpa porro.', 587, 'North Emma', '87588', 0, 0, '2021-01-20 15:16:34', '0000-00-00 00:00:00'),
(36, 6, 1, '[\"https:\\/\\/images.pexels.com\\/photos\\/821652\\/pexels-photo-821652.jpeg\",\"https:\\/\\/images.pexels.com\\/photos\\/1388947\\/technology-telephone-mobile-smart-1388947.jpeg\",\"https:\\/\\/images.pexels.com\\/photos\\/719399\\/pexels-photo-719399.jpeg\",\"https:\\/\\/images.pexels.com\\/photos\\/5053740\\/pexels-photo-5053740.jpeg\"]', 'https://images.pexels.com/photos/5053740/pexels-photo-5053740.jpeg', 0, 'Super titre 35', 'Tempora ut rerum qui aspernatur. Omnis consequatur maiores tenetur excepturi eveniet alias eligendi. Facere porro dolorum provident dolores fuga reiciendis quis. Odio cumque sit ut rerum.', 685, 'West Elizaview', '30372', 0, 0, '2021-01-20 15:16:34', '0000-00-00 00:00:00'),
(37, 22, 2, '[\"https:\\/\\/images.pexels.com\\/photos\\/821652\\/pexels-photo-821652.jpeg\",\"https:\\/\\/images.pexels.com\\/photos\\/1388947\\/technology-telephone-mobile-smart-1388947.jpeg\",\"https:\\/\\/images.pexels.com\\/photos\\/719399\\/pexels-photo-719399.jpeg\",\"https:\\/\\/images.pexels.com\\/photos\\/5053740\\/pexels-photo-5053740.jpeg\"]', 'https://images.pexels.com/photos/1388947/technology-telephone-mobile-smart-1388947.jpeg', 0, 'Super titre 36', 'Aut aliquam et et animi. Officiis tempore aliquam explicabo dolores ipsam. Nisi explicabo velit ipsam vitae. Dolores et reprehenderit praesentium ad dolor aut et quam.', 788, 'Cormiermouth', '36465', 0, 0, '2021-01-20 15:16:34', '0000-00-00 00:00:00'),
(38, 73, 2, '[\"https:\\/\\/images.pexels.com\\/photos\\/821652\\/pexels-photo-821652.jpeg\",\"https:\\/\\/images.pexels.com\\/photos\\/1388947\\/technology-telephone-mobile-smart-1388947.jpeg\",\"https:\\/\\/images.pexels.com\\/photos\\/719399\\/pexels-photo-719399.jpeg\",\"https:\\/\\/images.pexels.com\\/photos\\/5053740\\/pexels-photo-5053740.jpeg\"]', 'https://images.pexels.com/photos/719399/pexels-photo-719399.jpeg', 0, 'Super titre 37', 'Amet nam at ea error molestiae. Fugit optio eum pariatur error. Dolores praesentium blanditiis ab et dolore sint. Necessitatibus dignissimos omnis et et odio magni culpa. Illum quia qui nemo quod.', 407, 'East Jackiemouth', '42652', 0, 0, '2021-01-20 15:16:34', '0000-00-00 00:00:00'),
(39, 35, 1, '[\"https:\\/\\/images.pexels.com\\/photos\\/821652\\/pexels-photo-821652.jpeg\",\"https:\\/\\/images.pexels.com\\/photos\\/1388947\\/technology-telephone-mobile-smart-1388947.jpeg\",\"https:\\/\\/images.pexels.com\\/photos\\/719399\\/pexels-photo-719399.jpeg\",\"https:\\/\\/images.pexels.com\\/photos\\/5053740\\/pexels-photo-5053740.jpeg\"]', 'https://images.pexels.com/photos/821652/pexels-photo-821652.jpeg', 0, 'Super titre 38', 'Rem ratione deserunt doloremque culpa a veritatis sit. Culpa error ut placeat non cupiditate. Quo voluptate voluptas enim. Est ea enim similique repellat veritatis quo.', 92, 'New Taylorland', '41328', 0, 0, '2021-01-20 15:16:34', '0000-00-00 00:00:00'),
(40, 45, 2, '[\"https:\\/\\/images.pexels.com\\/photos\\/821652\\/pexels-photo-821652.jpeg\",\"https:\\/\\/images.pexels.com\\/photos\\/1388947\\/technology-telephone-mobile-smart-1388947.jpeg\",\"https:\\/\\/images.pexels.com\\/photos\\/719399\\/pexels-photo-719399.jpeg\",\"https:\\/\\/images.pexels.com\\/photos\\/5053740\\/pexels-photo-5053740.jpeg\"]', 'https://images.pexels.com/photos/1388947/technology-telephone-mobile-smart-1388947.jpeg', 0, 'Super titre 39', 'Aspernatur nesciunt numquam impedit alias magnam. Est illum rem nostrum cupiditate. Est eum libero aut repellendus eius ab.', 595, 'Laurianeside', '84965-6303', 0, 0, '2021-01-20 15:16:34', '0000-00-00 00:00:00'),
(42, 87, 2, '[\"https:\\/\\/images.pexels.com\\/photos\\/821652\\/pexels-photo-821652.jpeg\",\"https:\\/\\/images.pexels.com\\/photos\\/1388947\\/technology-telephone-mobile-smart-1388947.jpeg\",\"https:\\/\\/images.pexels.com\\/photos\\/719399\\/pexels-photo-719399.jpeg\",\"https:\\/\\/images.pexels.com\\/photos\\/5053740\\/pexels-photo-5053740.jpeg\"]', 'https://images.pexels.com/photos/719399/pexels-photo-719399.jpeg', 0, 'Super titre 41', 'Ut eos saepe amet ratione accusantium. Aliquam deleniti necessitatibus totam placeat non exercitationem illo. Sunt dolore nam ipsa enim.', 879, 'North Brandonton', '19296-2578', 0, 0, '2021-01-20 15:16:34', '0000-00-00 00:00:00'),
(44, 32, 3, '[\"https:\\/\\/images.pexels.com\\/photos\\/821652\\/pexels-photo-821652.jpeg\",\"https:\\/\\/images.pexels.com\\/photos\\/1388947\\/technology-telephone-mobile-smart-1388947.jpeg\",\"https:\\/\\/images.pexels.com\\/photos\\/719399\\/pexels-photo-719399.jpeg\",\"https:\\/\\/images.pexels.com\\/photos\\/5053740\\/pexels-photo-5053740.jpeg\"]', 'https://images.pexels.com/photos/719399/pexels-photo-719399.jpeg', 0, 'Super titre 43', 'Consectetur suscipit rerum quas. Sit voluptates voluptates aliquam at. Eos voluptatem tenetur soluta nostrum ipsum tempore.', 139, 'Hayesstad', '28051', 0, 0, '2021-01-20 15:16:34', '0000-00-00 00:00:00'),
(45, 59, 1, '[\"https:\\/\\/images.pexels.com\\/photos\\/821652\\/pexels-photo-821652.jpeg\",\"https:\\/\\/images.pexels.com\\/photos\\/1388947\\/technology-telephone-mobile-smart-1388947.jpeg\",\"https:\\/\\/images.pexels.com\\/photos\\/719399\\/pexels-photo-719399.jpeg\",\"https:\\/\\/images.pexels.com\\/photos\\/5053740\\/pexels-photo-5053740.jpeg\"]', 'https://images.pexels.com/photos/5053740/pexels-photo-5053740.jpeg', 0, 'Super titre 44', 'Sapiente corporis occaecati est nesciunt natus dolor. Repellendus fugit mollitia et est ut id molestias vitae. Sit tenetur et modi et maiores.', 918, 'Gerholdstad', '91092-6932', 0, 0, '2021-01-20 15:16:34', '0000-00-00 00:00:00'),
(46, 39, 1, '[\"https:\\/\\/images.pexels.com\\/photos\\/821652\\/pexels-photo-821652.jpeg\",\"https:\\/\\/images.pexels.com\\/photos\\/1388947\\/technology-telephone-mobile-smart-1388947.jpeg\",\"https:\\/\\/images.pexels.com\\/photos\\/719399\\/pexels-photo-719399.jpeg\",\"https:\\/\\/images.pexels.com\\/photos\\/5053740\\/pexels-photo-5053740.jpeg\"]', 'https://images.pexels.com/photos/719399/pexels-photo-719399.jpeg', 0, 'Super titre 45', 'Sint ex voluptatum saepe sed. Nam voluptatum ducimus dolore voluptatibus et. Nobis accusamus non nulla iure et dicta rerum.', 494, 'West Hazelside', '12490', 0, 0, '2021-01-20 15:16:34', '0000-00-00 00:00:00'),
(47, 69, 3, '[\"https:\\/\\/images.pexels.com\\/photos\\/821652\\/pexels-photo-821652.jpeg\",\"https:\\/\\/images.pexels.com\\/photos\\/1388947\\/technology-telephone-mobile-smart-1388947.jpeg\",\"https:\\/\\/images.pexels.com\\/photos\\/719399\\/pexels-photo-719399.jpeg\",\"https:\\/\\/images.pexels.com\\/photos\\/5053740\\/pexels-photo-5053740.jpeg\"]', 'https://images.pexels.com/photos/1388947/technology-telephone-mobile-smart-1388947.jpeg', 0, 'Super titre 46', 'Ducimus omnis aut eum unde ipsum ratione excepturi iusto. Cumque enim recusandae praesentium et. Quam fugit sequi quo cum. Maiores aut quod ratione.', 746, 'Claudemouth', '29739', 0, 0, '2021-01-20 15:16:34', '0000-00-00 00:00:00'),
(48, 4, 1, '[\"https:\\/\\/images.pexels.com\\/photos\\/821652\\/pexels-photo-821652.jpeg\",\"https:\\/\\/images.pexels.com\\/photos\\/1388947\\/technology-telephone-mobile-smart-1388947.jpeg\",\"https:\\/\\/images.pexels.com\\/photos\\/719399\\/pexels-photo-719399.jpeg\",\"https:\\/\\/images.pexels.com\\/photos\\/5053740\\/pexels-photo-5053740.jpeg\"]', 'https://images.pexels.com/photos/719399/pexels-photo-719399.jpeg', 0, 'Super titre 47', 'Eum est dignissimos quisquam autem rem ex iure illum. Nisi sint repellat laboriosam quaerat nesciunt vero ea necessitatibus. Rerum iure eligendi fugit magnam et.', 691, 'Lake Fredrickmouth', '53448-0279', 0, 0, '2021-01-20 15:16:34', '0000-00-00 00:00:00'),
(49, 49, 2, '[\"https:\\/\\/images.pexels.com\\/photos\\/821652\\/pexels-photo-821652.jpeg\",\"https:\\/\\/images.pexels.com\\/photos\\/1388947\\/technology-telephone-mobile-smart-1388947.jpeg\",\"https:\\/\\/images.pexels.com\\/photos\\/719399\\/pexels-photo-719399.jpeg\",\"https:\\/\\/images.pexels.com\\/photos\\/5053740\\/pexels-photo-5053740.jpeg\"]', 'https://images.pexels.com/photos/1388947/technology-telephone-mobile-smart-1388947.jpeg', 0, 'Super titre 48', 'Veritatis quia aliquid ullam voluptates ut. Non commodi sed labore inventore nemo qui illum. Ut ut accusamus explicabo totam omnis qui harum.', 314, 'North Wilmerborough', '35507', 0, 0, '2021-01-20 15:16:34', '0000-00-00 00:00:00'),
(50, 25, 3, '[\"https:\\/\\/images.pexels.com\\/photos\\/821652\\/pexels-photo-821652.jpeg\",\"https:\\/\\/images.pexels.com\\/photos\\/1388947\\/technology-telephone-mobile-smart-1388947.jpeg\",\"https:\\/\\/images.pexels.com\\/photos\\/719399\\/pexels-photo-719399.jpeg\",\"https:\\/\\/images.pexels.com\\/photos\\/5053740\\/pexels-photo-5053740.jpeg\"]', 'https://images.pexels.com/photos/1388947/technology-telephone-mobile-smart-1388947.jpeg', 0, 'Super titre 49', 'Id provident nemo labore et. Facere voluptas repellendus architecto eligendi et nesciunt rerum. Iure eius dolorum possimus ea ut ad accusantium. Sint ea fuga et et exercitationem.', 176, 'Windlerhaven', '57335', 0, 0, '2021-01-20 15:16:34', '0000-00-00 00:00:00'),
(51, 96, 1, '[\"https:\\/\\/images.pexels.com\\/photos\\/821652\\/pexels-photo-821652.jpeg\",\"https:\\/\\/images.pexels.com\\/photos\\/1388947\\/technology-telephone-mobile-smart-1388947.jpeg\",\"https:\\/\\/images.pexels.com\\/photos\\/719399\\/pexels-photo-719399.jpeg\",\"https:\\/\\/images.pexels.com\\/photos\\/5053740\\/pexels-photo-5053740.jpeg\"]', 'https://images.pexels.com/photos/719399/pexels-photo-719399.jpeg', 0, 'Super titre 50', 'Sunt tempora esse laboriosam inventore voluptas molestiae aut. Tenetur labore nisi laborum natus sint corrupti officia enim. Odit assumenda qui expedita deleniti.', 488, 'Cesartown', '32714-9011', 0, 0, '2021-01-20 15:16:34', '0000-00-00 00:00:00'),
(52, 74, 3, '[\"https:\\/\\/images.pexels.com\\/photos\\/821652\\/pexels-photo-821652.jpeg\",\"https:\\/\\/images.pexels.com\\/photos\\/1388947\\/technology-telephone-mobile-smart-1388947.jpeg\",\"https:\\/\\/images.pexels.com\\/photos\\/719399\\/pexels-photo-719399.jpeg\",\"https:\\/\\/images.pexels.com\\/photos\\/5053740\\/pexels-photo-5053740.jpeg\"]', 'https://images.pexels.com/photos/719399/pexels-photo-719399.jpeg', 0, 'Super titre 51', 'Sunt neque molestiae rem nemo nisi est. Eos placeat quo ut error. Voluptas iure ipsam temporibus. Ut eveniet quia pariatur quisquam excepturi.', 92, 'Blandaton', '24362-6414', 0, 0, '2021-01-20 15:16:34', '0000-00-00 00:00:00'),
(53, 43, 1, '[\"https:\\/\\/images.pexels.com\\/photos\\/821652\\/pexels-photo-821652.jpeg\",\"https:\\/\\/images.pexels.com\\/photos\\/1388947\\/technology-telephone-mobile-smart-1388947.jpeg\",\"https:\\/\\/images.pexels.com\\/photos\\/719399\\/pexels-photo-719399.jpeg\",\"https:\\/\\/images.pexels.com\\/photos\\/5053740\\/pexels-photo-5053740.jpeg\"]', 'https://images.pexels.com/photos/719399/pexels-photo-719399.jpeg', 0, 'Super titre 52', 'Veritatis hic ratione culpa autem facere neque reprehenderit. Alias adipisci sit corporis eligendi sed harum. Nulla laboriosam facere quo est excepturi.', 197, 'North Garrisonbury', '05711', 0, 0, '2021-01-20 15:16:34', '0000-00-00 00:00:00'),
(54, 52, 1, '[\"https:\\/\\/images.pexels.com\\/photos\\/821652\\/pexels-photo-821652.jpeg\",\"https:\\/\\/images.pexels.com\\/photos\\/1388947\\/technology-telephone-mobile-smart-1388947.jpeg\",\"https:\\/\\/images.pexels.com\\/photos\\/719399\\/pexels-photo-719399.jpeg\",\"https:\\/\\/images.pexels.com\\/photos\\/5053740\\/pexels-photo-5053740.jpeg\"]', 'https://images.pexels.com/photos/1388947/technology-telephone-mobile-smart-1388947.jpeg', 0, 'Super titre 53', 'Omnis sed iusto reprehenderit asperiores veritatis. Ipsa eos quam et sunt. Eos eveniet iusto repellendus nulla officia dolore.', 573, 'South Baileyland', '02880-3676', 0, 0, '2021-01-20 15:16:34', '0000-00-00 00:00:00'),
(55, 100, 2, '[\"https:\\/\\/images.pexels.com\\/photos\\/821652\\/pexels-photo-821652.jpeg\",\"https:\\/\\/images.pexels.com\\/photos\\/1388947\\/technology-telephone-mobile-smart-1388947.jpeg\",\"https:\\/\\/images.pexels.com\\/photos\\/719399\\/pexels-photo-719399.jpeg\",\"https:\\/\\/images.pexels.com\\/photos\\/5053740\\/pexels-photo-5053740.jpeg\"]', 'https://images.pexels.com/photos/5053740/pexels-photo-5053740.jpeg', 0, 'Super titre 54', 'Voluptatem et animi aut illo cupiditate optio quod. Magnam animi modi explicabo laudantium animi doloremque vitae. Tempore accusamus facilis odio ad in. Corrupti unde aperiam quibusdam.', 380, 'Delphiashire', '02081', 0, 0, '2021-01-20 15:16:34', '0000-00-00 00:00:00'),
(56, 14, 2, '[\"https:\\/\\/images.pexels.com\\/photos\\/821652\\/pexels-photo-821652.jpeg\",\"https:\\/\\/images.pexels.com\\/photos\\/1388947\\/technology-telephone-mobile-smart-1388947.jpeg\",\"https:\\/\\/images.pexels.com\\/photos\\/719399\\/pexels-photo-719399.jpeg\",\"https:\\/\\/images.pexels.com\\/photos\\/5053740\\/pexels-photo-5053740.jpeg\"]', 'https://images.pexels.com/photos/5053740/pexels-photo-5053740.jpeg', 0, 'Super titre 55', 'Eos eum nostrum impedit dignissimos. Vel quod sint quidem ullam alias. Dolorem tempora provident sunt ad quisquam fugiat soluta.', 11, 'Haleyhaven', '17978', 0, 0, '2021-01-20 15:16:34', '0000-00-00 00:00:00'),
(57, 84, 3, '[\"https:\\/\\/images.pexels.com\\/photos\\/821652\\/pexels-photo-821652.jpeg\",\"https:\\/\\/images.pexels.com\\/photos\\/1388947\\/technology-telephone-mobile-smart-1388947.jpeg\",\"https:\\/\\/images.pexels.com\\/photos\\/719399\\/pexels-photo-719399.jpeg\",\"https:\\/\\/images.pexels.com\\/photos\\/5053740\\/pexels-photo-5053740.jpeg\"]', 'https://images.pexels.com/photos/719399/pexels-photo-719399.jpeg', 0, 'Super titre 56', 'Et voluptas sunt aut vel. Pariatur eaque fuga sed. Mollitia esse est repellendus est quaerat ut.', 598, 'Kesslerfurt', '51360', 0, 0, '2021-01-20 15:16:34', '0000-00-00 00:00:00'),
(58, 6, 1, '[\"https:\\/\\/images.pexels.com\\/photos\\/821652\\/pexels-photo-821652.jpeg\",\"https:\\/\\/images.pexels.com\\/photos\\/1388947\\/technology-telephone-mobile-smart-1388947.jpeg\",\"https:\\/\\/images.pexels.com\\/photos\\/719399\\/pexels-photo-719399.jpeg\",\"https:\\/\\/images.pexels.com\\/photos\\/5053740\\/pexels-photo-5053740.jpeg\"]', 'https://images.pexels.com/photos/719399/pexels-photo-719399.jpeg', 0, 'Super titre 57', 'Consequatur architecto delectus alias placeat aut incidunt est reiciendis. Quaerat cumque vel quas asperiores et culpa voluptatem. Sint ipsum facilis vero ducimus quos cum. Id assumenda nam quod.', 159, 'Ashleighport', '60029-4464', 0, 0, '2021-01-20 15:16:34', '0000-00-00 00:00:00'),
(59, 99, 3, '[\"https:\\/\\/images.pexels.com\\/photos\\/821652\\/pexels-photo-821652.jpeg\",\"https:\\/\\/images.pexels.com\\/photos\\/1388947\\/technology-telephone-mobile-smart-1388947.jpeg\",\"https:\\/\\/images.pexels.com\\/photos\\/719399\\/pexels-photo-719399.jpeg\",\"https:\\/\\/images.pexels.com\\/photos\\/5053740\\/pexels-photo-5053740.jpeg\"]', 'https://images.pexels.com/photos/719399/pexels-photo-719399.jpeg', 0, 'Super titre 58', 'Quasi quos sunt rem hic iusto at. Tempora odio quod nulla odio illum. Molestiae nulla labore consequatur cupiditate. Tempora corrupti delectus nostrum cumque et sed.', 811, 'Paolomouth', '15315-2348', 0, 0, '2021-01-20 15:16:34', '0000-00-00 00:00:00'),
(61, 16, 3, '[\"https:\\/\\/images.pexels.com\\/photos\\/821652\\/pexels-photo-821652.jpeg\",\"https:\\/\\/images.pexels.com\\/photos\\/1388947\\/technology-telephone-mobile-smart-1388947.jpeg\",\"https:\\/\\/images.pexels.com\\/photos\\/719399\\/pexels-photo-719399.jpeg\",\"https:\\/\\/images.pexels.com\\/photos\\/5053740\\/pexels-photo-5053740.jpeg\"]', 'https://images.pexels.com/photos/821652/pexels-photo-821652.jpeg', 0, 'Super titre 60', 'Sint quam et laborum esse facere vel quis. Quis voluptatem voluptatem id qui ipsa aut. Vel eius omnis ab neque impedit deleniti vel.', 852, 'Augustabury', '39476', 0, 0, '2021-01-20 15:16:34', '0000-00-00 00:00:00'),
(62, 2, 3, '[\"https:\\/\\/images.pexels.com\\/photos\\/821652\\/pexels-photo-821652.jpeg\",\"https:\\/\\/images.pexels.com\\/photos\\/1388947\\/technology-telephone-mobile-smart-1388947.jpeg\",\"https:\\/\\/images.pexels.com\\/photos\\/719399\\/pexels-photo-719399.jpeg\",\"https:\\/\\/images.pexels.com\\/photos\\/5053740\\/pexels-photo-5053740.jpeg\"]', 'https://images.pexels.com/photos/5053740/pexels-photo-5053740.jpeg', 0, 'Super titre 61', 'Culpa enim aut consequatur nobis. Quas eius voluptatibus ut quibusdam. Sint tempore est autem est asperiores deleniti iste labore. Eum nisi quia nulla esse. Quo ut totam quis repudiandae aliquam ut.', 982, 'Brownside', '66960', 0, 0, '2021-01-20 15:16:34', '0000-00-00 00:00:00'),
(63, 99, 2, '[\"https:\\/\\/images.pexels.com\\/photos\\/821652\\/pexels-photo-821652.jpeg\",\"https:\\/\\/images.pexels.com\\/photos\\/1388947\\/technology-telephone-mobile-smart-1388947.jpeg\",\"https:\\/\\/images.pexels.com\\/photos\\/719399\\/pexels-photo-719399.jpeg\",\"https:\\/\\/images.pexels.com\\/photos\\/5053740\\/pexels-photo-5053740.jpeg\"]', 'https://images.pexels.com/photos/821652/pexels-photo-821652.jpeg', 0, 'Super titre 62', 'Explicabo itaque velit voluptas ducimus quos aut et rerum. Earum architecto voluptatem quo ullam non nulla. Ab consequatur ad vel maiores itaque perspiciatis non.', 664, 'North Alecberg', '15489', 0, 0, '2021-01-20 15:16:34', '0000-00-00 00:00:00'),
(64, 61, 3, '[\"https:\\/\\/images.pexels.com\\/photos\\/821652\\/pexels-photo-821652.jpeg\",\"https:\\/\\/images.pexels.com\\/photos\\/1388947\\/technology-telephone-mobile-smart-1388947.jpeg\",\"https:\\/\\/images.pexels.com\\/photos\\/719399\\/pexels-photo-719399.jpeg\",\"https:\\/\\/images.pexels.com\\/photos\\/5053740\\/pexels-photo-5053740.jpeg\"]', 'https://images.pexels.com/photos/719399/pexels-photo-719399.jpeg', 0, 'Super titre 63', 'Necessitatibus dolorem est eum voluptas quis ad. Vel et voluptatem quae omnis aut. Sit reiciendis similique qui molestiae amet. Aut iusto repudiandae dolorem sequi consequatur id exercitationem.', 490, 'Dangeloville', '47945', 0, 0, '2021-01-20 15:16:34', '0000-00-00 00:00:00'),
(65, 37, 3, '[\"https:\\/\\/images.pexels.com\\/photos\\/821652\\/pexels-photo-821652.jpeg\",\"https:\\/\\/images.pexels.com\\/photos\\/1388947\\/technology-telephone-mobile-smart-1388947.jpeg\",\"https:\\/\\/images.pexels.com\\/photos\\/719399\\/pexels-photo-719399.jpeg\",\"https:\\/\\/images.pexels.com\\/photos\\/5053740\\/pexels-photo-5053740.jpeg\"]', 'https://images.pexels.com/photos/821652/pexels-photo-821652.jpeg', 0, 'Super titre 64', 'Praesentium modi sed tempore voluptates temporibus expedita animi animi. Omnis nihil voluptate suscipit ad repellat cum. Alias doloremque fugit incidunt qui. Perspiciatis corporis qui aliquam id.', 128, 'Tayaview', '97339', 0, 0, '2021-01-20 15:16:34', '0000-00-00 00:00:00'),
(66, 19, 2, '[\"https:\\/\\/images.pexels.com\\/photos\\/821652\\/pexels-photo-821652.jpeg\",\"https:\\/\\/images.pexels.com\\/photos\\/1388947\\/technology-telephone-mobile-smart-1388947.jpeg\",\"https:\\/\\/images.pexels.com\\/photos\\/719399\\/pexels-photo-719399.jpeg\",\"https:\\/\\/images.pexels.com\\/photos\\/5053740\\/pexels-photo-5053740.jpeg\"]', 'https://images.pexels.com/photos/5053740/pexels-photo-5053740.jpeg', 0, 'Super titre 65', 'Qui illo delectus sint nemo ut earum. Ullam ut hic dolorum et totam error.', 996, 'Colleenbury', '58899-1868', 0, 0, '2021-01-20 15:16:34', '0000-00-00 00:00:00'),
(67, 2, 1, '[\"https:\\/\\/images.pexels.com\\/photos\\/821652\\/pexels-photo-821652.jpeg\",\"https:\\/\\/images.pexels.com\\/photos\\/1388947\\/technology-telephone-mobile-smart-1388947.jpeg\",\"https:\\/\\/images.pexels.com\\/photos\\/719399\\/pexels-photo-719399.jpeg\",\"https:\\/\\/images.pexels.com\\/photos\\/5053740\\/pexels-photo-5053740.jpeg\"]', 'https://images.pexels.com/photos/5053740/pexels-photo-5053740.jpeg', 0, 'Super titre 66', 'Sit tempore sequi harum natus. Animi et odit vero sunt in. Voluptatum facere aliquid quae sed quas.', 19, 'Jennyfermouth', '59717', 0, 0, '2021-01-20 15:16:34', '0000-00-00 00:00:00'),
(68, 42, 3, '[\"https:\\/\\/images.pexels.com\\/photos\\/821652\\/pexels-photo-821652.jpeg\",\"https:\\/\\/images.pexels.com\\/photos\\/1388947\\/technology-telephone-mobile-smart-1388947.jpeg\",\"https:\\/\\/images.pexels.com\\/photos\\/719399\\/pexels-photo-719399.jpeg\",\"https:\\/\\/images.pexels.com\\/photos\\/5053740\\/pexels-photo-5053740.jpeg\"]', 'https://images.pexels.com/photos/5053740/pexels-photo-5053740.jpeg', 0, 'Super titre 67', 'Illo sint aliquid dolorem repudiandae sed hic qui. Mollitia repellat est est voluptas dolore. Illum dicta accusamus omnis ipsum. Nisi et iusto nemo recusandae natus in molestiae.', 201, 'Urbanmouth', '43933-7360', 0, 0, '2021-01-20 15:16:34', '0000-00-00 00:00:00'),
(69, 77, 2, '[\"https:\\/\\/images.pexels.com\\/photos\\/821652\\/pexels-photo-821652.jpeg\",\"https:\\/\\/images.pexels.com\\/photos\\/1388947\\/technology-telephone-mobile-smart-1388947.jpeg\",\"https:\\/\\/images.pexels.com\\/photos\\/719399\\/pexels-photo-719399.jpeg\",\"https:\\/\\/images.pexels.com\\/photos\\/5053740\\/pexels-photo-5053740.jpeg\"]', 'https://images.pexels.com/photos/5053740/pexels-photo-5053740.jpeg', 0, 'Super titre 68', 'Suscipit harum voluptas odit animi. Maiores doloribus incidunt assumenda nam non est. Et id modi a id. Aut modi rerum non sequi est et harum.', 311, 'Helenaburgh', '29571', 0, 0, '2021-01-20 15:16:34', '0000-00-00 00:00:00'),
(70, 11, 1, '[\"https:\\/\\/images.pexels.com\\/photos\\/821652\\/pexels-photo-821652.jpeg\",\"https:\\/\\/images.pexels.com\\/photos\\/1388947\\/technology-telephone-mobile-smart-1388947.jpeg\",\"https:\\/\\/images.pexels.com\\/photos\\/719399\\/pexels-photo-719399.jpeg\",\"https:\\/\\/images.pexels.com\\/photos\\/5053740\\/pexels-photo-5053740.jpeg\"]', 'https://images.pexels.com/photos/1388947/technology-telephone-mobile-smart-1388947.jpeg', 0, 'Super titre 69', 'Non et ipsam illo blanditiis laborum. Quibusdam maiores excepturi et magnam accusamus inventore autem.', 920, 'South Clint', '14378-1552', 0, 0, '2021-01-20 15:16:34', '0000-00-00 00:00:00'),
(71, 2, 2, '[\"https:\\/\\/images.pexels.com\\/photos\\/821652\\/pexels-photo-821652.jpeg\",\"https:\\/\\/images.pexels.com\\/photos\\/1388947\\/technology-telephone-mobile-smart-1388947.jpeg\",\"https:\\/\\/images.pexels.com\\/photos\\/719399\\/pexels-photo-719399.jpeg\",\"https:\\/\\/images.pexels.com\\/photos\\/5053740\\/pexels-photo-5053740.jpeg\"]', 'https://images.pexels.com/photos/719399/pexels-photo-719399.jpeg', 0, 'Super titre 70', 'Quae labore ut nisi vero quidem nisi aut. Quidem atque odio dolore tempora ipsum molestiae. Qui iste ratione mollitia quia.', 399, 'Allieville', '95578', 0, 0, '2021-01-20 15:16:34', '0000-00-00 00:00:00'),
(72, 39, 3, '[\"https:\\/\\/images.pexels.com\\/photos\\/821652\\/pexels-photo-821652.jpeg\",\"https:\\/\\/images.pexels.com\\/photos\\/1388947\\/technology-telephone-mobile-smart-1388947.jpeg\",\"https:\\/\\/images.pexels.com\\/photos\\/719399\\/pexels-photo-719399.jpeg\",\"https:\\/\\/images.pexels.com\\/photos\\/5053740\\/pexels-photo-5053740.jpeg\"]', 'https://images.pexels.com/photos/1388947/technology-telephone-mobile-smart-1388947.jpeg', 0, 'Super titre 71', 'Natus ut exercitationem quo. Sapiente eos tempore sequi quo aut sed temporibus. Ipsa qui totam repellat et labore quod aspernatur.', 835, 'Dietrichview', '68393', 0, 0, '2021-01-20 15:16:34', '0000-00-00 00:00:00'),
(73, 13, 3, '[\"https:\\/\\/images.pexels.com\\/photos\\/821652\\/pexels-photo-821652.jpeg\",\"https:\\/\\/images.pexels.com\\/photos\\/1388947\\/technology-telephone-mobile-smart-1388947.jpeg\",\"https:\\/\\/images.pexels.com\\/photos\\/719399\\/pexels-photo-719399.jpeg\",\"https:\\/\\/images.pexels.com\\/photos\\/5053740\\/pexels-photo-5053740.jpeg\"]', 'https://images.pexels.com/photos/1388947/technology-telephone-mobile-smart-1388947.jpeg', 0, 'Super titre 72', 'Doloremque dolore consequatur ab inventore et. Velit tempora incidunt nobis minima. Molestias vitae animi assumenda sequi eum.', 168, 'Eugenetown', '23473-2108', 0, 0, '2021-01-20 15:16:34', '0000-00-00 00:00:00'),
(74, 82, 3, '[\"https:\\/\\/images.pexels.com\\/photos\\/821652\\/pexels-photo-821652.jpeg\",\"https:\\/\\/images.pexels.com\\/photos\\/1388947\\/technology-telephone-mobile-smart-1388947.jpeg\",\"https:\\/\\/images.pexels.com\\/photos\\/719399\\/pexels-photo-719399.jpeg\",\"https:\\/\\/images.pexels.com\\/photos\\/5053740\\/pexels-photo-5053740.jpeg\"]', 'https://images.pexels.com/photos/821652/pexels-photo-821652.jpeg', 0, 'Super titre 73', 'Quos asperiores quos id odit similique consequatur. Dolore et sint autem ut. Exercitationem aut ut sed ratione rerum.', 898, 'South Marilyneberg', '87571-8901', 0, 0, '2021-01-20 15:16:34', '0000-00-00 00:00:00'),
(75, 31, 1, '[\"https:\\/\\/images.pexels.com\\/photos\\/821652\\/pexels-photo-821652.jpeg\",\"https:\\/\\/images.pexels.com\\/photos\\/1388947\\/technology-telephone-mobile-smart-1388947.jpeg\",\"https:\\/\\/images.pexels.com\\/photos\\/719399\\/pexels-photo-719399.jpeg\",\"https:\\/\\/images.pexels.com\\/photos\\/5053740\\/pexels-photo-5053740.jpeg\"]', 'https://images.pexels.com/photos/1388947/technology-telephone-mobile-smart-1388947.jpeg', 0, 'Super titre 74', 'Dolore repellendus ut et cupiditate sapiente. Facilis aut accusantium velit itaque beatae.', 471, 'Hettingermouth', '59610-7104', 0, 0, '2021-01-20 15:16:34', '0000-00-00 00:00:00'),
(76, 49, 3, '[\"https:\\/\\/images.pexels.com\\/photos\\/821652\\/pexels-photo-821652.jpeg\",\"https:\\/\\/images.pexels.com\\/photos\\/1388947\\/technology-telephone-mobile-smart-1388947.jpeg\",\"https:\\/\\/images.pexels.com\\/photos\\/719399\\/pexels-photo-719399.jpeg\",\"https:\\/\\/images.pexels.com\\/photos\\/5053740\\/pexels-photo-5053740.jpeg\"]', 'https://images.pexels.com/photos/719399/pexels-photo-719399.jpeg', 0, 'Super titre 75', 'Est voluptatem repellendus repellendus sunt. Quasi est numquam enim sunt quia rerum molestiae. Voluptas maxime nisi qui aut.', 700, 'Lindgrenbury', '63524-9896', 0, 0, '2021-01-20 15:16:34', '0000-00-00 00:00:00'),
(77, 59, 2, '[\"https:\\/\\/images.pexels.com\\/photos\\/821652\\/pexels-photo-821652.jpeg\",\"https:\\/\\/images.pexels.com\\/photos\\/1388947\\/technology-telephone-mobile-smart-1388947.jpeg\",\"https:\\/\\/images.pexels.com\\/photos\\/719399\\/pexels-photo-719399.jpeg\",\"https:\\/\\/images.pexels.com\\/photos\\/5053740\\/pexels-photo-5053740.jpeg\"]', 'https://images.pexels.com/photos/5053740/pexels-photo-5053740.jpeg', 0, 'Super titre 76', 'Sit iure eum sed sed excepturi ab est. Voluptatibus occaecati pariatur dolore voluptatem. Ut et harum nesciunt quia saepe expedita. Expedita tempore molestiae placeat saepe est eum beatae in.', 382, 'Walterton', '70411-2409', 0, 0, '2021-01-20 15:16:34', '0000-00-00 00:00:00'),
(78, 48, 2, '[\"https:\\/\\/images.pexels.com\\/photos\\/821652\\/pexels-photo-821652.jpeg\",\"https:\\/\\/images.pexels.com\\/photos\\/1388947\\/technology-telephone-mobile-smart-1388947.jpeg\",\"https:\\/\\/images.pexels.com\\/photos\\/719399\\/pexels-photo-719399.jpeg\",\"https:\\/\\/images.pexels.com\\/photos\\/5053740\\/pexels-photo-5053740.jpeg\"]', 'https://images.pexels.com/photos/719399/pexels-photo-719399.jpeg', 0, 'Super titre 77', 'Asperiores voluptatum molestiae aspernatur recusandae. Enim est tenetur quis quis dolores. Asperiores omnis dolorum et qui voluptatem excepturi aut.', 990, 'Emardbury', '89088', 0, 0, '2021-01-20 15:16:34', '0000-00-00 00:00:00'),
(79, 26, 1, '[\"https:\\/\\/images.pexels.com\\/photos\\/821652\\/pexels-photo-821652.jpeg\",\"https:\\/\\/images.pexels.com\\/photos\\/1388947\\/technology-telephone-mobile-smart-1388947.jpeg\",\"https:\\/\\/images.pexels.com\\/photos\\/719399\\/pexels-photo-719399.jpeg\",\"https:\\/\\/images.pexels.com\\/photos\\/5053740\\/pexels-photo-5053740.jpeg\"]', 'https://images.pexels.com/photos/5053740/pexels-photo-5053740.jpeg', 0, 'Super titre 78', 'Nobis nihil ex reiciendis aut impedit possimus omnis. Quo at maiores quidem quaerat debitis. Sit animi consectetur rerum consectetur.', 113, 'Colebury', '58310', 0, 0, '2021-01-20 15:16:34', '0000-00-00 00:00:00'),
(80, 50, 3, '[\"https:\\/\\/images.pexels.com\\/photos\\/821652\\/pexels-photo-821652.jpeg\",\"https:\\/\\/images.pexels.com\\/photos\\/1388947\\/technology-telephone-mobile-smart-1388947.jpeg\",\"https:\\/\\/images.pexels.com\\/photos\\/719399\\/pexels-photo-719399.jpeg\",\"https:\\/\\/images.pexels.com\\/photos\\/5053740\\/pexels-photo-5053740.jpeg\"]', 'https://images.pexels.com/photos/821652/pexels-photo-821652.jpeg', 0, 'Super titre 79', 'Perferendis asperiores fugiat quos autem non deleniti. Aut expedita fugiat aliquam. Molestiae libero aperiam autem nostrum. Dolorem sed veritatis quia.', 443, 'North Reidmouth', '49447', 0, 0, '2021-01-20 15:16:34', '0000-00-00 00:00:00'),
(81, 32, 2, '[\"https:\\/\\/images.pexels.com\\/photos\\/821652\\/pexels-photo-821652.jpeg\",\"https:\\/\\/images.pexels.com\\/photos\\/1388947\\/technology-telephone-mobile-smart-1388947.jpeg\",\"https:\\/\\/images.pexels.com\\/photos\\/719399\\/pexels-photo-719399.jpeg\",\"https:\\/\\/images.pexels.com\\/photos\\/5053740\\/pexels-photo-5053740.jpeg\"]', 'https://images.pexels.com/photos/821652/pexels-photo-821652.jpeg', 0, 'Super titre 80', 'Possimus deserunt illo provident sunt soluta. Animi quaerat perspiciatis optio ut dolorem. Culpa minus ea sequi adipisci totam. Illum sed expedita sunt modi aliquid tempore fuga laboriosam.', 846, 'Demetrisberg', '36683-9773', 0, 0, '2021-01-20 15:16:34', '0000-00-00 00:00:00'),
(83, 8, 2, '[\"https:\\/\\/images.pexels.com\\/photos\\/821652\\/pexels-photo-821652.jpeg\",\"https:\\/\\/images.pexels.com\\/photos\\/1388947\\/technology-telephone-mobile-smart-1388947.jpeg\",\"https:\\/\\/images.pexels.com\\/photos\\/719399\\/pexels-photo-719399.jpeg\",\"https:\\/\\/images.pexels.com\\/photos\\/5053740\\/pexels-photo-5053740.jpeg\"]', 'https://images.pexels.com/photos/719399/pexels-photo-719399.jpeg', 0, 'Super titre 82', 'At nam quae quaerat nobis tempora veritatis. Repellendus quia alias est et velit. Aut vel non est repudiandae nemo ea vitae. Hic aut tenetur optio.', 650, 'South Shanel', '78859', 0, 0, '2021-01-20 15:16:34', '0000-00-00 00:00:00');
INSERT INTO `posts` (`id`, `id_user`, `id_breakdown_category`, `images`, `cover_image`, `is_solved`, `title`, `content`, `budget`, `city`, `postal_code`, `lat`, `lon`, `created_at`, `updated_at`) VALUES
(84, 64, 2, '[\"https:\\/\\/images.pexels.com\\/photos\\/821652\\/pexels-photo-821652.jpeg\",\"https:\\/\\/images.pexels.com\\/photos\\/1388947\\/technology-telephone-mobile-smart-1388947.jpeg\",\"https:\\/\\/images.pexels.com\\/photos\\/719399\\/pexels-photo-719399.jpeg\",\"https:\\/\\/images.pexels.com\\/photos\\/5053740\\/pexels-photo-5053740.jpeg\"]', 'https://images.pexels.com/photos/821652/pexels-photo-821652.jpeg', 0, 'Super titre 83', 'Ipsam ea atque assumenda nam doloribus. Maiores et ducimus cupiditate eum quae consequatur.', 752, 'West Laurie', '81059-9839', 0, 0, '2021-01-20 15:16:34', '0000-00-00 00:00:00'),
(85, 69, 1, '[\"https:\\/\\/images.pexels.com\\/photos\\/821652\\/pexels-photo-821652.jpeg\",\"https:\\/\\/images.pexels.com\\/photos\\/1388947\\/technology-telephone-mobile-smart-1388947.jpeg\",\"https:\\/\\/images.pexels.com\\/photos\\/719399\\/pexels-photo-719399.jpeg\",\"https:\\/\\/images.pexels.com\\/photos\\/5053740\\/pexels-photo-5053740.jpeg\"]', 'https://images.pexels.com/photos/5053740/pexels-photo-5053740.jpeg', 0, 'Super titre 84', 'Ipsa soluta provident et voluptatem. Perspiciatis qui et sapiente deserunt consequuntur qui corrupti. Et dignissimos et ad nulla quas ipsam minus.', 228, 'North Ulises', '17980', 0, 0, '2021-01-20 15:16:34', '0000-00-00 00:00:00'),
(86, 16, 2, '[\"https:\\/\\/images.pexels.com\\/photos\\/821652\\/pexels-photo-821652.jpeg\",\"https:\\/\\/images.pexels.com\\/photos\\/1388947\\/technology-telephone-mobile-smart-1388947.jpeg\",\"https:\\/\\/images.pexels.com\\/photos\\/719399\\/pexels-photo-719399.jpeg\",\"https:\\/\\/images.pexels.com\\/photos\\/5053740\\/pexels-photo-5053740.jpeg\"]', 'https://images.pexels.com/photos/1388947/technology-telephone-mobile-smart-1388947.jpeg', 0, 'Super titre 85', 'Minus architecto dolores odit illum. Eum vel veritatis voluptas iusto totam voluptatem. Optio eum sunt et nisi rerum est veniam. Ut amet voluptatibus recusandae nemo eum enim.', 112, 'Lavonneburgh', '26341', 0, 0, '2021-01-20 15:16:34', '0000-00-00 00:00:00'),
(88, 74, 2, '[\"https:\\/\\/images.pexels.com\\/photos\\/821652\\/pexels-photo-821652.jpeg\",\"https:\\/\\/images.pexels.com\\/photos\\/1388947\\/technology-telephone-mobile-smart-1388947.jpeg\",\"https:\\/\\/images.pexels.com\\/photos\\/719399\\/pexels-photo-719399.jpeg\",\"https:\\/\\/images.pexels.com\\/photos\\/5053740\\/pexels-photo-5053740.jpeg\"]', 'https://images.pexels.com/photos/719399/pexels-photo-719399.jpeg', 0, 'Super titre 87', 'Dicta totam non perferendis voluptatibus non rerum. Totam totam soluta cupiditate id placeat temporibus cum. Voluptas veniam cumque commodi nisi cum.', 831, 'Wisokystad', '50430', 0, 0, '2021-01-20 15:16:34', '0000-00-00 00:00:00'),
(90, 47, 1, '[\"https:\\/\\/images.pexels.com\\/photos\\/821652\\/pexels-photo-821652.jpeg\",\"https:\\/\\/images.pexels.com\\/photos\\/1388947\\/technology-telephone-mobile-smart-1388947.jpeg\",\"https:\\/\\/images.pexels.com\\/photos\\/719399\\/pexels-photo-719399.jpeg\",\"https:\\/\\/images.pexels.com\\/photos\\/5053740\\/pexels-photo-5053740.jpeg\"]', 'https://images.pexels.com/photos/821652/pexels-photo-821652.jpeg', 0, 'Super titre 89', 'Earum impedit nam et culpa qui. Dolorem ipsa vel aut similique ducimus. Pariatur enim unde aperiam sed quam non alias.', 427, 'West Stacychester', '85314', 0, 0, '2021-01-20 15:16:34', '0000-00-00 00:00:00'),
(91, 44, 1, '[\"https:\\/\\/images.pexels.com\\/photos\\/821652\\/pexels-photo-821652.jpeg\",\"https:\\/\\/images.pexels.com\\/photos\\/1388947\\/technology-telephone-mobile-smart-1388947.jpeg\",\"https:\\/\\/images.pexels.com\\/photos\\/719399\\/pexels-photo-719399.jpeg\",\"https:\\/\\/images.pexels.com\\/photos\\/5053740\\/pexels-photo-5053740.jpeg\"]', 'https://images.pexels.com/photos/5053740/pexels-photo-5053740.jpeg', 0, 'Super titre 90', 'Est aliquam mollitia maiores autem voluptatibus. Perferendis porro minus deserunt eveniet voluptatem temporibus. Aut harum consequatur excepturi omnis qui aliquam.', 643, 'Hodkiewiczside', '94245', 0, 0, '2021-01-20 15:16:34', '0000-00-00 00:00:00'),
(92, 88, 2, '[\"https:\\/\\/images.pexels.com\\/photos\\/821652\\/pexels-photo-821652.jpeg\",\"https:\\/\\/images.pexels.com\\/photos\\/1388947\\/technology-telephone-mobile-smart-1388947.jpeg\",\"https:\\/\\/images.pexels.com\\/photos\\/719399\\/pexels-photo-719399.jpeg\",\"https:\\/\\/images.pexels.com\\/photos\\/5053740\\/pexels-photo-5053740.jpeg\"]', 'https://images.pexels.com/photos/5053740/pexels-photo-5053740.jpeg', 0, 'Super titre 91', 'Qui et sit consequatur rem. Error repellendus quam pariatur recusandae. Fuga numquam dolor cupiditate totam sint officiis.', 866, 'Parisianville', '10158-5030', 0, 0, '2021-01-20 15:16:34', '0000-00-00 00:00:00'),
(93, 75, 3, '[\"https:\\/\\/images.pexels.com\\/photos\\/821652\\/pexels-photo-821652.jpeg\",\"https:\\/\\/images.pexels.com\\/photos\\/1388947\\/technology-telephone-mobile-smart-1388947.jpeg\",\"https:\\/\\/images.pexels.com\\/photos\\/719399\\/pexels-photo-719399.jpeg\",\"https:\\/\\/images.pexels.com\\/photos\\/5053740\\/pexels-photo-5053740.jpeg\"]', 'https://images.pexels.com/photos/1388947/technology-telephone-mobile-smart-1388947.jpeg', 0, 'Super titre 92', 'Tempore et autem iusto voluptatem. Consequatur sed aspernatur quod autem harum. Consequuntur sunt rerum ut rerum praesentium et. Sed necessitatibus nihil eveniet dolorem.', 891, 'Port Sebastian', '32613', 0, 0, '2021-01-20 15:16:34', '0000-00-00 00:00:00'),
(95, 23, 1, '[\"https:\\/\\/images.pexels.com\\/photos\\/821652\\/pexels-photo-821652.jpeg\",\"https:\\/\\/images.pexels.com\\/photos\\/1388947\\/technology-telephone-mobile-smart-1388947.jpeg\",\"https:\\/\\/images.pexels.com\\/photos\\/719399\\/pexels-photo-719399.jpeg\",\"https:\\/\\/images.pexels.com\\/photos\\/5053740\\/pexels-photo-5053740.jpeg\"]', 'https://images.pexels.com/photos/5053740/pexels-photo-5053740.jpeg', 0, 'Super titre 94', 'Commodi unde veniam id illo. Cumque non libero velit suscipit ratione eum. Velit expedita dolore illum voluptate placeat harum sint.', 571, 'Koeppville', '31958-5545', 0, 0, '2021-01-20 15:16:34', '0000-00-00 00:00:00'),
(96, 78, 2, '[\"https:\\/\\/images.pexels.com\\/photos\\/821652\\/pexels-photo-821652.jpeg\",\"https:\\/\\/images.pexels.com\\/photos\\/1388947\\/technology-telephone-mobile-smart-1388947.jpeg\",\"https:\\/\\/images.pexels.com\\/photos\\/719399\\/pexels-photo-719399.jpeg\",\"https:\\/\\/images.pexels.com\\/photos\\/5053740\\/pexels-photo-5053740.jpeg\"]', 'https://images.pexels.com/photos/719399/pexels-photo-719399.jpeg', 0, 'Super titre 95', 'Fugit laudantium quia quas. Excepturi impedit earum qui vel sed nobis quia. Sunt quam numquam delectus consectetur reprehenderit et quo. Fugit placeat saepe aperiam.', 274, 'Conroyville', '70175-0542', 0, 0, '2021-01-20 15:16:34', '0000-00-00 00:00:00'),
(97, 42, 1, '[\"https:\\/\\/images.pexels.com\\/photos\\/821652\\/pexels-photo-821652.jpeg\",\"https:\\/\\/images.pexels.com\\/photos\\/1388947\\/technology-telephone-mobile-smart-1388947.jpeg\",\"https:\\/\\/images.pexels.com\\/photos\\/719399\\/pexels-photo-719399.jpeg\",\"https:\\/\\/images.pexels.com\\/photos\\/5053740\\/pexels-photo-5053740.jpeg\"]', 'https://images.pexels.com/photos/5053740/pexels-photo-5053740.jpeg', 0, 'Super titre 96', 'Ipsa inventore quisquam fugiat in molestiae. Natus quia ducimus qui. Est nihil excepturi facere libero nostrum nesciunt enim. Corrupti eligendi et veniam voluptatibus quo autem.', 787, 'Rodriguezborough', '66413-1208', 0, 0, '2021-01-20 15:16:34', '0000-00-00 00:00:00'),
(98, 33, 3, '[\"https:\\/\\/images.pexels.com\\/photos\\/821652\\/pexels-photo-821652.jpeg\",\"https:\\/\\/images.pexels.com\\/photos\\/1388947\\/technology-telephone-mobile-smart-1388947.jpeg\",\"https:\\/\\/images.pexels.com\\/photos\\/719399\\/pexels-photo-719399.jpeg\",\"https:\\/\\/images.pexels.com\\/photos\\/5053740\\/pexels-photo-5053740.jpeg\"]', 'https://images.pexels.com/photos/5053740/pexels-photo-5053740.jpeg', 0, 'Super titre 97', 'Doloribus suscipit fuga ut magni illum aut pariatur vel. Rerum excepturi repellendus consectetur sapiente. Sed voluptatum ut architecto perspiciatis iste consequatur qui.', 929, 'Feeneyport', '82474', 0, 0, '2021-01-20 15:16:34', '0000-00-00 00:00:00'),
(99, 3, 3, '[\"https:\\/\\/images.pexels.com\\/photos\\/821652\\/pexels-photo-821652.jpeg\",\"https:\\/\\/images.pexels.com\\/photos\\/1388947\\/technology-telephone-mobile-smart-1388947.jpeg\",\"https:\\/\\/images.pexels.com\\/photos\\/719399\\/pexels-photo-719399.jpeg\",\"https:\\/\\/images.pexels.com\\/photos\\/5053740\\/pexels-photo-5053740.jpeg\"]', 'https://images.pexels.com/photos/5053740/pexels-photo-5053740.jpeg', 0, 'Super titre 98', 'Dolorem veniam expedita id sed est. In eligendi perspiciatis quibusdam modi sunt id. Animi ullam aut eveniet voluptas dolorem. Dolorum quis itaque id facilis.', 365, 'Port Linwoodville', '99450', 0, 0, '2021-01-20 15:16:34', '0000-00-00 00:00:00'),
(100, 10, 2, '[\"https:\\/\\/images.pexels.com\\/photos\\/821652\\/pexels-photo-821652.jpeg\",\"https:\\/\\/images.pexels.com\\/photos\\/1388947\\/technology-telephone-mobile-smart-1388947.jpeg\",\"https:\\/\\/images.pexels.com\\/photos\\/719399\\/pexels-photo-719399.jpeg\",\"https:\\/\\/images.pexels.com\\/photos\\/5053740\\/pexels-photo-5053740.jpeg\"]', 'https://images.pexels.com/photos/821652/pexels-photo-821652.jpeg', 0, 'Super titre 99', 'Quia placeat voluptatibus iure nam officiis eveniet non. Eos expedita omnis sunt sunt quam libero. Magni sint repellat quidem quidem veritatis.', 498, 'Toymouth', '60596-8926', 0, 0, '2021-01-20 15:16:34', '0000-00-00 00:00:00'),
(101, 76, 6, '[\"https:\\/\\/images.pexels.com\\/photos\\/821652\\/pexels-photo-821652.jpeg\",\"https:\\/\\/images.pexels.com\\/photos\\/1388947\\/technology-telephone-mobile-smart-1388947.jpeg\",\"https:\\/\\/images.pexels.com\\/photos\\/719399\\/pexels-photo-719399.jpeg\",\"https:\\/\\/images.pexels.com\\/photos\\/5053740\\/pexels-photo-5053740.jpeg\"]', 'https://images.pexels.com/photos/5053740/pexels-photo-5053740.jpeg', 0, 'Super titre 0', 'Quasi est accusamus tempore qui et. Fugit voluptatem est architecto voluptatem. Nam itaque impedit magni modi et temporibus.', 763, 'East Archibaldstad', '76204-2452', 71.697334, 107.053857, '2021-01-25 10:56:11', '0000-00-00 00:00:00'),
(107, 27, 1, '[\"https:\\/\\/images.pexels.com\\/photos\\/821652\\/pexels-photo-821652.jpeg\",\"https:\\/\\/images.pexels.com\\/photos\\/1388947\\/technology-telephone-mobile-smart-1388947.jpeg\",\"https:\\/\\/images.pexels.com\\/photos\\/719399\\/pexels-photo-719399.jpeg\",\"https:\\/\\/images.pexels.com\\/photos\\/5053740\\/pexels-photo-5053740.jpeg\"]', 'https://images.pexels.com/photos/719399/pexels-photo-719399.jpeg', 0, 'Super titre 6', 'Eligendi suscipit aut et laudantium aut maxime aut. Et eos ut magnam debitis et. Et quia exercitationem repellendus ipsam dolorem est. Soluta cupiditate fugiat est autem.', 25, 'Lake Lawrencetown', '74395', 31.125089, 19.495244, '2021-01-25 10:56:11', '0000-00-00 00:00:00'),
(108, 60, 4, '[\"https:\\/\\/images.pexels.com\\/photos\\/821652\\/pexels-photo-821652.jpeg\",\"https:\\/\\/images.pexels.com\\/photos\\/1388947\\/technology-telephone-mobile-smart-1388947.jpeg\",\"https:\\/\\/images.pexels.com\\/photos\\/719399\\/pexels-photo-719399.jpeg\",\"https:\\/\\/images.pexels.com\\/photos\\/5053740\\/pexels-photo-5053740.jpeg\"]', 'https://images.pexels.com/photos/1388947/technology-telephone-mobile-smart-1388947.jpeg', 0, 'Super titre 7', 'Et unde officiis cum cupiditate voluptas id sit ipsam. Voluptas labore ad et iusto.', 439, 'Ortizstad', '84902-8552', -11.337334, 148.930407, '2021-01-25 10:56:11', '0000-00-00 00:00:00'),
(110, 30, 5, '[\"https:\\/\\/images.pexels.com\\/photos\\/821652\\/pexels-photo-821652.jpeg\",\"https:\\/\\/images.pexels.com\\/photos\\/1388947\\/technology-telephone-mobile-smart-1388947.jpeg\",\"https:\\/\\/images.pexels.com\\/photos\\/719399\\/pexels-photo-719399.jpeg\",\"https:\\/\\/images.pexels.com\\/photos\\/5053740\\/pexels-photo-5053740.jpeg\"]', 'https://images.pexels.com/photos/719399/pexels-photo-719399.jpeg', 0, 'Super titre 9', 'Sed sint impedit qui eos. Voluptates soluta corporis nam minus deleniti est. Occaecati quo pariatur sint officia esse. Non commodi aut maiores cum nemo voluptas fuga est.', 111, 'Walshchester', '61077', 35.486939, 52.887334, '2021-01-25 10:56:11', '0000-00-00 00:00:00'),
(111, 67, 1, '[\"https:\\/\\/images.pexels.com\\/photos\\/821652\\/pexels-photo-821652.jpeg\",\"https:\\/\\/images.pexels.com\\/photos\\/1388947\\/technology-telephone-mobile-smart-1388947.jpeg\",\"https:\\/\\/images.pexels.com\\/photos\\/719399\\/pexels-photo-719399.jpeg\",\"https:\\/\\/images.pexels.com\\/photos\\/5053740\\/pexels-photo-5053740.jpeg\"]', 'https://images.pexels.com/photos/821652/pexels-photo-821652.jpeg', 0, 'Super titre 10', 'Est laborum reiciendis libero praesentium quaerat repellendus. Quasi voluptatem quia facilis omnis. Saepe sit cumque voluptatem voluptates perspiciatis asperiores.', 203, 'Port Giuseppebury', '76764', -66.783269, -114.198616, '2021-01-25 10:56:11', '0000-00-00 00:00:00'),
(112, 83, 2, '[\"https:\\/\\/images.pexels.com\\/photos\\/821652\\/pexels-photo-821652.jpeg\",\"https:\\/\\/images.pexels.com\\/photos\\/1388947\\/technology-telephone-mobile-smart-1388947.jpeg\",\"https:\\/\\/images.pexels.com\\/photos\\/719399\\/pexels-photo-719399.jpeg\",\"https:\\/\\/images.pexels.com\\/photos\\/5053740\\/pexels-photo-5053740.jpeg\"]', 'https://images.pexels.com/photos/1388947/technology-telephone-mobile-smart-1388947.jpeg', 0, 'Super titre 11', 'Doloremque fugit ad laboriosam sint. Minima enim nesciunt velit et molestiae. Optio quam impedit debitis eos corrupti nesciunt sed.', 218, 'Audiehaven', '06667', -52.67826, 155.240178, '2021-01-25 10:56:11', '0000-00-00 00:00:00'),
(113, 33, 4, '[\"https:\\/\\/images.pexels.com\\/photos\\/821652\\/pexels-photo-821652.jpeg\",\"https:\\/\\/images.pexels.com\\/photos\\/1388947\\/technology-telephone-mobile-smart-1388947.jpeg\",\"https:\\/\\/images.pexels.com\\/photos\\/719399\\/pexels-photo-719399.jpeg\",\"https:\\/\\/images.pexels.com\\/photos\\/5053740\\/pexels-photo-5053740.jpeg\"]', 'https://images.pexels.com/photos/821652/pexels-photo-821652.jpeg', 0, 'Super titre 12', 'Debitis et adipisci recusandae officia laboriosam sit blanditiis. Eaque blanditiis voluptatem quibusdam enim et quibusdam. Velit quis non sit exercitationem ex porro ut. Rerum quod vitae quod unde.', 203, 'North Beau', '76910', 67.448598, -65.639081, '2021-01-25 10:56:11', '0000-00-00 00:00:00'),
(114, 49, 7, '[\"https:\\/\\/images.pexels.com\\/photos\\/821652\\/pexels-photo-821652.jpeg\",\"https:\\/\\/images.pexels.com\\/photos\\/1388947\\/technology-telephone-mobile-smart-1388947.jpeg\",\"https:\\/\\/images.pexels.com\\/photos\\/719399\\/pexels-photo-719399.jpeg\",\"https:\\/\\/images.pexels.com\\/photos\\/5053740\\/pexels-photo-5053740.jpeg\"]', 'https://images.pexels.com/photos/1388947/technology-telephone-mobile-smart-1388947.jpeg', 0, 'Super titre 13', 'Eos id vitae sit dolorum ut similique enim. Corrupti hic sed harum quia.', 765, 'New Vernice', '81815-4080', 13.228057, -166.21808, '2021-01-25 10:56:11', '0000-00-00 00:00:00'),
(115, 9, 3, '[\"https:\\/\\/images.pexels.com\\/photos\\/821652\\/pexels-photo-821652.jpeg\",\"https:\\/\\/images.pexels.com\\/photos\\/1388947\\/technology-telephone-mobile-smart-1388947.jpeg\",\"https:\\/\\/images.pexels.com\\/photos\\/719399\\/pexels-photo-719399.jpeg\",\"https:\\/\\/images.pexels.com\\/photos\\/5053740\\/pexels-photo-5053740.jpeg\"]', 'https://images.pexels.com/photos/719399/pexels-photo-719399.jpeg', 0, 'Super titre 14', 'Commodi animi illum maiores. Asperiores qui at blanditiis reiciendis. Ipsa molestiae et quia sint libero.', 337, 'North Courtneyfurt', '54099', -43.339796, -68.655954, '2021-01-25 10:56:11', '0000-00-00 00:00:00'),
(116, 42, 3, '[\"https:\\/\\/images.pexels.com\\/photos\\/821652\\/pexels-photo-821652.jpeg\",\"https:\\/\\/images.pexels.com\\/photos\\/1388947\\/technology-telephone-mobile-smart-1388947.jpeg\",\"https:\\/\\/images.pexels.com\\/photos\\/719399\\/pexels-photo-719399.jpeg\",\"https:\\/\\/images.pexels.com\\/photos\\/5053740\\/pexels-photo-5053740.jpeg\"]', 'https://images.pexels.com/photos/5053740/pexels-photo-5053740.jpeg', 0, 'Super titre 15', 'Et repudiandae nemo hic repellendus aut iusto aut. Quibusdam vel quas ea aut qui odit cum necessitatibus. Aut voluptatem porro accusantium et est numquam illum autem.', 31, 'Lake Katherineport', '18848-3517', 0.115239, -59.030492, '2021-01-25 10:56:11', '0000-00-00 00:00:00'),
(117, 34, 2, '[\"https:\\/\\/images.pexels.com\\/photos\\/821652\\/pexels-photo-821652.jpeg\",\"https:\\/\\/images.pexels.com\\/photos\\/1388947\\/technology-telephone-mobile-smart-1388947.jpeg\",\"https:\\/\\/images.pexels.com\\/photos\\/719399\\/pexels-photo-719399.jpeg\",\"https:\\/\\/images.pexels.com\\/photos\\/5053740\\/pexels-photo-5053740.jpeg\"]', 'https://images.pexels.com/photos/719399/pexels-photo-719399.jpeg', 0, 'Super titre 16', 'Et dolor id nisi cumque saepe sit. Expedita corporis qui velit quia id fuga error. Saepe alias sed in consequatur ea neque aut. Nisi deserunt voluptatem consequatur placeat id ullam.', 950, 'Kohlerton', '41634', 63.180388, 17.018732, '2021-01-25 10:56:11', '0000-00-00 00:00:00'),
(118, 69, 2, '[\"https:\\/\\/images.pexels.com\\/photos\\/821652\\/pexels-photo-821652.jpeg\",\"https:\\/\\/images.pexels.com\\/photos\\/1388947\\/technology-telephone-mobile-smart-1388947.jpeg\",\"https:\\/\\/images.pexels.com\\/photos\\/719399\\/pexels-photo-719399.jpeg\",\"https:\\/\\/images.pexels.com\\/photos\\/5053740\\/pexels-photo-5053740.jpeg\"]', 'https://images.pexels.com/photos/5053740/pexels-photo-5053740.jpeg', 0, 'Super titre 17', 'Vero iste dolorem adipisci sit aut. Ut illum sapiente illum et nam dolores. Et omnis aut nam nobis autem esse nihil.', 754, 'Maxietown', '37813-7242', -27.619966, 140.765315, '2021-01-25 10:56:11', '0000-00-00 00:00:00'),
(119, 86, 6, '[\"https:\\/\\/images.pexels.com\\/photos\\/821652\\/pexels-photo-821652.jpeg\",\"https:\\/\\/images.pexels.com\\/photos\\/1388947\\/technology-telephone-mobile-smart-1388947.jpeg\",\"https:\\/\\/images.pexels.com\\/photos\\/719399\\/pexels-photo-719399.jpeg\",\"https:\\/\\/images.pexels.com\\/photos\\/5053740\\/pexels-photo-5053740.jpeg\"]', 'https://images.pexels.com/photos/5053740/pexels-photo-5053740.jpeg', 0, 'Super titre 18', 'Eum et veniam et blanditiis tempora et ipsam. Iusto sapiente sunt asperiores id et.', 342, 'East Hughmouth', '23201-3181', -58.464085, 68.987288, '2021-01-25 10:56:11', '0000-00-00 00:00:00'),
(121, 42, 1, '[\"https:\\/\\/images.pexels.com\\/photos\\/821652\\/pexels-photo-821652.jpeg\",\"https:\\/\\/images.pexels.com\\/photos\\/1388947\\/technology-telephone-mobile-smart-1388947.jpeg\",\"https:\\/\\/images.pexels.com\\/photos\\/719399\\/pexels-photo-719399.jpeg\",\"https:\\/\\/images.pexels.com\\/photos\\/5053740\\/pexels-photo-5053740.jpeg\"]', 'https://images.pexels.com/photos/1388947/technology-telephone-mobile-smart-1388947.jpeg', 0, 'Super titre 20', 'Minima ut nihil exercitationem aspernatur. Qui suscipit sit repudiandae perspiciatis consequatur accusamus. Error adipisci atque ipsam.', 188, 'East Shayna', '97634-6062', 19.920409, -13.924063, '2021-01-25 10:56:11', '0000-00-00 00:00:00'),
(124, 15, 6, '[\"https:\\/\\/images.pexels.com\\/photos\\/821652\\/pexels-photo-821652.jpeg\",\"https:\\/\\/images.pexels.com\\/photos\\/1388947\\/technology-telephone-mobile-smart-1388947.jpeg\",\"https:\\/\\/images.pexels.com\\/photos\\/719399\\/pexels-photo-719399.jpeg\",\"https:\\/\\/images.pexels.com\\/photos\\/5053740\\/pexels-photo-5053740.jpeg\"]', 'https://images.pexels.com/photos/719399/pexels-photo-719399.jpeg', 0, 'Super titre 23', 'A ad ut doloribus nemo. Et perferendis aut exercitationem nihil qui. Totam quae sequi vel temporibus et. Enim sed debitis occaecati totam ut et. Excepturi mollitia et illo aut.', 344, 'Johnstonton', '50635', 28.523692, 131.042193, '2021-01-25 10:56:11', '0000-00-00 00:00:00'),
(125, 38, 1, '[\"https:\\/\\/images.pexels.com\\/photos\\/821652\\/pexels-photo-821652.jpeg\",\"https:\\/\\/images.pexels.com\\/photos\\/1388947\\/technology-telephone-mobile-smart-1388947.jpeg\",\"https:\\/\\/images.pexels.com\\/photos\\/719399\\/pexels-photo-719399.jpeg\",\"https:\\/\\/images.pexels.com\\/photos\\/5053740\\/pexels-photo-5053740.jpeg\"]', 'https://images.pexels.com/photos/5053740/pexels-photo-5053740.jpeg', 0, 'Super titre 24', 'Et voluptate nisi id saepe. Dolorem aut explicabo harum. Ut qui aspernatur ipsa qui voluptates rem consectetur. Ut porro veniam alias non cupiditate cumque.', 67, 'North Evie', '14426', -79.614237, 7.603786, '2021-01-25 10:56:11', '0000-00-00 00:00:00'),
(126, 65, 5, '[\"https:\\/\\/images.pexels.com\\/photos\\/821652\\/pexels-photo-821652.jpeg\",\"https:\\/\\/images.pexels.com\\/photos\\/1388947\\/technology-telephone-mobile-smart-1388947.jpeg\",\"https:\\/\\/images.pexels.com\\/photos\\/719399\\/pexels-photo-719399.jpeg\",\"https:\\/\\/images.pexels.com\\/photos\\/5053740\\/pexels-photo-5053740.jpeg\"]', 'https://images.pexels.com/photos/821652/pexels-photo-821652.jpeg', 0, 'Super titre 25', 'Cupiditate unde nostrum nostrum enim. Odio voluptas porro ut laborum reprehenderit. Impedit molestiae ex assumenda et autem. Non magni quidem voluptates explicabo voluptatibus recusandae.', 858, 'Shaynaview', '60334-4579', -78.834013, 58.037332, '2021-01-25 10:56:11', '0000-00-00 00:00:00'),
(127, 65, 7, '[\"https:\\/\\/images.pexels.com\\/photos\\/821652\\/pexels-photo-821652.jpeg\",\"https:\\/\\/images.pexels.com\\/photos\\/1388947\\/technology-telephone-mobile-smart-1388947.jpeg\",\"https:\\/\\/images.pexels.com\\/photos\\/719399\\/pexels-photo-719399.jpeg\",\"https:\\/\\/images.pexels.com\\/photos\\/5053740\\/pexels-photo-5053740.jpeg\"]', 'https://images.pexels.com/photos/5053740/pexels-photo-5053740.jpeg', 0, 'Super titre 26', 'Fugiat aliquam sit quo corrupti cum. Omnis nesciunt pariatur repudiandae possimus eum est. Ducimus quo et ut aut quaerat voluptatibus nihil.', 867, 'New Pascale', '80568', 3.104871, 139.206917, '2021-01-25 10:56:11', '0000-00-00 00:00:00'),
(128, 8, 1, '[\"https:\\/\\/images.pexels.com\\/photos\\/821652\\/pexels-photo-821652.jpeg\",\"https:\\/\\/images.pexels.com\\/photos\\/1388947\\/technology-telephone-mobile-smart-1388947.jpeg\",\"https:\\/\\/images.pexels.com\\/photos\\/719399\\/pexels-photo-719399.jpeg\",\"https:\\/\\/images.pexels.com\\/photos\\/5053740\\/pexels-photo-5053740.jpeg\"]', 'https://images.pexels.com/photos/5053740/pexels-photo-5053740.jpeg', 0, 'Super titre 27', 'Repellendus sit voluptatem et eum minima provident. Tempore qui enim saepe vel ea magni. Voluptate excepturi quia ipsum est.', 493, 'Port Gregoriaville', '08583-1855', 68.490374, 148.632886, '2021-01-25 10:56:11', '0000-00-00 00:00:00'),
(131, 85, 7, '[\"https:\\/\\/images.pexels.com\\/photos\\/821652\\/pexels-photo-821652.jpeg\",\"https:\\/\\/images.pexels.com\\/photos\\/1388947\\/technology-telephone-mobile-smart-1388947.jpeg\",\"https:\\/\\/images.pexels.com\\/photos\\/719399\\/pexels-photo-719399.jpeg\",\"https:\\/\\/images.pexels.com\\/photos\\/5053740\\/pexels-photo-5053740.jpeg\"]', 'https://images.pexels.com/photos/821652/pexels-photo-821652.jpeg', 0, 'Super titre 30', 'Possimus enim tempora enim repellendus libero quia in. Ut fugit omnis ex. Sit ut aut esse magni nesciunt. Id cupiditate ipsum voluptates perspiciatis fugit itaque harum et.', 634, 'North Keonmouth', '73754', -73.389724, 16.772109, '2021-01-25 10:56:11', '0000-00-00 00:00:00'),
(132, 7, 2, '[\"https:\\/\\/images.pexels.com\\/photos\\/821652\\/pexels-photo-821652.jpeg\",\"https:\\/\\/images.pexels.com\\/photos\\/1388947\\/technology-telephone-mobile-smart-1388947.jpeg\",\"https:\\/\\/images.pexels.com\\/photos\\/719399\\/pexels-photo-719399.jpeg\",\"https:\\/\\/images.pexels.com\\/photos\\/5053740\\/pexels-photo-5053740.jpeg\"]', 'https://images.pexels.com/photos/719399/pexels-photo-719399.jpeg', 0, 'Super titre 31', 'Asperiores consequuntur id est saepe corporis commodi et. Voluptatem non dignissimos molestias. Autem aliquid dolorem aliquam.', 447, 'South Juneburgh', '79978-0676', -40.740157, 109.318268, '2021-01-25 10:56:11', '0000-00-00 00:00:00'),
(133, 68, 7, '[\"https:\\/\\/images.pexels.com\\/photos\\/821652\\/pexels-photo-821652.jpeg\",\"https:\\/\\/images.pexels.com\\/photos\\/1388947\\/technology-telephone-mobile-smart-1388947.jpeg\",\"https:\\/\\/images.pexels.com\\/photos\\/719399\\/pexels-photo-719399.jpeg\",\"https:\\/\\/images.pexels.com\\/photos\\/5053740\\/pexels-photo-5053740.jpeg\"]', 'https://images.pexels.com/photos/1388947/technology-telephone-mobile-smart-1388947.jpeg', 0, 'Super titre 32', 'Consequatur officia nihil ipsam omnis animi. Natus sit qui est dolor qui. Nisi odit quae atque ea quibusdam. Laudantium quis blanditiis quia nisi molestiae eaque.', 690, 'Lake Destinee', '71725-8332', 79.722184, 9.824529, '2021-01-25 10:56:11', '0000-00-00 00:00:00'),
(134, 8, 3, '[\"https:\\/\\/images.pexels.com\\/photos\\/821652\\/pexels-photo-821652.jpeg\",\"https:\\/\\/images.pexels.com\\/photos\\/1388947\\/technology-telephone-mobile-smart-1388947.jpeg\",\"https:\\/\\/images.pexels.com\\/photos\\/719399\\/pexels-photo-719399.jpeg\",\"https:\\/\\/images.pexels.com\\/photos\\/5053740\\/pexels-photo-5053740.jpeg\"]', 'https://images.pexels.com/photos/719399/pexels-photo-719399.jpeg', 0, 'Super titre 33', 'Aliquid quis vel non molestiae iure. Ullam velit itaque quidem harum id corrupti. Vitae nemo iste quia quia sapiente.', 554, 'Purdyview', '89433-6907', 58.523386, -63.992316, '2021-01-25 10:56:11', '0000-00-00 00:00:00'),
(135, 49, 4, '[\"https:\\/\\/images.pexels.com\\/photos\\/821652\\/pexels-photo-821652.jpeg\",\"https:\\/\\/images.pexels.com\\/photos\\/1388947\\/technology-telephone-mobile-smart-1388947.jpeg\",\"https:\\/\\/images.pexels.com\\/photos\\/719399\\/pexels-photo-719399.jpeg\",\"https:\\/\\/images.pexels.com\\/photos\\/5053740\\/pexels-photo-5053740.jpeg\"]', 'https://images.pexels.com/photos/719399/pexels-photo-719399.jpeg', 0, 'Super titre 34', 'Fugiat voluptatibus totam error quae in. Amet tenetur ut odio mollitia vel dolores accusamus perferendis. Ullam laborum voluptatem enim et nemo consequuntur.', 276, 'Framiberg', '44174-0345', 46.771839, -145.440187, '2021-01-25 10:56:11', '0000-00-00 00:00:00'),
(136, 83, 5, '[\"https:\\/\\/images.pexels.com\\/photos\\/821652\\/pexels-photo-821652.jpeg\",\"https:\\/\\/images.pexels.com\\/photos\\/1388947\\/technology-telephone-mobile-smart-1388947.jpeg\",\"https:\\/\\/images.pexels.com\\/photos\\/719399\\/pexels-photo-719399.jpeg\",\"https:\\/\\/images.pexels.com\\/photos\\/5053740\\/pexels-photo-5053740.jpeg\"]', 'https://images.pexels.com/photos/821652/pexels-photo-821652.jpeg', 0, 'Super titre 35', 'Quis nam repudiandae amet omnis repudiandae. Tenetur ut placeat at ut autem. Soluta consequuntur rem dolor. Animi qui aut fugit ex.', 143, 'New Sophiamouth', '43478', -10.709907, -67.815491, '2021-01-25 10:56:11', '0000-00-00 00:00:00'),
(137, 77, 6, '[\"https:\\/\\/images.pexels.com\\/photos\\/821652\\/pexels-photo-821652.jpeg\",\"https:\\/\\/images.pexels.com\\/photos\\/1388947\\/technology-telephone-mobile-smart-1388947.jpeg\",\"https:\\/\\/images.pexels.com\\/photos\\/719399\\/pexels-photo-719399.jpeg\",\"https:\\/\\/images.pexels.com\\/photos\\/5053740\\/pexels-photo-5053740.jpeg\"]', 'https://images.pexels.com/photos/1388947/technology-telephone-mobile-smart-1388947.jpeg', 0, 'Super titre 36', 'Voluptate repellat fuga laboriosam. Eius aut possimus voluptas. Id commodi alias eum sunt enim facere consequatur nisi.', 11, 'Nicoside', '08887-8301', -34.412063, 103.698668, '2021-01-25 10:56:11', '0000-00-00 00:00:00'),
(138, 46, 2, '[\"https:\\/\\/images.pexels.com\\/photos\\/821652\\/pexels-photo-821652.jpeg\",\"https:\\/\\/images.pexels.com\\/photos\\/1388947\\/technology-telephone-mobile-smart-1388947.jpeg\",\"https:\\/\\/images.pexels.com\\/photos\\/719399\\/pexels-photo-719399.jpeg\",\"https:\\/\\/images.pexels.com\\/photos\\/5053740\\/pexels-photo-5053740.jpeg\"]', 'https://images.pexels.com/photos/5053740/pexels-photo-5053740.jpeg', 0, 'Super titre 37', 'Qui suscipit quam ut possimus quam ut dolores quos. Aperiam sed blanditiis fuga sit quas dignissimos. Eveniet nobis magnam magni reprehenderit. Accusamus aut sunt alias quia.', 694, 'Langworthberg', '96203', -4.606292, 104.326393, '2021-01-25 10:56:11', '0000-00-00 00:00:00'),
(139, 28, 2, '[\"https:\\/\\/images.pexels.com\\/photos\\/821652\\/pexels-photo-821652.jpeg\",\"https:\\/\\/images.pexels.com\\/photos\\/1388947\\/technology-telephone-mobile-smart-1388947.jpeg\",\"https:\\/\\/images.pexels.com\\/photos\\/719399\\/pexels-photo-719399.jpeg\",\"https:\\/\\/images.pexels.com\\/photos\\/5053740\\/pexels-photo-5053740.jpeg\"]', 'https://images.pexels.com/photos/719399/pexels-photo-719399.jpeg', 0, 'Super titre 38', 'Occaecati nemo ipsa odio molestiae aperiam. Repellendus delectus itaque molestias qui. Porro blanditiis et dolor rerum.', 750, 'Fordside', '01170-3212', 84.068211, -88.694996, '2021-01-25 10:56:11', '0000-00-00 00:00:00'),
(140, 79, 5, '[\"https:\\/\\/images.pexels.com\\/photos\\/821652\\/pexels-photo-821652.jpeg\",\"https:\\/\\/images.pexels.com\\/photos\\/1388947\\/technology-telephone-mobile-smart-1388947.jpeg\",\"https:\\/\\/images.pexels.com\\/photos\\/719399\\/pexels-photo-719399.jpeg\",\"https:\\/\\/images.pexels.com\\/photos\\/5053740\\/pexels-photo-5053740.jpeg\"]', 'https://images.pexels.com/photos/1388947/technology-telephone-mobile-smart-1388947.jpeg', 0, 'Super titre 39', 'Vel ut sapiente repellat incidunt corporis tenetur aliquid. Aperiam at voluptatem repellendus est dolor. Eveniet ea dolor harum et modi nihil. Nam tenetur itaque at rem dolor.', 864, 'Maximilianburgh', '55175-6767', 77.169449, 84.398659, '2021-01-25 10:56:11', '0000-00-00 00:00:00'),
(141, 52, 5, '[\"https:\\/\\/images.pexels.com\\/photos\\/821652\\/pexels-photo-821652.jpeg\",\"https:\\/\\/images.pexels.com\\/photos\\/1388947\\/technology-telephone-mobile-smart-1388947.jpeg\",\"https:\\/\\/images.pexels.com\\/photos\\/719399\\/pexels-photo-719399.jpeg\",\"https:\\/\\/images.pexels.com\\/photos\\/5053740\\/pexels-photo-5053740.jpeg\"]', 'https://images.pexels.com/photos/719399/pexels-photo-719399.jpeg', 0, 'Super titre 40', 'Atque modi consequatur aut facilis cum aliquid quibusdam. Possimus voluptas et nam molestiae aut commodi ut. Voluptatem occaecati et illum quia excepturi. Enim aperiam fugiat nam.', 291, 'Williamsonside', '02459', -26.760893, -19.934804, '2021-01-25 10:56:11', '0000-00-00 00:00:00'),
(142, 4, 1, '[\"https:\\/\\/images.pexels.com\\/photos\\/821652\\/pexels-photo-821652.jpeg\",\"https:\\/\\/images.pexels.com\\/photos\\/1388947\\/technology-telephone-mobile-smart-1388947.jpeg\",\"https:\\/\\/images.pexels.com\\/photos\\/719399\\/pexels-photo-719399.jpeg\",\"https:\\/\\/images.pexels.com\\/photos\\/5053740\\/pexels-photo-5053740.jpeg\"]', 'https://images.pexels.com/photos/1388947/technology-telephone-mobile-smart-1388947.jpeg', 0, 'Super titre 41', 'Aut delectus sit id autem. Tempore praesentium quia qui tenetur fuga quos. Non qui perferendis molestiae veniam expedita iure.', 821, 'Kobemouth', '14976-0900', 48.272519, -159.884323, '2021-01-25 10:56:11', '0000-00-00 00:00:00'),
(144, 43, 1, '[\"https:\\/\\/images.pexels.com\\/photos\\/821652\\/pexels-photo-821652.jpeg\",\"https:\\/\\/images.pexels.com\\/photos\\/1388947\\/technology-telephone-mobile-smart-1388947.jpeg\",\"https:\\/\\/images.pexels.com\\/photos\\/719399\\/pexels-photo-719399.jpeg\",\"https:\\/\\/images.pexels.com\\/photos\\/5053740\\/pexels-photo-5053740.jpeg\"]', 'https://images.pexels.com/photos/821652/pexels-photo-821652.jpeg', 0, 'Super titre 43', 'Voluptate molestias ipsam eaque laboriosam ut. Animi eaque iure possimus fugit aliquam.', 200, 'East Gerson', '44427', 66.529883, -20.092709, '2021-01-25 10:56:11', '0000-00-00 00:00:00'),
(145, 61, 2, '[\"https:\\/\\/images.pexels.com\\/photos\\/821652\\/pexels-photo-821652.jpeg\",\"https:\\/\\/images.pexels.com\\/photos\\/1388947\\/technology-telephone-mobile-smart-1388947.jpeg\",\"https:\\/\\/images.pexels.com\\/photos\\/719399\\/pexels-photo-719399.jpeg\",\"https:\\/\\/images.pexels.com\\/photos\\/5053740\\/pexels-photo-5053740.jpeg\"]', 'https://images.pexels.com/photos/719399/pexels-photo-719399.jpeg', 0, 'Super titre 44', 'Nam est sunt similique ex iusto maiores cum velit. Sit qui nisi dignissimos beatae est. Autem unde eaque et perspiciatis qui.', 313, 'South Karenview', '13294-9944', -86.585664, -179.067435, '2021-01-25 10:56:11', '0000-00-00 00:00:00'),
(147, 95, 6, '[\"https:\\/\\/images.pexels.com\\/photos\\/821652\\/pexels-photo-821652.jpeg\",\"https:\\/\\/images.pexels.com\\/photos\\/1388947\\/technology-telephone-mobile-smart-1388947.jpeg\",\"https:\\/\\/images.pexels.com\\/photos\\/719399\\/pexels-photo-719399.jpeg\",\"https:\\/\\/images.pexels.com\\/photos\\/5053740\\/pexels-photo-5053740.jpeg\"]', 'https://images.pexels.com/photos/719399/pexels-photo-719399.jpeg', 0, 'Super titre 46', 'Iste esse ducimus qui quod voluptatem. Id ea delectus illo iure sint et itaque. Consequatur fuga quisquam fugit amet ratione qui amet. Quo fuga ad maiores accusamus quia.', 339, 'Granvilleshire', '71466', -78.827988, -110.128541, '2021-01-25 10:56:11', '0000-00-00 00:00:00'),
(148, 2, 2, '[\"https:\\/\\/images.pexels.com\\/photos\\/821652\\/pexels-photo-821652.jpeg\",\"https:\\/\\/images.pexels.com\\/photos\\/1388947\\/technology-telephone-mobile-smart-1388947.jpeg\",\"https:\\/\\/images.pexels.com\\/photos\\/719399\\/pexels-photo-719399.jpeg\",\"https:\\/\\/images.pexels.com\\/photos\\/5053740\\/pexels-photo-5053740.jpeg\"]', 'https://images.pexels.com/photos/719399/pexels-photo-719399.jpeg', 0, 'Super titre 47', 'Aut aut nam temporibus sed laboriosam. Sit debitis magnam est facere voluptas deserunt. Assumenda commodi aut corrupti sequi.', 468, 'McClurechester', '46851', 0.607225, -112.504294, '2021-01-25 10:56:11', '0000-00-00 00:00:00'),
(149, 6, 6, '[\"https:\\/\\/images.pexels.com\\/photos\\/821652\\/pexels-photo-821652.jpeg\",\"https:\\/\\/images.pexels.com\\/photos\\/1388947\\/technology-telephone-mobile-smart-1388947.jpeg\",\"https:\\/\\/images.pexels.com\\/photos\\/719399\\/pexels-photo-719399.jpeg\",\"https:\\/\\/images.pexels.com\\/photos\\/5053740\\/pexels-photo-5053740.jpeg\"]', 'https://images.pexels.com/photos/821652/pexels-photo-821652.jpeg', 0, 'Super titre 48', 'Voluptas ratione quia in aut quia rerum molestiae. A maiores facere similique aspernatur maiores assumenda. Tempore commodi consequatur ipsam. Explicabo nemo cum aut sit odio.', 81, 'Lake Rigobertotown', '38080', -32.134983, 87.706193, '2021-01-25 10:56:11', '0000-00-00 00:00:00'),
(150, 6, 6, '[\"https:\\/\\/images.pexels.com\\/photos\\/821652\\/pexels-photo-821652.jpeg\",\"https:\\/\\/images.pexels.com\\/photos\\/1388947\\/technology-telephone-mobile-smart-1388947.jpeg\",\"https:\\/\\/images.pexels.com\\/photos\\/719399\\/pexels-photo-719399.jpeg\",\"https:\\/\\/images.pexels.com\\/photos\\/5053740\\/pexels-photo-5053740.jpeg\"]', 'https://images.pexels.com/photos/821652/pexels-photo-821652.jpeg', 0, 'Super titre 49', 'Iste qui velit et a ut cupiditate et. Sed et at consectetur reiciendis voluptatem optio. Ut natus non ipsa aperiam a et mollitia.', 638, 'Johnathanborough', '16114-8918', 63.627353, -167.830292, '2021-01-25 10:56:11', '0000-00-00 00:00:00'),
(151, 23, 2, '[\"https:\\/\\/images.pexels.com\\/photos\\/821652\\/pexels-photo-821652.jpeg\",\"https:\\/\\/images.pexels.com\\/photos\\/1388947\\/technology-telephone-mobile-smart-1388947.jpeg\",\"https:\\/\\/images.pexels.com\\/photos\\/719399\\/pexels-photo-719399.jpeg\",\"https:\\/\\/images.pexels.com\\/photos\\/5053740\\/pexels-photo-5053740.jpeg\"]', 'https://images.pexels.com/photos/821652/pexels-photo-821652.jpeg', 0, 'Super titre 50', 'Natus consectetur pariatur sed earum sunt harum a eum. Dolores est tenetur rem perferendis iste eius amet. Nostrum et a esse nostrum voluptatem. Animi numquam molestias sed incidunt.', 106, 'New Laury', '03960-6962', 63.631931, 105.454911, '2021-01-25 10:56:11', '0000-00-00 00:00:00'),
(152, 96, 7, '[\"https:\\/\\/images.pexels.com\\/photos\\/821652\\/pexels-photo-821652.jpeg\",\"https:\\/\\/images.pexels.com\\/photos\\/1388947\\/technology-telephone-mobile-smart-1388947.jpeg\",\"https:\\/\\/images.pexels.com\\/photos\\/719399\\/pexels-photo-719399.jpeg\",\"https:\\/\\/images.pexels.com\\/photos\\/5053740\\/pexels-photo-5053740.jpeg\"]', 'https://images.pexels.com/photos/719399/pexels-photo-719399.jpeg', 0, 'Super titre 51', 'Perspiciatis amet molestias doloribus pariatur unde dolorum iste. Officiis corporis aliquam alias voluptatibus adipisci velit. Error rerum voluptatibus iste omnis et sint.', 651, 'Wintheiserburgh', '50244-5838', 53.316123, -110.498282, '2021-01-25 10:56:11', '0000-00-00 00:00:00'),
(153, 86, 2, '[\"https:\\/\\/images.pexels.com\\/photos\\/821652\\/pexels-photo-821652.jpeg\",\"https:\\/\\/images.pexels.com\\/photos\\/1388947\\/technology-telephone-mobile-smart-1388947.jpeg\",\"https:\\/\\/images.pexels.com\\/photos\\/719399\\/pexels-photo-719399.jpeg\",\"https:\\/\\/images.pexels.com\\/photos\\/5053740\\/pexels-photo-5053740.jpeg\"]', 'https://images.pexels.com/photos/821652/pexels-photo-821652.jpeg', 0, 'Super titre 52', 'Culpa aperiam rerum nulla est et sint. Dolore impedit libero non provident blanditiis. Neque nam tempora rem voluptatem nesciunt enim. Impedit ratione iste ad aut veritatis et numquam excepturi.', 671, 'Bergebury', '56765', -61.169466, -113.964811, '2021-01-25 10:56:11', '0000-00-00 00:00:00'),
(154, 33, 5, '[\"https:\\/\\/images.pexels.com\\/photos\\/821652\\/pexels-photo-821652.jpeg\",\"https:\\/\\/images.pexels.com\\/photos\\/1388947\\/technology-telephone-mobile-smart-1388947.jpeg\",\"https:\\/\\/images.pexels.com\\/photos\\/719399\\/pexels-photo-719399.jpeg\",\"https:\\/\\/images.pexels.com\\/photos\\/5053740\\/pexels-photo-5053740.jpeg\"]', 'https://images.pexels.com/photos/719399/pexels-photo-719399.jpeg', 0, 'Super titre 53', 'Quis est id ut aliquid amet. Ut odit magnam cumque harum vel culpa impedit. Odit et rem sed rerum est eligendi consectetur. Quae voluptas vero facilis optio autem totam.', 259, 'Chanceland', '96615', -31.832185, 54.229312, '2021-01-25 10:56:11', '0000-00-00 00:00:00'),
(155, 80, 7, '[\"https:\\/\\/images.pexels.com\\/photos\\/821652\\/pexels-photo-821652.jpeg\",\"https:\\/\\/images.pexels.com\\/photos\\/1388947\\/technology-telephone-mobile-smart-1388947.jpeg\",\"https:\\/\\/images.pexels.com\\/photos\\/719399\\/pexels-photo-719399.jpeg\",\"https:\\/\\/images.pexels.com\\/photos\\/5053740\\/pexels-photo-5053740.jpeg\"]', 'https://images.pexels.com/photos/719399/pexels-photo-719399.jpeg', 0, 'Super titre 54', 'Et qui eveniet quod dolores. Non aut nulla aut. Tempora nihil non unde. Laborum natus est omnis repellat.', 552, 'Brionnatown', '88565', 4.877596, -4.654478, '2021-01-25 10:56:11', '0000-00-00 00:00:00'),
(156, 33, 1, '[\"https:\\/\\/images.pexels.com\\/photos\\/821652\\/pexels-photo-821652.jpeg\",\"https:\\/\\/images.pexels.com\\/photos\\/1388947\\/technology-telephone-mobile-smart-1388947.jpeg\",\"https:\\/\\/images.pexels.com\\/photos\\/719399\\/pexels-photo-719399.jpeg\",\"https:\\/\\/images.pexels.com\\/photos\\/5053740\\/pexels-photo-5053740.jpeg\"]', 'https://images.pexels.com/photos/719399/pexels-photo-719399.jpeg', 0, 'Super titre 55', 'Nulla quas aut qui mollitia non ratione at est. Dolorem est rerum tempore ea quisquam rerum. Alias quo doloremque totam nobis ut. Architecto dolor porro beatae non asperiores quam rerum.', 697, 'Nolanberg', '40349-4670', -42.947849, -75.362014, '2021-01-25 10:56:11', '0000-00-00 00:00:00'),
(157, 57, 2, '[\"https:\\/\\/images.pexels.com\\/photos\\/821652\\/pexels-photo-821652.jpeg\",\"https:\\/\\/images.pexels.com\\/photos\\/1388947\\/technology-telephone-mobile-smart-1388947.jpeg\",\"https:\\/\\/images.pexels.com\\/photos\\/719399\\/pexels-photo-719399.jpeg\",\"https:\\/\\/images.pexels.com\\/photos\\/5053740\\/pexels-photo-5053740.jpeg\"]', 'https://images.pexels.com/photos/5053740/pexels-photo-5053740.jpeg', 0, 'Super titre 56', 'At quisquam corporis maxime nisi. Doloremque distinctio praesentium quo iusto placeat. Odit rerum voluptas iste voluptas veniam voluptatem ipsam molestias.', 314, 'Hintzfurt', '13857', -47.589495, -100.233718, '2021-01-25 10:56:11', '0000-00-00 00:00:00'),
(158, 15, 5, '[\"https:\\/\\/images.pexels.com\\/photos\\/821652\\/pexels-photo-821652.jpeg\",\"https:\\/\\/images.pexels.com\\/photos\\/1388947\\/technology-telephone-mobile-smart-1388947.jpeg\",\"https:\\/\\/images.pexels.com\\/photos\\/719399\\/pexels-photo-719399.jpeg\",\"https:\\/\\/images.pexels.com\\/photos\\/5053740\\/pexels-photo-5053740.jpeg\"]', 'https://images.pexels.com/photos/5053740/pexels-photo-5053740.jpeg', 0, 'Super titre 57', 'Id inventore quasi modi dolorum et. Error optio corrupti eligendi modi. Cum voluptas qui fugit ratione quaerat itaque. Ut nostrum vel molestiae cupiditate harum fuga provident tempora.', 933, 'Otishaven', '63832-0309', 27.524008, 109.920135, '2021-01-25 10:56:11', '0000-00-00 00:00:00'),
(159, 31, 6, '[\"https:\\/\\/images.pexels.com\\/photos\\/821652\\/pexels-photo-821652.jpeg\",\"https:\\/\\/images.pexels.com\\/photos\\/1388947\\/technology-telephone-mobile-smart-1388947.jpeg\",\"https:\\/\\/images.pexels.com\\/photos\\/719399\\/pexels-photo-719399.jpeg\",\"https:\\/\\/images.pexels.com\\/photos\\/5053740\\/pexels-photo-5053740.jpeg\"]', 'https://images.pexels.com/photos/821652/pexels-photo-821652.jpeg', 0, 'Super titre 58', 'Esse incidunt id reprehenderit accusantium perspiciatis accusantium. Vel rerum assumenda facilis voluptas aliquam aliquam voluptas. A iure sit ut omnis.', 128, 'North Melisa', '95285', -16.915537, -38.63226, '2021-01-25 10:56:11', '0000-00-00 00:00:00'),
(160, 66, 7, '[\"https:\\/\\/images.pexels.com\\/photos\\/821652\\/pexels-photo-821652.jpeg\",\"https:\\/\\/images.pexels.com\\/photos\\/1388947\\/technology-telephone-mobile-smart-1388947.jpeg\",\"https:\\/\\/images.pexels.com\\/photos\\/719399\\/pexels-photo-719399.jpeg\",\"https:\\/\\/images.pexels.com\\/photos\\/5053740\\/pexels-photo-5053740.jpeg\"]', 'https://images.pexels.com/photos/821652/pexels-photo-821652.jpeg', 0, 'Super titre 59', 'Qui autem ratione ea corporis modi unde. Quia commodi rerum enim quia ut consequatur et. Perferendis rerum repellat non vel laborum quo.', 240, 'Homenickfort', '04419', -31.522861, 148.917398, '2021-01-25 10:56:11', '0000-00-00 00:00:00'),
(162, 95, 6, '[\"https:\\/\\/images.pexels.com\\/photos\\/821652\\/pexels-photo-821652.jpeg\",\"https:\\/\\/images.pexels.com\\/photos\\/1388947\\/technology-telephone-mobile-smart-1388947.jpeg\",\"https:\\/\\/images.pexels.com\\/photos\\/719399\\/pexels-photo-719399.jpeg\",\"https:\\/\\/images.pexels.com\\/photos\\/5053740\\/pexels-photo-5053740.jpeg\"]', 'https://images.pexels.com/photos/1388947/technology-telephone-mobile-smart-1388947.jpeg', 0, 'Super titre 61', 'Ut similique labore doloribus ut officiis nihil odio. Inventore molestiae et qui.', 493, 'Letachester', '32648', -16.413918, -46.650819, '2021-01-25 10:56:11', '0000-00-00 00:00:00'),
(163, 95, 3, '[\"https:\\/\\/images.pexels.com\\/photos\\/821652\\/pexels-photo-821652.jpeg\",\"https:\\/\\/images.pexels.com\\/photos\\/1388947\\/technology-telephone-mobile-smart-1388947.jpeg\",\"https:\\/\\/images.pexels.com\\/photos\\/719399\\/pexels-photo-719399.jpeg\",\"https:\\/\\/images.pexels.com\\/photos\\/5053740\\/pexels-photo-5053740.jpeg\"]', 'https://images.pexels.com/photos/719399/pexels-photo-719399.jpeg', 0, 'Super titre 62', 'Hic nihil nulla et incidunt et provident nostrum voluptates. Sit id consequuntur minus delectus. Quam dignissimos error ut assumenda et. Sed quia quod aliquid enim.', 585, 'Edwinabury', '05811-1211', -14.135163, -6.628732, '2021-01-25 10:56:11', '0000-00-00 00:00:00'),
(166, 41, 4, '[\"https:\\/\\/images.pexels.com\\/photos\\/821652\\/pexels-photo-821652.jpeg\",\"https:\\/\\/images.pexels.com\\/photos\\/1388947\\/technology-telephone-mobile-smart-1388947.jpeg\",\"https:\\/\\/images.pexels.com\\/photos\\/719399\\/pexels-photo-719399.jpeg\",\"https:\\/\\/images.pexels.com\\/photos\\/5053740\\/pexels-photo-5053740.jpeg\"]', 'https://images.pexels.com/photos/821652/pexels-photo-821652.jpeg', 0, 'Super titre 65', 'Veritatis sunt ut sed iste vitae. Dolores incidunt officia delectus eos corporis id quia. Dolorem dolorem ea quas placeat commodi sunt.', 181, 'South Ardith', '56403', -10.149399, -21.906809, '2021-01-25 10:56:11', '0000-00-00 00:00:00'),
(167, 30, 1, '[\"https:\\/\\/images.pexels.com\\/photos\\/821652\\/pexels-photo-821652.jpeg\",\"https:\\/\\/images.pexels.com\\/photos\\/1388947\\/technology-telephone-mobile-smart-1388947.jpeg\",\"https:\\/\\/images.pexels.com\\/photos\\/719399\\/pexels-photo-719399.jpeg\",\"https:\\/\\/images.pexels.com\\/photos\\/5053740\\/pexels-photo-5053740.jpeg\"]', 'https://images.pexels.com/photos/5053740/pexels-photo-5053740.jpeg', 0, 'Super titre 66', 'Omnis nostrum blanditiis ut nihil voluptatibus vel et. Et quam fugiat dolor porro doloribus. Et ut qui odio in.', 561, 'Dagmarside', '09399-0463', -23.587806, 146.04556, '2021-01-25 10:56:11', '0000-00-00 00:00:00'),
(169, 17, 6, '[\"https:\\/\\/images.pexels.com\\/photos\\/821652\\/pexels-photo-821652.jpeg\",\"https:\\/\\/images.pexels.com\\/photos\\/1388947\\/technology-telephone-mobile-smart-1388947.jpeg\",\"https:\\/\\/images.pexels.com\\/photos\\/719399\\/pexels-photo-719399.jpeg\",\"https:\\/\\/images.pexels.com\\/photos\\/5053740\\/pexels-photo-5053740.jpeg\"]', 'https://images.pexels.com/photos/821652/pexels-photo-821652.jpeg', 0, 'Super titre 68', 'Quidem ab voluptatem voluptatem praesentium reiciendis cupiditate et. Consequatur molestiae omnis voluptatem aut. Recusandae ea aut est sint magni et ut. Eum quo aliquid numquam amet temporibus nemo.', 279, 'Kamillefort', '34915', 8.996008, 69.784809, '2021-01-25 10:56:11', '0000-00-00 00:00:00'),
(171, 37, 7, '[\"https:\\/\\/images.pexels.com\\/photos\\/821652\\/pexels-photo-821652.jpeg\",\"https:\\/\\/images.pexels.com\\/photos\\/1388947\\/technology-telephone-mobile-smart-1388947.jpeg\",\"https:\\/\\/images.pexels.com\\/photos\\/719399\\/pexels-photo-719399.jpeg\",\"https:\\/\\/images.pexels.com\\/photos\\/5053740\\/pexels-photo-5053740.jpeg\"]', 'https://images.pexels.com/photos/5053740/pexels-photo-5053740.jpeg', 0, 'Super titre 70', 'Consequuntur numquam vero nobis aut mollitia. Consequatur et itaque ut et. Omnis consequuntur illo iure quia nostrum quod iure possimus.', 785, 'North Bianka', '22675', 15.11213, 98.044007, '2021-01-25 10:56:11', '0000-00-00 00:00:00'),
(172, 79, 5, '[\"https:\\/\\/images.pexels.com\\/photos\\/821652\\/pexels-photo-821652.jpeg\",\"https:\\/\\/images.pexels.com\\/photos\\/1388947\\/technology-telephone-mobile-smart-1388947.jpeg\",\"https:\\/\\/images.pexels.com\\/photos\\/719399\\/pexels-photo-719399.jpeg\",\"https:\\/\\/images.pexels.com\\/photos\\/5053740\\/pexels-photo-5053740.jpeg\"]', 'https://images.pexels.com/photos/1388947/technology-telephone-mobile-smart-1388947.jpeg', 0, 'Super titre 71', 'Tempora voluptatem veniam excepturi dolore ad illo nulla molestias. Quasi error voluptas possimus. Sapiente illo quod dolorem harum. Et nam et mollitia quod quod.', 320, 'Lake Holden', '32710', 36.467117, -22.633816, '2021-01-25 10:56:12', '0000-00-00 00:00:00'),
(173, 88, 2, '[\"https:\\/\\/images.pexels.com\\/photos\\/821652\\/pexels-photo-821652.jpeg\",\"https:\\/\\/images.pexels.com\\/photos\\/1388947\\/technology-telephone-mobile-smart-1388947.jpeg\",\"https:\\/\\/images.pexels.com\\/photos\\/719399\\/pexels-photo-719399.jpeg\",\"https:\\/\\/images.pexels.com\\/photos\\/5053740\\/pexels-photo-5053740.jpeg\"]', 'https://images.pexels.com/photos/1388947/technology-telephone-mobile-smart-1388947.jpeg', 0, 'Super titre 72', 'Est aliquam provident at consequuntur est. Dolorem laboriosam dolor beatae esse accusamus. Qui enim dolore facere fugit. Et excepturi dolor et sequi aut quod ut.', 817, 'Port Jermain', '40114-8056', -14.130804, 15.644053, '2021-01-25 10:56:12', '0000-00-00 00:00:00'),
(175, 13, 5, '[\"https:\\/\\/images.pexels.com\\/photos\\/821652\\/pexels-photo-821652.jpeg\",\"https:\\/\\/images.pexels.com\\/photos\\/1388947\\/technology-telephone-mobile-smart-1388947.jpeg\",\"https:\\/\\/images.pexels.com\\/photos\\/719399\\/pexels-photo-719399.jpeg\",\"https:\\/\\/images.pexels.com\\/photos\\/5053740\\/pexels-photo-5053740.jpeg\"]', 'https://images.pexels.com/photos/821652/pexels-photo-821652.jpeg', 0, 'Super titre 74', 'Nemo ex et nam quisquam excepturi inventore nihil. Fugiat accusantium vitae sint ratione laboriosam.', 908, 'Lake Therese', '16693-3184', 41.029707, 157.149207, '2021-01-25 10:56:12', '0000-00-00 00:00:00'),
(176, 34, 4, '[\"https:\\/\\/images.pexels.com\\/photos\\/821652\\/pexels-photo-821652.jpeg\",\"https:\\/\\/images.pexels.com\\/photos\\/1388947\\/technology-telephone-mobile-smart-1388947.jpeg\",\"https:\\/\\/images.pexels.com\\/photos\\/719399\\/pexels-photo-719399.jpeg\",\"https:\\/\\/images.pexels.com\\/photos\\/5053740\\/pexels-photo-5053740.jpeg\"]', 'https://images.pexels.com/photos/719399/pexels-photo-719399.jpeg', 0, 'Super titre 75', 'Magni beatae voluptatem similique saepe voluptatibus quia voluptates. Quia ex velit qui alias. Harum commodi fugiat neque soluta aut.', 182, 'Nestorfort', '77280-6152', 47.966142, 12.942365, '2021-01-25 10:56:12', '0000-00-00 00:00:00');
INSERT INTO `posts` (`id`, `id_user`, `id_breakdown_category`, `images`, `cover_image`, `is_solved`, `title`, `content`, `budget`, `city`, `postal_code`, `lat`, `lon`, `created_at`, `updated_at`) VALUES
(177, 93, 6, '[\"https:\\/\\/images.pexels.com\\/photos\\/821652\\/pexels-photo-821652.jpeg\",\"https:\\/\\/images.pexels.com\\/photos\\/1388947\\/technology-telephone-mobile-smart-1388947.jpeg\",\"https:\\/\\/images.pexels.com\\/photos\\/719399\\/pexels-photo-719399.jpeg\",\"https:\\/\\/images.pexels.com\\/photos\\/5053740\\/pexels-photo-5053740.jpeg\"]', 'https://images.pexels.com/photos/821652/pexels-photo-821652.jpeg', 0, 'Super titre 76', 'Rerum veniam sapiente ipsum quaerat repellat odio ab. Et minima magnam qui impedit ullam et.', 983, 'Kubton', '30846', -83.992177, 10.454036, '2021-01-25 10:56:12', '0000-00-00 00:00:00'),
(178, 98, 3, '[\"https:\\/\\/images.pexels.com\\/photos\\/821652\\/pexels-photo-821652.jpeg\",\"https:\\/\\/images.pexels.com\\/photos\\/1388947\\/technology-telephone-mobile-smart-1388947.jpeg\",\"https:\\/\\/images.pexels.com\\/photos\\/719399\\/pexels-photo-719399.jpeg\",\"https:\\/\\/images.pexels.com\\/photos\\/5053740\\/pexels-photo-5053740.jpeg\"]', 'https://images.pexels.com/photos/719399/pexels-photo-719399.jpeg', 0, 'Super titre 77', 'Voluptas veniam laboriosam placeat reiciendis laborum. Excepturi odio magnam iusto hic illo aut dolores quod. Sed corrupti rerum amet quis non fugiat vero. Ipsa officia voluptatum dolores eum.', 672, 'West Gabeport', '43387', 86.309142, -115.591232, '2021-01-25 10:56:12', '0000-00-00 00:00:00'),
(179, 82, 2, '[\"https:\\/\\/images.pexels.com\\/photos\\/821652\\/pexels-photo-821652.jpeg\",\"https:\\/\\/images.pexels.com\\/photos\\/1388947\\/technology-telephone-mobile-smart-1388947.jpeg\",\"https:\\/\\/images.pexels.com\\/photos\\/719399\\/pexels-photo-719399.jpeg\",\"https:\\/\\/images.pexels.com\\/photos\\/5053740\\/pexels-photo-5053740.jpeg\"]', 'https://images.pexels.com/photos/5053740/pexels-photo-5053740.jpeg', 0, 'Super titre 78', 'Molestias est quam vel omnis dicta accusamus. Et voluptatem consequuntur ad omnis. Dicta amet consequatur a eaque error fugit.', 534, 'South Maxinehaven', '07159', 73.476283, 37.860386, '2021-01-25 10:56:12', '0000-00-00 00:00:00'),
(180, 79, 3, '[\"https:\\/\\/images.pexels.com\\/photos\\/821652\\/pexels-photo-821652.jpeg\",\"https:\\/\\/images.pexels.com\\/photos\\/1388947\\/technology-telephone-mobile-smart-1388947.jpeg\",\"https:\\/\\/images.pexels.com\\/photos\\/719399\\/pexels-photo-719399.jpeg\",\"https:\\/\\/images.pexels.com\\/photos\\/5053740\\/pexels-photo-5053740.jpeg\"]', 'https://images.pexels.com/photos/5053740/pexels-photo-5053740.jpeg', 0, 'Super titre 79', 'Consectetur eaque tempora voluptas distinctio delectus natus. Occaecati rerum molestias vero ipsa enim aut. Totam et in quas qui. Amet numquam numquam et est perferendis sequi.', 377, 'Arvillamouth', '30416', 44.003372, 154.546423, '2021-01-25 10:56:12', '0000-00-00 00:00:00'),
(181, 53, 4, '[\"https:\\/\\/images.pexels.com\\/photos\\/821652\\/pexels-photo-821652.jpeg\",\"https:\\/\\/images.pexels.com\\/photos\\/1388947\\/technology-telephone-mobile-smart-1388947.jpeg\",\"https:\\/\\/images.pexels.com\\/photos\\/719399\\/pexels-photo-719399.jpeg\",\"https:\\/\\/images.pexels.com\\/photos\\/5053740\\/pexels-photo-5053740.jpeg\"]', 'https://images.pexels.com/photos/821652/pexels-photo-821652.jpeg', 0, 'Super titre 80', 'Quibusdam fugiat et voluptatem laboriosam cum natus quia. Hic accusantium vitae nam voluptatem. Earum dicta odit quaerat officia praesentium ullam.', 236, 'Gusikowskimouth', '47231-6019', 67.672016, 175.916124, '2021-01-25 10:56:12', '0000-00-00 00:00:00'),
(182, 46, 2, '[\"https:\\/\\/images.pexels.com\\/photos\\/821652\\/pexels-photo-821652.jpeg\",\"https:\\/\\/images.pexels.com\\/photos\\/1388947\\/technology-telephone-mobile-smart-1388947.jpeg\",\"https:\\/\\/images.pexels.com\\/photos\\/719399\\/pexels-photo-719399.jpeg\",\"https:\\/\\/images.pexels.com\\/photos\\/5053740\\/pexels-photo-5053740.jpeg\"]', 'https://images.pexels.com/photos/5053740/pexels-photo-5053740.jpeg', 0, 'Super titre 81', 'Dolorem unde consequatur ipsa excepturi esse. Voluptatibus dolorem dicta in voluptatum voluptates illum. Tempore itaque temporibus ut nam odit perspiciatis. Ut ea sed labore praesentium molestiae.', 113, 'Keventon', '18367-4025', 72.560696, -135.347985, '2021-01-25 10:56:12', '0000-00-00 00:00:00'),
(184, 16, 4, '[\"https:\\/\\/images.pexels.com\\/photos\\/821652\\/pexels-photo-821652.jpeg\",\"https:\\/\\/images.pexels.com\\/photos\\/1388947\\/technology-telephone-mobile-smart-1388947.jpeg\",\"https:\\/\\/images.pexels.com\\/photos\\/719399\\/pexels-photo-719399.jpeg\",\"https:\\/\\/images.pexels.com\\/photos\\/5053740\\/pexels-photo-5053740.jpeg\"]', 'https://images.pexels.com/photos/1388947/technology-telephone-mobile-smart-1388947.jpeg', 0, 'Super titre 83', 'Dolorum aspernatur quia corporis quasi qui. Nesciunt ab amet ducimus occaecati esse quia accusamus quam. Ut quis rem et sed quo nam temporibus.', 387, 'Lake Jamison', '68721', -20.30292, 157.337383, '2021-01-25 10:56:12', '0000-00-00 00:00:00'),
(185, 57, 6, '[\"https:\\/\\/images.pexels.com\\/photos\\/821652\\/pexels-photo-821652.jpeg\",\"https:\\/\\/images.pexels.com\\/photos\\/1388947\\/technology-telephone-mobile-smart-1388947.jpeg\",\"https:\\/\\/images.pexels.com\\/photos\\/719399\\/pexels-photo-719399.jpeg\",\"https:\\/\\/images.pexels.com\\/photos\\/5053740\\/pexels-photo-5053740.jpeg\"]', 'https://images.pexels.com/photos/821652/pexels-photo-821652.jpeg', 0, 'Super titre 84', 'Atque libero impedit eos quia quas velit inventore. Illo aut laudantium inventore nihil voluptatum modi. Qui ea ea ut consequatur sequi omnis.', 186, 'Jaronborough', '36147', 62.184944, -30.078927, '2021-01-25 10:56:12', '0000-00-00 00:00:00'),
(186, 71, 2, '[\"https:\\/\\/images.pexels.com\\/photos\\/821652\\/pexels-photo-821652.jpeg\",\"https:\\/\\/images.pexels.com\\/photos\\/1388947\\/technology-telephone-mobile-smart-1388947.jpeg\",\"https:\\/\\/images.pexels.com\\/photos\\/719399\\/pexels-photo-719399.jpeg\",\"https:\\/\\/images.pexels.com\\/photos\\/5053740\\/pexels-photo-5053740.jpeg\"]', 'https://images.pexels.com/photos/1388947/technology-telephone-mobile-smart-1388947.jpeg', 0, 'Super titre 85', 'Voluptatem velit repudiandae dolorum cum adipisci et ullam. Eligendi aut nesciunt et voluptate officiis laborum magni.', 438, 'Fisherchester', '58845-3573', 3.580498, 155.729673, '2021-01-25 10:56:12', '0000-00-00 00:00:00'),
(187, 38, 1, '[\"https:\\/\\/images.pexels.com\\/photos\\/821652\\/pexels-photo-821652.jpeg\",\"https:\\/\\/images.pexels.com\\/photos\\/1388947\\/technology-telephone-mobile-smart-1388947.jpeg\",\"https:\\/\\/images.pexels.com\\/photos\\/719399\\/pexels-photo-719399.jpeg\",\"https:\\/\\/images.pexels.com\\/photos\\/5053740\\/pexels-photo-5053740.jpeg\"]', 'https://images.pexels.com/photos/821652/pexels-photo-821652.jpeg', 0, 'Super titre 86', 'Dolorem aut quis excepturi necessitatibus commodi. Nobis eius ut eos fugiat ea. Deleniti sunt nesciunt autem. Architecto eos quo repellat nihil iste at perferendis.', 803, 'North Dan', '86092', 21.31693, 46.2931, '2021-01-25 10:56:12', '0000-00-00 00:00:00'),
(189, 77, 2, '[\"https:\\/\\/images.pexels.com\\/photos\\/821652\\/pexels-photo-821652.jpeg\",\"https:\\/\\/images.pexels.com\\/photos\\/1388947\\/technology-telephone-mobile-smart-1388947.jpeg\",\"https:\\/\\/images.pexels.com\\/photos\\/719399\\/pexels-photo-719399.jpeg\",\"https:\\/\\/images.pexels.com\\/photos\\/5053740\\/pexels-photo-5053740.jpeg\"]', 'https://images.pexels.com/photos/821652/pexels-photo-821652.jpeg', 0, 'Super titre 88', 'Consequatur architecto provident molestiae ducimus et suscipit. Voluptatibus aut consequuntur laudantium nobis distinctio. Suscipit minima ab dolores voluptatem.', 810, 'East Jedidiahberg', '37284', 17.911766, 53.766964, '2021-01-25 10:56:12', '0000-00-00 00:00:00'),
(190, 66, 5, '[\"https:\\/\\/images.pexels.com\\/photos\\/821652\\/pexels-photo-821652.jpeg\",\"https:\\/\\/images.pexels.com\\/photos\\/1388947\\/technology-telephone-mobile-smart-1388947.jpeg\",\"https:\\/\\/images.pexels.com\\/photos\\/719399\\/pexels-photo-719399.jpeg\",\"https:\\/\\/images.pexels.com\\/photos\\/5053740\\/pexels-photo-5053740.jpeg\"]', 'https://images.pexels.com/photos/719399/pexels-photo-719399.jpeg', 0, 'Super titre 89', 'Voluptatem dolor recusandae et aliquam ad. Eligendi incidunt soluta quia optio.', 958, 'Porterbury', '31333-0059', 50.110708, -122.348812, '2021-01-25 10:56:12', '0000-00-00 00:00:00'),
(192, 53, 5, '[\"https:\\/\\/images.pexels.com\\/photos\\/821652\\/pexels-photo-821652.jpeg\",\"https:\\/\\/images.pexels.com\\/photos\\/1388947\\/technology-telephone-mobile-smart-1388947.jpeg\",\"https:\\/\\/images.pexels.com\\/photos\\/719399\\/pexels-photo-719399.jpeg\",\"https:\\/\\/images.pexels.com\\/photos\\/5053740\\/pexels-photo-5053740.jpeg\"]', 'https://images.pexels.com/photos/5053740/pexels-photo-5053740.jpeg', 0, 'Super titre 91', 'Nam ipsum est et velit est ducimus blanditiis. Dolorem dignissimos occaecati omnis repudiandae quas magnam provident. Necessitatibus voluptatum mollitia ea quia omnis ad.', 59, 'North Felicitaberg', '01211-0996', 88.352873, -156.636825, '2021-01-25 10:56:12', '0000-00-00 00:00:00'),
(193, 24, 7, '[\"https:\\/\\/images.pexels.com\\/photos\\/821652\\/pexels-photo-821652.jpeg\",\"https:\\/\\/images.pexels.com\\/photos\\/1388947\\/technology-telephone-mobile-smart-1388947.jpeg\",\"https:\\/\\/images.pexels.com\\/photos\\/719399\\/pexels-photo-719399.jpeg\",\"https:\\/\\/images.pexels.com\\/photos\\/5053740\\/pexels-photo-5053740.jpeg\"]', 'https://images.pexels.com/photos/719399/pexels-photo-719399.jpeg', 0, 'Super titre 92', 'Minima officiis rem nostrum aspernatur occaecati ex. Molestiae quaerat quo placeat. Quia velit consequatur nostrum nulla facilis iure earum et. Earum eligendi dolorem unde.', 648, 'West Fridahaven', '50332-0326', 87.012431, -17.301515, '2021-01-25 10:56:12', '0000-00-00 00:00:00'),
(194, 54, 3, '[\"https:\\/\\/images.pexels.com\\/photos\\/821652\\/pexels-photo-821652.jpeg\",\"https:\\/\\/images.pexels.com\\/photos\\/1388947\\/technology-telephone-mobile-smart-1388947.jpeg\",\"https:\\/\\/images.pexels.com\\/photos\\/719399\\/pexels-photo-719399.jpeg\",\"https:\\/\\/images.pexels.com\\/photos\\/5053740\\/pexels-photo-5053740.jpeg\"]', 'https://images.pexels.com/photos/1388947/technology-telephone-mobile-smart-1388947.jpeg', 0, 'Super titre 93', 'Et qui ut est delectus rem. Et aspernatur sequi eligendi harum. Tempore ea corporis repellat sit nulla molestias. Repudiandae mollitia accusamus quasi voluptates quo at.', 845, 'Babystad', '29147-1521', 44.080785, -20.735937, '2021-01-25 10:56:12', '0000-00-00 00:00:00'),
(195, 19, 7, '[\"https:\\/\\/images.pexels.com\\/photos\\/821652\\/pexels-photo-821652.jpeg\",\"https:\\/\\/images.pexels.com\\/photos\\/1388947\\/technology-telephone-mobile-smart-1388947.jpeg\",\"https:\\/\\/images.pexels.com\\/photos\\/719399\\/pexels-photo-719399.jpeg\",\"https:\\/\\/images.pexels.com\\/photos\\/5053740\\/pexels-photo-5053740.jpeg\"]', 'https://images.pexels.com/photos/719399/pexels-photo-719399.jpeg', 0, 'Super titre 94', 'Vitae rerum illum deleniti dolores aut. Temporibus et ratione temporibus molestias nostrum. Suscipit quibusdam fugit aspernatur. Ut ad libero laudantium officiis.', 2, 'Lake Laruetown', '07601-1752', 40.353347, -107.164582, '2021-01-25 10:56:12', '0000-00-00 00:00:00'),
(196, 13, 2, '[\"https:\\/\\/images.pexels.com\\/photos\\/821652\\/pexels-photo-821652.jpeg\",\"https:\\/\\/images.pexels.com\\/photos\\/1388947\\/technology-telephone-mobile-smart-1388947.jpeg\",\"https:\\/\\/images.pexels.com\\/photos\\/719399\\/pexels-photo-719399.jpeg\",\"https:\\/\\/images.pexels.com\\/photos\\/5053740\\/pexels-photo-5053740.jpeg\"]', 'https://images.pexels.com/photos/1388947/technology-telephone-mobile-smart-1388947.jpeg', 0, 'Super titre 95', 'Dolores nihil saepe nulla aliquam quia. Ex consequatur delectus natus quaerat aut. Molestias error dolore id rerum. Maxime magnam consequatur cum sit ipsa est eum vitae.', 270, 'Valentineview', '01814-2286', -1.254247, 151.45709, '2021-01-25 10:56:12', '0000-00-00 00:00:00'),
(198, 49, 2, '[\"https:\\/\\/images.pexels.com\\/photos\\/821652\\/pexels-photo-821652.jpeg\",\"https:\\/\\/images.pexels.com\\/photos\\/1388947\\/technology-telephone-mobile-smart-1388947.jpeg\",\"https:\\/\\/images.pexels.com\\/photos\\/719399\\/pexels-photo-719399.jpeg\",\"https:\\/\\/images.pexels.com\\/photos\\/5053740\\/pexels-photo-5053740.jpeg\"]', 'https://images.pexels.com/photos/821652/pexels-photo-821652.jpeg', 0, 'Super titre 97', 'Non porro quisquam error. Sed omnis laudantium iste a. Mollitia ad aut omnis quas necessitatibus. Odit deleniti omnis similique quasi quas.', 548, 'Schmidtmouth', '75994-0553', -62.890435, 91.094068, '2021-01-25 10:56:12', '0000-00-00 00:00:00'),
(199, 72, 7, '[\"https:\\/\\/images.pexels.com\\/photos\\/821652\\/pexels-photo-821652.jpeg\",\"https:\\/\\/images.pexels.com\\/photos\\/1388947\\/technology-telephone-mobile-smart-1388947.jpeg\",\"https:\\/\\/images.pexels.com\\/photos\\/719399\\/pexels-photo-719399.jpeg\",\"https:\\/\\/images.pexels.com\\/photos\\/5053740\\/pexels-photo-5053740.jpeg\"]', 'https://images.pexels.com/photos/1388947/technology-telephone-mobile-smart-1388947.jpeg', 0, 'Super titre 98', 'Ea doloremque ut et aperiam officiis. Placeat voluptas vitae et iste. Ipsum laboriosam est dicta atque dolorem.', 219, 'Turcotteport', '76313', 9.284383, -129.868304, '2021-01-25 10:56:12', '0000-00-00 00:00:00');

-- --------------------------------------------------------

--
-- Structure de la table `skills`
--

CREATE TABLE `skills` (
  `id` int(11) NOT NULL,
  `name` varchar(100) NOT NULL,
  `id_breakdown_category` int(11) NOT NULL,
  `created_at` datetime NOT NULL DEFAULT current_timestamp(),
  `updated_at` datetime NOT NULL DEFAULT '0000-00-00 00:00:00' ON UPDATE current_timestamp()
) ENGINE=InnoDB DEFAULT CHARSET=utf8mb4;

--
-- Déchargement des données de la table `skills`
--

INSERT INTO `skills` (`id`, `name`, `id_breakdown_category`, `created_at`, `updated_at`) VALUES
(1, 'je sais détecter une panne', 3, '2021-01-20 15:16:34', '0000-00-00 00:00:00'),
(2, 'je sais remplacer une pièce', 4, '2021-01-20 15:16:34', '0000-00-00 00:00:00');

-- --------------------------------------------------------

--
-- Structure de la table `users`
--

CREATE TABLE `users` (
  `id` int(11) NOT NULL,
  `avatar` varchar(255) DEFAULT NULL,
  `username` varchar(25) NOT NULL,
  `firstname` varchar(25) DEFAULT NULL,
  `lastname` varchar(25) DEFAULT NULL,
  `birthdate` date DEFAULT NULL,
  `email` varchar(50) NOT NULL,
  `adress` varchar(255) DEFAULT NULL,
  `city` varchar(55) DEFAULT NULL,
  `postal_code` varchar(15) DEFAULT NULL,
  `phone_number` varchar(25) DEFAULT NULL,
  `password` varchar(255) NOT NULL,
  `lat` double DEFAULT NULL,
  `lon` double DEFAULT NULL,
  `is_helper` tinyint(1) NOT NULL DEFAULT 0,
  `is_admin` tinyint(1) NOT NULL DEFAULT 0,
  `created_at` datetime NOT NULL DEFAULT current_timestamp(),
  `updated_at` datetime NOT NULL DEFAULT '0000-00-00 00:00:00' ON UPDATE current_timestamp()
) ENGINE=InnoDB DEFAULT CHARSET=utf8mb4;

--
-- Déchargement des données de la table `users`
--

INSERT INTO `users` (`id`, `avatar`, `username`, `firstname`, `lastname`, `birthdate`, `email`, `adress`, `city`, `postal_code`, `phone_number`, `password`, `lat`, `lon`, `is_helper`, `is_admin`, `created_at`, `updated_at`) VALUES
(1, NULL, 'mose96', 'Bartell', 'Treva', '1974-05-03', 'borer.brenden@koss.org', '5654 Upton Bridge Apt. 919\nDaijaside, WY 05381', NULL, NULL, '(587) 558-3589', '$2y$10$9n4hu64zLPLN/mfJ6FG6GOZ/tifAGwOT/G9lexG5p3PHZpyg5zGA6', NULL, NULL, 0, 0, '2021-01-20 15:16:27', '0000-00-00 00:00:00'),
(2, NULL, 'champlin.sigmund', 'Stamm', 'Katharina', '2015-10-19', 'olittel@gmail.com', '765 Hulda Spurs Suite 150\nJulienmouth, HI 39292-4208', NULL, NULL, '678-207-1043', '$2y$10$tBN/PwWx26Xjt2DUhoCfuuL3MAqWUQ8fOysY9PISM9pG7tpAEAz7S', NULL, NULL, 0, 0, '2021-01-20 15:16:27', '0000-00-00 00:00:00'),
(3, NULL, 'markus.altenwerth', 'Shanahan', 'Theodore', '1983-04-09', 'ralph.lowe@kshlerin.biz', '554 Jada Points\nCharlottebury, RI 61405', NULL, NULL, '703.990.8675 x15943', '$2y$10$sYpVdz3J8h9wJdc7zePTwubTQiO/7ip7L3kM./UoYrCRuiwNNMBKi', NULL, NULL, 0, 0, '2021-01-20 15:16:27', '0000-00-00 00:00:00'),
(4, NULL, 'vivienne89', 'Mohr', 'Lenny', '2001-06-05', 'rprice@yahoo.com', '7138 Dion Junctions Apt. 026\nGoldnerland, MA 10845-6082', NULL, NULL, '875.570.2821 x7399', '$2y$10$n1aT7cN4EV85jX7uwnjoIuSs2g7W/2sRYzg.pZoKA2GW6oMg6gvvW', NULL, NULL, 0, 0, '2021-01-20 15:16:28', '0000-00-00 00:00:00'),
(5, NULL, 'sklein', 'Reichel', 'Glennie', '2010-03-20', 'hyatt.ardella@yahoo.com', '2410 Murl Prairie Suite 571\nMinnieshire, LA 60167-9446', NULL, NULL, '1-252-436-6735 x3133', '$2y$10$ag52PrltBeyU4Z1VCy1WCOF5/wKjIYpJD5VngLtOhBHyk3i2EonQ6', NULL, NULL, 0, 0, '2021-01-20 15:16:28', '0000-00-00 00:00:00'),
(6, NULL, 'bgreenfelder', 'Nicolas', 'Rosetta', '2017-01-08', 'levi27@rogahn.org', '661 Blick Underpass Suite 012\nPort Leilaport, VT 09487-7018', NULL, NULL, '791-548-7655 x85744', '$2y$10$KzaebVOWgAVeUgLLWO8ar.NgqpcU8AczZxobkWw7yaekzsyYYZhvu', NULL, NULL, 0, 0, '2021-01-20 15:16:28', '0000-00-00 00:00:00'),
(7, NULL, 'jerel74', 'King', 'Mandy', '1974-08-26', 'sdicki@stokes.com', '9047 Gottlieb Port Suite 944\nSouth Melany, CA 83308', NULL, NULL, '+17816982883', '$2y$10$ZlNgzZNIVVfmreBSGUR.duVGw5yp0mtawDKTdh/K0oHC30GkagOLC', NULL, NULL, 0, 0, '2021-01-20 15:16:28', '0000-00-00 00:00:00'),
(8, NULL, 'mazie88', 'Dooley', 'Amelia', '1990-03-21', 'ccollins@hand.com', '34407 Thelma Lock Apt. 445\nTaniastad, PA 46994', NULL, NULL, '326.780.4681', '$2y$10$j4QRK.WIhUtvSzV1cDKV5OxEN9jQTttfGCcgWOcw3RqW63RFZYwUC', NULL, NULL, 0, 0, '2021-01-20 15:16:28', '0000-00-00 00:00:00'),
(9, NULL, 'steuber.noble', 'Denesik', 'Eulalia', '2017-11-07', 'eden.trantow@yahoo.com', '443 Conroy Mews\nBaumbachburgh, WV 93133', NULL, NULL, '1-930-377-3984', '$2y$10$GpW6YMMbLY/jtS431BALe.8GmpwFduCd1x4A9RIDGH8OXs8RX19oa', NULL, NULL, 0, 0, '2021-01-20 15:16:28', '0000-00-00 00:00:00'),
(10, NULL, 'adolph81', 'Dickinson', 'Irving', '1988-02-21', 'hschimmel@yahoo.com', '677 Hilario Dale Suite 950\nNorth Franzland, NY 07339-5744', NULL, NULL, '(305) 920-3212 x2419', '$2y$10$bWzWT9tcyVd0SVFHkRUyPeztjcvwGEi5u8zu3p/epgzS6IKvtBhci', NULL, NULL, 0, 0, '2021-01-20 15:16:28', '0000-00-00 00:00:00'),
(11, NULL, 'pmayert', 'VonRueden', 'Rosalyn', '2016-09-11', 'wbraun@gmail.com', '6480 Rickey Court\nNew Junius, NJ 54324-3370', NULL, NULL, '(758) 272-2349 x1260', '$2y$10$fSfI.2YSiJUCMdag/O2mfOAMP9YvsPnocVF4/O5VrKAGaXj/s8Y/2', NULL, NULL, 0, 0, '2021-01-20 15:16:28', '0000-00-00 00:00:00'),
(12, NULL, 'tturner', 'Bogan', 'Cory', '1977-08-22', 'charles.zboncak@williamson.net', '160 Kris Squares\nWest Rowan, NV 18524', NULL, NULL, '536-466-3895 x4684', '$2y$10$BwGzjeikOHF/eH/oh9wD7OoRBQp2brvoo1puCWwdSHrA7jWjp2O2G', NULL, NULL, 0, 0, '2021-01-20 15:16:28', '0000-00-00 00:00:00'),
(13, NULL, 'white.vickie', 'Purdy', 'Florence', '1983-03-29', 'rkling@nitzsche.com', '2751 Mohr Shoals Apt. 969\nJedidiahton, AR 90687-9171', NULL, NULL, '+1-336-826-0988', '$2y$10$W6T61AIpEv0WU2Lv6Z.FDeS84DcAbRwIJucDQaZzxaAiZkdYhJ52q', NULL, NULL, 0, 0, '2021-01-20 15:16:28', '0000-00-00 00:00:00'),
(14, NULL, 'kunze.louvenia', 'Beier', 'Itzel', '2008-05-21', 'kobe66@strosin.net', '8352 Jerde Square Suite 567\nWest Vallieport, PA 76650-2395', NULL, NULL, '1-869-204-7891 x08712', '$2y$10$XJdU89dttTZs54OvPNm9f.Dwu5KKJs2JGobPZHNtRYb0ONWaon3Va', NULL, NULL, 0, 0, '2021-01-20 15:16:28', '0000-00-00 00:00:00'),
(15, NULL, 'alice03', 'Boyer', 'Kraig', '1972-04-09', 'nkris@runolfsson.biz', '3825 Beier Plaza\nEast Bethelshire, MI 89227-9075', NULL, NULL, '1-893-650-1619', '$2y$10$ZLdZApHjOqpLdG9mozkWlOXKvLkBtRyPwri3Dy1VS0xxKnHoSADRG', NULL, NULL, 0, 0, '2021-01-20 15:16:28', '0000-00-00 00:00:00'),
(16, NULL, 'weber.stewart', 'Bartell', 'Zachary', '1990-04-19', 'zschultz@skiles.com', '11294 Patience Extension Apt. 156\nNorth Aishaville, AZ 65379-2602', NULL, NULL, '+13145139941', '$2y$10$h4oCFer.OJadx9Qh9A8n2OyqLcReob3SLywFXfVdLavRsPbcH4LKW', NULL, NULL, 0, 0, '2021-01-20 15:16:28', '0000-00-00 00:00:00'),
(17, NULL, 'wrobel', 'Veum', 'Eino', '2011-06-27', 'homenick.christian@hotmail.com', '760 Collin Divide\nEast Mustafatown, CA 32418-7139', NULL, NULL, '295-254-8716 x35216', '$2y$10$KIAMnzl7oMB988a//T0oAOFoESHyKVbFa1wGFT57IggIAIP231n4q', NULL, NULL, 0, 0, '2021-01-20 15:16:28', '0000-00-00 00:00:00'),
(18, NULL, 'iherzog', 'West', 'Aron', '1977-08-01', 'linda78@hotmail.com', '427 Mohammed Cape Apt. 222\nKossport, DC 38438', NULL, NULL, '956-770-5142 x3602', '$2y$10$/Y8pDzlABNB2/tdCg7Z8nuxHLwoV9Tk3wnkfOOt4nIc6zPlRD3avC', NULL, NULL, 0, 0, '2021-01-20 15:16:28', '0000-00-00 00:00:00'),
(19, NULL, 'providenci.kunze', 'Glover', 'Matilda', '1974-10-25', 'xhirthe@hotmail.com', '9254 Muriel Fields\nEast Avery, MD 51713-5143', NULL, NULL, '(397) 881-1220', '$2y$10$AaPzI4YWUHi1c85fOBSBIeMfRZNmHNN0PhUgPJh4p2NQZ3YMlw3GG', NULL, NULL, 0, 0, '2021-01-20 15:16:28', '0000-00-00 00:00:00'),
(20, NULL, 'kiehn.annabel', 'Kautzer', 'Franz', '1988-06-05', 'hilma.mayer@yahoo.com', '8313 Schulist Summit Apt. 930\nPort Augustusbury, MT 03017-7040', NULL, NULL, '(983) 723-4703 x7313', '$2y$10$2LFu6dLDn5rkLU5YS8foJujnwdHRk425sNhHt2GU3/7hUWAEji.Xe', NULL, NULL, 0, 0, '2021-01-20 15:16:29', '0000-00-00 00:00:00'),
(21, NULL, 'qkovacek', 'Johnson', 'Adolf', '1971-05-22', 'angelina.carter@gmail.com', '984 Smith Views Apt. 838\nCollinsview, WI 48601-2030', NULL, NULL, '(535) 879-9672 x786', '$2y$10$l9smE0xoxuo5ZPAXr4pyEOjjX8Y1nPAAfnB5pyx.SszU1SGxQXS/2', NULL, NULL, 0, 0, '2021-01-20 15:16:29', '0000-00-00 00:00:00'),
(22, NULL, 'albertha36', 'Bradtke', 'Josue', '2012-06-08', 'tavares74@trantow.info', '2305 Haylee Coves Apt. 365\nMayertborough, ND 24084-8343', NULL, NULL, '1-232-958-1561', '$2y$10$E7hoDY1oRoCZL6OqATl3i.NuOzu56HipIKtNJPLMrodgmPSE0o6wG', NULL, NULL, 0, 0, '2021-01-20 15:16:29', '0000-00-00 00:00:00'),
(23, NULL, 'tremblay.christina', 'Sanford', 'Lisette', '1991-12-26', 'scotty98@yahoo.com', '551 Mueller Inlet\nConroyport, SD 12975', NULL, NULL, '1-803-890-9253 x9364', '$2y$10$V6jhwufJJJCrtCRQogyssuOIRylDdxoYa3dJ8yc6BF2bQwKQGpMfq', NULL, NULL, 0, 0, '2021-01-20 15:16:29', '0000-00-00 00:00:00'),
(24, NULL, 'london.bins', 'McCullough', 'Kasandra', '2001-10-04', 'giovanny96@yahoo.com', '4477 Kianna Glen Suite 965\nTellyton, AR 42507-9018', NULL, NULL, '972-427-0823 x782', '$2y$10$gP3D7.TY0vthXOcCHszUbuVlrdp51BRE0e3/vogfvDZE3Fhq47a4K', NULL, NULL, 0, 0, '2021-01-20 15:16:29', '0000-00-00 00:00:00'),
(25, NULL, 'beulah83', 'Reichert', 'Keely', '2020-12-25', 'wilbert33@champlin.com', '9192 Schroeder Rapid Apt. 402\nElinorberg, WV 83597-7056', NULL, NULL, '879-658-2673 x5506', '$2y$10$LIIuN49uxzcUYX9XyfEzO.ISthh9EedNneo1DLJTrW1oAsTWhu4HK', NULL, NULL, 0, 0, '2021-01-20 15:16:29', '0000-00-00 00:00:00'),
(26, NULL, 'nathen.crona', 'Spencer', 'Ulices', '1983-02-03', 'gerda.turcotte@yahoo.com', '5543 Osinski Roads Apt. 689\nMitchellmouth, AL 07311', NULL, NULL, '+1 (617) 495-4873', '$2y$10$5XI.rK9IhAYt2tv2Sx0EseLyeD8l8SYPBLEP3lL84aPh/bxzGHaQC', NULL, NULL, 0, 0, '2021-01-20 15:16:29', '0000-00-00 00:00:00'),
(27, NULL, 'fletcher98', 'Streich', 'Berta', '1998-08-10', 'rosina55@green.com', '3844 Ward Cliff Suite 550\nLabadiemouth, NM 08467-9569', NULL, NULL, '(694) 637-7649 x02466', '$2y$10$IRq6ZFZ8XxkgF2mjbeB86.bDh27HjXqAF/39rFoKG8j8xHJyR7K0.', NULL, NULL, 0, 0, '2021-01-20 15:16:29', '0000-00-00 00:00:00'),
(28, NULL, 'gust.cronin', 'Koss', 'Vena', '1978-01-30', 'rippin.tanya@gmail.com', '5549 Jacobson Squares Apt. 662\nPort Kennashire, CA 45931', NULL, NULL, '1-839-489-3397', '$2y$10$bK8quCL/ks8M41WcuJWRP..Jwy6kkv4nklopASeEBdKmeM1sdrBwW', NULL, NULL, 0, 0, '2021-01-20 15:16:29', '0000-00-00 00:00:00'),
(29, NULL, 'pouros.nola', 'Gutmann', 'Charley', '1981-04-01', 'damon.koss@lind.net', '8577 Eleanora Square\nLake Leannberg, MI 46433-5960', NULL, NULL, '+1 (578) 851-6084', '$2y$10$nIYMNLPYjxTQbZAmCW.tveHiGx20VXg91EyejPzkjvoKu6K9zCJfK', NULL, NULL, 0, 0, '2021-01-20 15:16:29', '0000-00-00 00:00:00'),
(30, NULL, 'jayson.glover', 'Trantow', 'Corine', '2006-02-01', 'qbrown@hayes.com', '4761 Hope Centers Apt. 120\nGislasonfurt, MT 14898', NULL, NULL, '515.819.2933 x7992', '$2y$10$lRntrs74gsDXsG4xdXQT6Ors3haqmiAdqWNwmFDzueOv5Fp5.hZ8K', NULL, NULL, 0, 0, '2021-01-20 15:16:29', '0000-00-00 00:00:00'),
(31, NULL, 'bahringer.erwin', 'Ziemann', 'Brooks', '1988-03-09', 'morar.zelma@gmail.com', '1031 Runolfsdottir Prairie Apt. 542\nSouth Amayaville, WY 63127', NULL, NULL, '+17025888090', '$2y$10$6fJU69mGSDhI402DNuVLQeK4FOKtvzkV/W2WgXkzvauR7MSVkCl66', NULL, NULL, 0, 0, '2021-01-20 15:16:29', '0000-00-00 00:00:00'),
(32, NULL, 'abagail53', 'Rolfson', 'Addison', '1973-12-22', 'demarco.eichmann@hessel.info', '828 Wintheiser Shoal\nEast Annamariefort, NY 83429-8430', NULL, NULL, '1-369-797-3628 x14960', '$2y$10$QO.YP8IdmsaTtYfHWlKvbeuLiaqFoKerixKoVpvoJIftsyLfNVMf6', NULL, NULL, 0, 0, '2021-01-20 15:16:29', '0000-00-00 00:00:00'),
(33, NULL, 'schuster.carol', 'Wisoky', 'Imani', '1978-01-26', 'powlowski.murphy@rath.com', '9863 Dach Street Apt. 049\nSouth Mackhaven, FL 53726-7512', NULL, NULL, '1-381-301-8791 x70470', '$2y$10$3SkY8exNWXeqTtF3E2qMMuQ8x1bwiZ0o8CHR/3oy6h//LjIips0D.', NULL, NULL, 0, 0, '2021-01-20 15:16:29', '0000-00-00 00:00:00'),
(34, NULL, 'larkin.oceane', 'Kshlerin', 'Aleen', '1981-06-28', 'abe13@yahoo.com', '15093 Predovic Crescent Apt. 190\nLake Quintonborough, MA 12924-1082', NULL, NULL, '867.200.2311 x89606', '$2y$10$3o7COiA30.dV5aNMjgIuPOBbVV6OsjjeNQANgQ2./.Qj9nYtumNIi', NULL, NULL, 0, 0, '2021-01-20 15:16:29', '0000-00-00 00:00:00'),
(35, NULL, 'hermann.mckenzie', 'Deckow', 'Angelica', '1975-07-10', 'weissnat.benny@murphy.net', '55610 Jacobs Camp Apt. 357\nRodriguezstad, WY 41558-3323', NULL, NULL, '+1 (825) 658-9486', '$2y$10$xviCboZadqafEzMlCkTLIufzNp0UFwiIC4B1cu3iG5KX2uK3GpKee', NULL, NULL, 0, 0, '2021-01-20 15:16:29', '0000-00-00 00:00:00'),
(36, NULL, 'bmcglynn', 'Lynch', 'Richard', '1993-04-04', 'bwunsch@hotmail.com', '1567 Schmeler Crossing\nWest Wilmer, NY 05463', NULL, NULL, '558-418-6149 x920', '$2y$10$Nf5usL8mqSBhHr.BB9lOdeSTO3U0FMCudSyjvQiG/DvU/YhyBzy/i', NULL, NULL, 0, 0, '2021-01-20 15:16:30', '0000-00-00 00:00:00'),
(37, NULL, 'hkertzmann', 'Mertz', 'Sabryna', '1982-05-17', 'halie95@hotmail.com', '258 Abdiel Shoal Apt. 712\nNicholauston, IL 89029-3747', NULL, NULL, '(961) 371-0163', '$2y$10$8ajzQ6x/GoqEdajvjerwz.IVrUKmVP0/jzieGmbRW/HigQF2IZ5Tq', NULL, NULL, 0, 0, '2021-01-20 15:16:30', '0000-00-00 00:00:00'),
(38, NULL, 'wilkinson.liza', 'Ankunding', 'Cayla', '2017-08-07', 'quitzon.letitia@barton.com', '340 Conroy Stream\nRhettstad, IA 77873', NULL, NULL, '(610) 888-5051', '$2y$10$w6O9d3/rwu7bSM0xIVWOtuXszXxsT2IMlFjHbcrsHeszE.luu6Znq', NULL, NULL, 0, 0, '2021-01-20 15:16:30', '0000-00-00 00:00:00'),
(39, NULL, 'markus40', 'Lesch', 'Genevieve', '1978-06-26', 'kaitlin.harber@grant.com', '4849 Ray Park Suite 893\nPort Marcelle, TN 14855', NULL, NULL, '959.379.7068', '$2y$10$SvK4R9gYmAAAmuCloD68fOgZssYLJopYskmudZyGQYHhpdBDiJ65.', NULL, NULL, 0, 0, '2021-01-20 15:16:30', '0000-00-00 00:00:00'),
(40, NULL, 'inolan', 'Lebsack', 'Dexter', '1974-12-26', 'joshua.hansen@marquardt.org', '1039 Conn Court Suite 850\nSouth Deionview, AZ 86183-5373', NULL, NULL, '+1 (549) 914-0464', '$2y$10$8Lq5d/Eda70vOsDdeQ/9Z.iQIXj0pcvXSZWpaVHaahg49MfAueP7S', NULL, NULL, 0, 0, '2021-01-20 15:16:30', '0000-00-00 00:00:00'),
(41, NULL, 'moore.briana', 'O\'Connell', 'Gus', '1986-01-07', 'nrosenbaum@krajcik.net', '41329 Daisy Greens Suite 167\nDavonshire, CO 36461', NULL, NULL, '705.644.9541 x681', '$2y$10$4zMLh5SS/TCc72DFbJ9ZZOdAq1burUCxxGuQVIf.SplbAy72OQOPm', NULL, NULL, 0, 0, '2021-01-20 15:16:30', '0000-00-00 00:00:00'),
(42, NULL, 'zoila.prosacco', 'Treutel', 'Jana', '1989-09-14', 'mbosco@hotmail.com', '7265 Pollich Centers Suite 292\nHarryside, TX 55208-5660', NULL, NULL, '336.456.9420', '$2y$10$U0MaSt41e9O5XNWd3a1eWeIiA4CM43hTqF96JG7GkZC34I7AUBSFG', NULL, NULL, 0, 0, '2021-01-20 15:16:30', '0000-00-00 00:00:00'),
(43, NULL, 'conrad.carter', 'Leffler', 'Benjamin', '2006-05-19', 'delphine92@kris.net', '5357 Elisabeth Brook\nAnnamarieborough, OH 66411-6539', NULL, NULL, '653.635.1852', '$2y$10$OSQBCe8jQYJy5nYl.HoPzO8BIkUFHcKLAGkjcDnMIe.Ki0vS8xHq2', NULL, NULL, 0, 0, '2021-01-20 15:16:30', '0000-00-00 00:00:00'),
(44, NULL, 'morissette.general', 'Parisian', 'Dustin', '1986-09-21', 'qpowlowski@hotmail.com', '9730 Kattie Route Apt. 616\nLake Amos, PA 24088-5197', NULL, NULL, '1-441-419-1043 x895', '$2y$10$qrtl3.GU6q6cg46.v7twGulvPy4CMpHOUqNWR7lIbCaydKaAzAsiS', NULL, NULL, 0, 0, '2021-01-20 15:16:30', '0000-00-00 00:00:00'),
(45, NULL, 'bertrand.rogahn', 'Auer', 'Molly', '1986-07-15', 'vschroeder@stracke.com', '7430 Larissa Roads Apt. 332\nSouth Nolafurt, WA 88049-8508', NULL, NULL, '334-865-4127', '$2y$10$kK63aAtozFUDGaCDzL9v2.X2AoGdlFNoNodAWo8vlqllkpldZwH1i', NULL, NULL, 0, 0, '2021-01-20 15:16:30', '0000-00-00 00:00:00'),
(46, NULL, 'jessyca.armstrong', 'Waters', 'Georgianna', '2010-09-18', 'kutch.kimberly@gottlieb.com', '53262 Romaguera Haven Suite 116\nSouth Floyborough, MT 66997', NULL, NULL, '+1-617-662-7512', '$2y$10$XE/VIH9fnIx7zdwqPAPjReFobxbuaoUFzx8RE14KyC/t6qKG.WeE.', NULL, NULL, 0, 0, '2021-01-20 15:16:30', '0000-00-00 00:00:00'),
(47, NULL, 'fisher.kathlyn', 'Huels', 'Alexandria', '2010-03-05', 'rowe.viviane@balistreri.com', '741 Lester Point Suite 225\nAbbietown, PA 20731-1912', NULL, NULL, '(450) 713-6773', '$2y$10$XSGVXAQT5tQuEXi7Q29ivOiW6Vr3Wz/oOp9p5KnkO6elOU4ywNxVG', NULL, NULL, 0, 0, '2021-01-20 15:16:30', '0000-00-00 00:00:00'),
(48, NULL, 'pschmidt', 'Orn', 'Carmel', '2001-11-27', 'jkuhn@gmail.com', '842 Marquardt Forge Suite 450\nNorth Shawnamouth, MN 15041-0356', NULL, NULL, '(262) 354-1950', '$2y$10$iX/V9t7r2MgV5uW8D0JnP.uQi4LQjZTYLwIbxenFTI/AoRJph.hOC', NULL, NULL, 0, 0, '2021-01-20 15:16:30', '0000-00-00 00:00:00'),
(49, NULL, 'sheila01', 'Zboncak', 'Edythe', '2003-11-11', 'tremayne04@hotmail.com', '42862 Lorenza Ford\nNorth Gussie, IA 10164', NULL, NULL, '(641) 616-8026 x3567', '$2y$10$qDyM3SDato57lnSqm2hiuOBZqucFp5hsiQnvPCsknHbQMrE4UBk8y', NULL, NULL, 0, 0, '2021-01-20 15:16:30', '0000-00-00 00:00:00'),
(50, NULL, 'rosario40', 'Wolff', 'Ronny', '1974-09-03', 'emerson.reinger@tillman.com', '5579 Schiller Lakes\nWest Zella, OK 62746', NULL, NULL, '(846) 460-4868', '$2y$10$Ax5QINGmsG978ifumtKwOOqpzusDWOPlVJmmhn3OeUYttTNb02klG', NULL, NULL, 0, 0, '2021-01-20 15:16:30', '0000-00-00 00:00:00'),
(51, NULL, 'aryanna.funk', 'Collier', 'Terrance', '2002-12-22', 'champlin.rodrick@hotmail.com', '262 Genevieve Flats Apt. 900\nCydneyville, NJ 83548-1853', NULL, NULL, '642.725.8481 x414', '$2y$10$BsYfr/cLtV211Nkipjz1KuUf6Q9S05bnASdVRroXol4B.gYc.rIcG', NULL, NULL, 0, 0, '2021-01-20 15:16:30', '0000-00-00 00:00:00'),
(52, NULL, 'stacy87', 'Keeling', 'Rickey', '1996-06-16', 'hyatt.antonia@dicki.net', '281 Esperanza Station\nHermanhaven, MT 00423', NULL, NULL, '+1-974-610-7368', '$2y$10$snFsct/WUgH.FOUmRATbOOk2x4cq7KzALbBHT5TaKnODXwcLBgc/2', NULL, NULL, 0, 0, '2021-01-20 15:16:31', '0000-00-00 00:00:00'),
(53, NULL, 'dbayer', 'Mraz', 'Kameron', '2018-02-17', 'hodkiewicz.quinn@reilly.net', '431 Meaghan Shoals\nNew Trace, IA 26677-0195', NULL, NULL, '840-278-6047', '$2y$10$p98vuoc.cc1O4XeBlxWtWOb0yS6TQGy3mk8pA7RGku.BbTaER6wYi', NULL, NULL, 0, 0, '2021-01-20 15:16:31', '0000-00-00 00:00:00'),
(54, NULL, 'reichel.freddie', 'Hudson', 'Rupert', '2011-04-13', 'cedrick.von@yahoo.com', '8342 Milan Causeway Apt. 523\nNorth Conradfurt, MN 44582', NULL, NULL, '+18693941217', '$2y$10$4teoVBRnCBuYxkLYUwsgIOrc/klkcAePEqI65IcDVTod9m7d2ZsY.', NULL, NULL, 0, 0, '2021-01-20 15:16:31', '0000-00-00 00:00:00'),
(55, NULL, 'ephraim.sanford', 'Quitzon', 'Edythe', '2018-07-05', 'wsporer@yahoo.com', '5810 Blanche Centers\nGradyview, SC 84818', NULL, NULL, '310-566-1115', '$2y$10$503nwQQyIbmTmoufZJBRIuvpJIhaHD6gZHWf6YLf33nywP6TxszKy', NULL, NULL, 0, 0, '2021-01-20 15:16:31', '0000-00-00 00:00:00'),
(56, NULL, 'florencio26', 'Wilkinson', 'Pierce', '1975-06-10', 'freddie.runte@yahoo.com', '813 Sanford Light\nGrantchester, KY 03732-2500', NULL, NULL, '320.632.5764', '$2y$10$AyLEPxgRLwvAXL2RIVqqWOE4jxvM/w2CRy8Z5oucQFx3bE8PLhToO', NULL, NULL, 0, 0, '2021-01-20 15:16:31', '0000-00-00 00:00:00'),
(57, NULL, 'janelle.grant', 'Hudson', 'Dolores', '2009-03-17', 'monique95@leannon.com', '36779 Frederik Pine Suite 210\nWest Wilfred, OK 14106-5422', NULL, NULL, '224-661-1627', '$2y$10$j.LIGnjKhbGEBufV/96t1.JMfBXHoXFb2cAVLGvUI0BWigfcYmPK.', NULL, NULL, 0, 0, '2021-01-20 15:16:31', '0000-00-00 00:00:00'),
(58, NULL, 'whickle', 'Mann', 'Angelica', '1986-03-13', 'ybradtke@yahoo.com', '845 Kuvalis Plaza\nTwilastad, TN 37894', NULL, NULL, '+1-574-300-3703', '$2y$10$4fffBlgpdI/DT32x9cBq6eKrKCm6UtOg3ABCabO5dXnQs11ekRJ9S', NULL, NULL, 0, 0, '2021-01-20 15:16:31', '0000-00-00 00:00:00'),
(59, NULL, 'bosco.christopher', 'Brekke', 'Tyrell', '1983-10-30', 'larkin.guillermo@hotmail.com', '95445 Ricardo Cliffs\nNorth Nicklauschester, UT 41794', NULL, NULL, '627-631-0076 x4208', '$2y$10$8FE2DrIWXu1C79SkBFDU0.q8aV.bH3ihcQHaOU3UUueQiIDl5KKQu', NULL, NULL, 0, 0, '2021-01-20 15:16:31', '0000-00-00 00:00:00'),
(60, NULL, 'gulgowski.dedrick', 'Frami', 'Addison', '2019-12-14', 'neil85@hotmail.com', '7889 Fadel Fords\nKlinghaven, KY 05366', NULL, NULL, '1-832-260-3303', '$2y$10$LeVH2unaZk1P9hHADSYp/uwl/is7hCrLF950N.9CB7If6HojoDWC2', NULL, NULL, 0, 0, '2021-01-20 15:16:31', '0000-00-00 00:00:00'),
(61, NULL, 'ansel.bednar', 'Graham', 'Vallie', '1977-02-02', 'rcarter@gmail.com', '17718 Hagenes Spring\nSimonefurt, DE 68852-9501', NULL, NULL, '(349) 697-3306 x951', '$2y$10$NcXPaC56aBY.F/xJtJhEt.874BptuDj7w.9715LFJlUntmF5SWNeW', NULL, NULL, 0, 0, '2021-01-20 15:16:31', '0000-00-00 00:00:00'),
(62, NULL, 'raymundo.carter', 'Welch', 'Makenna', '1988-09-27', 'omraz@yahoo.com', '54752 Ricardo Land Suite 017\nNorbertofort, CA 32457', NULL, NULL, '(632) 386-2873 x41941', '$2y$10$9WN1kKK4jZorz41AVuouPOtgOUOXUpFOSS0PiDh2UKvjBuUIToTom', NULL, NULL, 0, 0, '2021-01-20 15:16:31', '0000-00-00 00:00:00'),
(63, NULL, 'cortez77', 'Hickle', 'Shad', '1991-02-15', 'heidenreich.quinten@gmail.com', '286 Pat Oval Apt. 957\nVerlieside, FL 66604-3092', NULL, NULL, '(970) 383-1729', '$2y$10$xf8cyNsWuNNQwQajOALLWeq0rFGQnv7yEsxxhrJfgDP5RzxTm.tQa', NULL, NULL, 0, 0, '2021-01-20 15:16:31', '0000-00-00 00:00:00'),
(64, NULL, 'elena07', 'Fisher', 'Freeman', '2003-08-08', 'bmueller@kerluke.biz', '3727 Garland Fall Suite 493\nLake Marianborough, NM 77466-9479', NULL, NULL, '1-961-823-8174', '$2y$10$B.8dFbLghgC3ANJgDDR0CuCI1B9lYODWLa0AyHF8TXFBZOyQ76C.y', NULL, NULL, 0, 0, '2021-01-20 15:16:31', '0000-00-00 00:00:00'),
(65, NULL, 'eleanora92', 'Thiel', 'Michale', '2008-03-03', 'zschinner@hotmail.com', '71403 Roberto Trail Apt. 888\nMuellermouth, DE 73870-5308', NULL, NULL, '878.597.3139 x7170', '$2y$10$utFXpxk/iPXeqjXGuST8Lea9lJq.xEyyLc8Kdt.PWJVZhGG0mH2iS', NULL, NULL, 0, 0, '2021-01-20 15:16:31', '0000-00-00 00:00:00'),
(66, NULL, 'rosalinda60', 'Wunsch', 'Lina', '1977-11-30', 'stark.cullen@braun.info', '823 Grant Falls\nAugustineview, MS 41781', NULL, NULL, '1-891-816-4101', '$2y$10$ZI6/kpz7.5I/Q59t6T5EIuYrZnalFkRa/juXrBjQkt.WRgLi52doK', NULL, NULL, 0, 0, '2021-01-20 15:16:31', '0000-00-00 00:00:00'),
(67, NULL, 'satterfield.geovanny', 'Lesch', 'Ettie', '2007-07-07', 'ebosco@yahoo.com', '84782 McCullough Track\nKieranborough, GA 40220-8222', NULL, NULL, '(417) 664-0278', '$2y$10$a1lvOuNPXLT/IQdHD4eIeO7L8ae7Xv0dDATsg9e9LcmJ0osW1tvxe', NULL, NULL, 0, 0, '2021-01-20 15:16:31', '0000-00-00 00:00:00'),
(68, NULL, 'reanna.quitzon', 'Brekke', 'Charles', '1982-05-15', 'fabiola50@schroeder.net', '24139 Skiles Turnpike\nSouth Mckenziefurt, PA 70893', NULL, NULL, '1-782-672-1577', '$2y$10$YuaNHa6D50lA3KbUzuzc/ei87SJxN3yEjACMf3DcWfm5H6uGy7bFG', NULL, NULL, 0, 0, '2021-01-20 15:16:32', '0000-00-00 00:00:00'),
(69, NULL, 'plakin', 'Schulist', 'Reilly', '1987-03-22', 'stoltenberg.august@hotmail.com', '11661 Nienow Streets\nRobertsbury, IA 46499', NULL, NULL, '1-340-750-1966 x014', '$2y$10$WQKZCgtEZRMd5IvCJIByUOJykM42Lb2/6PzpsUVjjQAMntsYomH7S', NULL, NULL, 0, 0, '2021-01-20 15:16:32', '0000-00-00 00:00:00'),
(70, NULL, 'braden02', 'Price', 'Aimee', '1994-11-09', 'reva.ankunding@yahoo.com', '4761 Hudson Station\nDoyleshire, UT 80713', NULL, NULL, '236-778-0020 x29821', '$2y$10$3ARLgrHbiWXEJ9ZJPpCAkOWNSkktlQASnKgsQIyhySom5v6N.jNXe', NULL, NULL, 0, 0, '2021-01-20 15:16:32', '0000-00-00 00:00:00'),
(71, NULL, 'mosciski.joshuah', 'West', 'Lura', '1995-06-23', 'kautzer.mireya@gmail.com', '4423 Michel Green Apt. 439\nBruenchester, TN 85949', NULL, NULL, '345-954-9853 x417', '$2y$10$zoH9JIoKj7XA0cG0qJoVz.jWzjsybFA3qr/XNN5VFmv0KnCd6Pxte', NULL, NULL, 0, 0, '2021-01-20 15:16:32', '0000-00-00 00:00:00'),
(72, NULL, 'jean92', 'Graham', 'Mateo', '1972-03-26', 'julie13@gmail.com', '5626 Heller Knoll Suite 417\nNew Newell, WI 45252', NULL, NULL, '(951) 313-0655 x1413', '$2y$10$UiFlvNL4ZwVVdZx6LuoZ/.GI1h5XiZJG.SgB./m2Aoa4MlonuoWMK', NULL, NULL, 0, 0, '2021-01-20 15:16:32', '0000-00-00 00:00:00'),
(73, NULL, 'florine51', 'Bernhard', 'Beverly', '2010-08-20', 'larson.berneice@pfeffer.net', '431 Johns Inlet\nSouth Terencechester, TN 73737-8054', NULL, NULL, '1-213-681-3824', '$2y$10$oMQ2DJTkUqGcTw08sSehFOmN9LGW2L1V2dUvmoU7BFL8atEtgOFp.', NULL, NULL, 0, 0, '2021-01-20 15:16:32', '0000-00-00 00:00:00'),
(74, NULL, 'thurman.okuneva', 'Krajcik', 'Jazmin', '1997-01-09', 'cconnelly@yahoo.com', '339 Lesly Lane\nPort Amirborough, IA 99918-1240', NULL, NULL, '686-823-0028', '$2y$10$.BxQaDgAqP2xJTbGxYXmZevZOCdRi7Ac/R8TIOcuCQAtOFKhuBXF6', NULL, NULL, 0, 0, '2021-01-20 15:16:32', '0000-00-00 00:00:00'),
(75, NULL, 'jschulist', 'Kilback', 'Destiny', '1998-05-21', 'jast.kenneth@mante.com', '85805 Talia Plains\nBernhardberg, ID 46766-0629', NULL, NULL, '+1-746-290-7479', '$2y$10$o9PUvIDwsBOg7IuD1IglyuNRcFQ7mVn4QCyZHRqnuL2FpvA7AmH3C', NULL, NULL, 0, 0, '2021-01-20 15:16:32', '0000-00-00 00:00:00'),
(76, NULL, 'otis.huel', 'Spencer', 'Stephen', '1982-12-02', 'coty00@hotmail.com', '5584 Orn Extensions\nKulasville, NH 88151-2696', NULL, NULL, '+1-890-493-4135', '$2y$10$qurz4O9SUO9eFrfw0/RQregCUGJVJP2ldiGanQCA3tfQ/yft2EZCW', NULL, NULL, 0, 0, '2021-01-20 15:16:32', '0000-00-00 00:00:00'),
(77, NULL, 'hturcotte', 'Romaguera', 'Joany', '1983-08-08', 'botsford.conrad@gmail.com', '5193 Balistreri Park\nPort Friedrich, NH 46085-0388', NULL, NULL, '982.847.6792', '$2y$10$RJu8XH8DOMYoP/62y653vObphOZIJvjVZcgwqq34Tw5wyWw1gqwRW', NULL, NULL, 0, 0, '2021-01-20 15:16:32', '0000-00-00 00:00:00'),
(78, NULL, 'kihn.julia', 'Rogahn', 'Genoveva', '1974-10-10', 'myles77@rau.net', '407 Rodriguez Roads\nTrantowchester, WV 20169-2038', NULL, NULL, '358-855-0876', '$2y$10$fp2XZoDE86A99rffk6z3q.W3tc6c/2Hx8qUgBkJCpSVHWAn...E4K', NULL, NULL, 0, 0, '2021-01-20 15:16:32', '0000-00-00 00:00:00'),
(79, NULL, 'annalise.walsh', 'Beer', 'Muriel', '1993-12-18', 'omurphy@adams.com', '77249 Schowalter Common\nLake Stella, TN 59926', NULL, NULL, '1-583-792-8920', '$2y$10$maaQHNfwdsD..Bqg1nmts.vkekK0iRd94gc9w1GlMuERa6RpBJmWO', NULL, NULL, 0, 0, '2021-01-20 15:16:32', '0000-00-00 00:00:00'),
(80, NULL, 'jasper08', 'Willms', 'Colten', '2014-01-14', 'rodriguez.mavis@hauck.net', '4303 Murazik Crescent Suite 996\nPort Dovieland, PA 88015-5345', NULL, NULL, '+19685464124', '$2y$10$hbrmPE2BGBwKgEBzXlwrQe7z7Sa02n./sfoCsNS9uZWTGVc.iViyW', NULL, NULL, 0, 0, '2021-01-20 15:16:32', '0000-00-00 00:00:00'),
(81, NULL, 'vergie.quigley', 'Flatley', 'Shyann', '1988-08-12', 'myrtie.dietrich@gmail.com', '77437 Corkery Tunnel Apt. 155\nKleinchester, WA 24048-5001', NULL, NULL, '303-295-0722 x62833', '$2y$10$RQOZYx609hEFa8jj4/nU8.n.P83/dcBo/YTAPLr6eBgSPQ27lq8nC', NULL, NULL, 0, 0, '2021-01-20 15:16:32', '0000-00-00 00:00:00'),
(82, NULL, 'heffertz', 'Vandervort', 'Vivianne', '1974-06-11', 'kdamore@heidenreich.com', '13183 Melany Well\nEast Annamarie, DE 14296-3278', NULL, NULL, '(942) 966-8713', '$2y$10$1W5IZAlzJpcifv6FPCzHJ.uHxonIRq7ef8AorJ0ZxSVPyGMFCDp8C', NULL, NULL, 0, 0, '2021-01-20 15:16:32', '0000-00-00 00:00:00'),
(83, NULL, 'imertz', 'Bayer', 'Ruthe', '1988-04-07', 'reichmann@pouros.org', '83505 Vivienne Course\nEast Murphy, VT 00811-2124', NULL, NULL, '421-964-7464 x7852', '$2y$10$B03iH93shOrLhU3aG/Q8nOyMJDisNq8.8x/LylpARMpZLd62rsozm', NULL, NULL, 0, 0, '2021-01-20 15:16:32', '0000-00-00 00:00:00'),
(84, NULL, 'joyce82', 'Bauch', 'Chase', '2005-04-16', 'ohahn@schmitt.info', '73649 Lemke Estate\nLake Trishachester, NM 49257', NULL, NULL, '430.810.5410 x6149', '$2y$10$n.fAYborJ10R5NUl46gVUOh3RxmPPgbuI0cOaXDGHl1d55Q27cMke', NULL, NULL, 0, 0, '2021-01-20 15:16:32', '0000-00-00 00:00:00'),
(85, NULL, 'ihoppe', 'Kuhlman', 'Carolyne', '1998-04-21', 'ptromp@hotmail.com', '9770 Lind Mews Suite 836\nStanleyfurt, CT 91156', NULL, NULL, '+1.580.849.4668', '$2y$10$w8ETFXp3RrpvCs3DesCS1ud/jV1TcjrqBsCzYYCmeFaYP1Q/E4pea', NULL, NULL, 0, 0, '2021-01-20 15:16:33', '0000-00-00 00:00:00'),
(86, NULL, 'oraynor', 'Hessel', 'Albin', '2019-01-31', 'vandervort.kale@gmail.com', '462 Alphonso Fall\nOscarborough, IA 74839-3595', NULL, NULL, '353-520-4247 x31488', '$2y$10$Y6aEacYMNNltMnnjtDHGh.5HsQQ.8uHaXRfQydtYOSoBgbH4deIki', NULL, NULL, 0, 0, '2021-01-20 15:16:33', '0000-00-00 00:00:00'),
(87, NULL, 'fschoen', 'Kuphal', 'Jaren', '2005-12-21', 'hintz.shanel@bernhard.net', '3612 Shields Loaf Apt. 173\nEast Juliostad, DC 41782', NULL, NULL, '(289) 276-4106 x491', '$2y$10$w6PKYwWAzzUp0Si5LBm2h.8AmbOvp0PGCnM0sLd/qpWvrF50piEEe', NULL, NULL, 0, 0, '2021-01-20 15:16:33', '0000-00-00 00:00:00'),
(88, NULL, 'bgreen', 'Little', 'Kaelyn', '1989-10-21', 'glen45@aufderhar.com', '370 Jacobson Parkway\nTheachester, MD 94974', NULL, NULL, '+1-413-410-5819', '$2y$10$jETdNX4hnN.K25pfWD5I0.DphwubYKzlRPU34WluAjl8dU6s8F8CC', NULL, NULL, 0, 0, '2021-01-20 15:16:33', '0000-00-00 00:00:00'),
(89, NULL, 'mandy42', 'Eichmann', 'Reymundo', '2019-05-14', 'ndicki@brakus.com', '335 Marianne Islands\nFriedafort, ND 85405', NULL, NULL, '454.953.3228 x06797', '$2y$10$bojJLThMDC3YgltmfF0bGefbv8GxQ4m5Gr10tPoNLxDrAD3vztFZq', NULL, NULL, 0, 0, '2021-01-20 15:16:33', '0000-00-00 00:00:00'),
(90, NULL, 'jacquelyn05', 'Morar', 'Benton', '1970-01-26', 'erin.breitenberg@schmitt.info', '15087 Kallie Way Apt. 710\nTiafort, CA 99163', NULL, NULL, '1-980-571-5768', '$2y$10$r6jDeQy.7.oEmMBUH3oxRuR1S2mQfSb2x/l5MzMq5iwrivaQW6LSy', NULL, NULL, 0, 0, '2021-01-20 15:16:33', '0000-00-00 00:00:00'),
(91, NULL, 'critchie', 'Lind', 'Jonathan', '1979-09-23', 'dkirlin@harvey.net', '7862 Hamill Extension\nKosstown, ID 75043', NULL, NULL, '1-552-829-9400 x664', '$2y$10$9jJuMKNEVT7MR4HL8yXXFOvDoDcqUvW7KRxrDEDTyBRh5u/s8tSRe', NULL, NULL, 0, 0, '2021-01-20 15:16:33', '0000-00-00 00:00:00'),
(92, NULL, 'kub.telly', 'Greenholt', 'Devonte', '1993-08-18', 'priscilla97@kuhn.net', '660 Fritsch Mountains\nSchuppestad, IA 91341', NULL, NULL, '1-253-734-6334', '$2y$10$Vri7LpQJKAfOJa9Rs14OIeYvPVy1HYaCaIiDt8rEyJ.XyT3mM.oUq', NULL, NULL, 0, 0, '2021-01-20 15:16:33', '0000-00-00 00:00:00'),
(93, NULL, 'jessica.kunde', 'Huel', 'Brooklyn', '1989-12-03', 'kozey.ryley@yahoo.com', '3798 Bernadette Motorway\nBednarton, KS 25267-4389', NULL, NULL, '690-868-9430 x320', '$2y$10$ld2.8v3InG/o31aBBdaLJehDBaB4bHZXd9y2LpNvt2AbeeudgNiOG', NULL, NULL, 0, 0, '2021-01-20 15:16:33', '0000-00-00 00:00:00'),
(94, NULL, 'royce37', 'Sanford', 'Clarabelle', '1990-02-11', 'tanya.dietrich@gmail.com', '27231 Kyle Knoll Apt. 199\nCorwinborough, DE 13449', NULL, NULL, '(789) 369-5440 x828', '$2y$10$sCQBpceBTRC9dRT/OeC/au85cmgj5DeMTQ.RRIiL4GEVfS.Io3DI2', NULL, NULL, 0, 0, '2021-01-20 15:16:33', '0000-00-00 00:00:00'),
(95, NULL, 'matt.bins', 'Kertzmann', 'Vincent', '1999-01-23', 'broderick54@yahoo.com', '8211 Bashirian Crest\nCormierbury, VA 70923-8938', NULL, NULL, '748-893-6060 x317', '$2y$10$U23vZFnbFfA6TYjEBdAjsuPHGhgHnC2zQSogLcxRqorFYDd1iROhG', NULL, NULL, 0, 0, '2021-01-20 15:16:33', '0000-00-00 00:00:00'),
(96, NULL, 'dessie.eichmann', 'Hansen', 'Alba', '2006-04-27', 'volkman.jadyn@lehner.com', '361 Felicia Knoll Apt. 641\nGreenholtburgh, AR 57138', NULL, NULL, '1-887-533-4274 x837', '$2y$10$Mepe8uIyOfEy0uJSKRbhje8V5WI8HEG6Pkk9GfuoomN9M5j/c9wAe', NULL, NULL, 0, 0, '2021-01-20 15:16:33', '0000-00-00 00:00:00'),
(97, NULL, 'bogan.lewis', 'Ferry', 'Danyka', '1997-04-16', 'annetta38@yahoo.com', '2018 Tillman Glen\nPort Abbigail, AZ 46436-9947', NULL, NULL, '1-435-662-3910', '$2y$10$eO39T9ujXU714NFvITsW1ewJ78X22dp.Ch1vTOYShk0Sbd0/mL3eC', NULL, NULL, 0, 0, '2021-01-20 15:16:33', '0000-00-00 00:00:00'),
(98, NULL, 'jerry03', 'Powlowski', 'Nona', '2016-08-25', 'phoppe@hotmail.com', '397 Schimmel Avenue\nHoppestad, LA 03844', NULL, NULL, '619.615.8126 x550', '$2y$10$.sVOFpQ2OYNojx6S8ex7vubHZgcGVNpo93vcPRGjLXdamLyLLgTRi', NULL, NULL, 0, 0, '2021-01-20 15:16:33', '0000-00-00 00:00:00'),
(99, NULL, 'sage.metz', 'McLaughlin', 'Beau', '1989-05-12', 'romaine.zulauf@hotmail.com', '162 Mueller Landing Suite 518\nAlexysfort, FL 78278', NULL, NULL, '(718) 581-2658', '$2y$10$3tu6nYvFD3YEwx26K48R5OCVqOYGqdPChHZvYl9WWrFvFsUDr.o8K', NULL, NULL, 0, 0, '2021-01-20 15:16:33', '0000-00-00 00:00:00'),
(100, NULL, 'asatterfield', 'Ondricka', 'Lewis', '1971-09-17', 'prohaska.lois@zemlak.com', '678 Daugherty Shoal Apt. 670\nZanemouth, WY 05988', NULL, NULL, '437.840.7847 x3022', '$2y$10$dDwOvdEsR58S3PwyNIEryeeL6J5HqeqGeBNEvkhRtp6n25sVwKl2.', NULL, NULL, 0, 0, '2021-01-20 15:16:33', '0000-00-00 00:00:00'),
(101, NULL, 'test123', 'antoine', 'le guillou', '2021-01-24', 'test123@yopmail.com', '12 place de la mairie', 'Aix en provence', '13100', '+330778660863', '$2y$10$6LbcM2QkZZaFqaioIRXQG.mLWiskxYF5JS5BnpP1WQWmziceE/hnG', NULL, NULL, 0, 0, '2021-01-20 15:17:00', '2021-01-20 17:15:42'),
(102, NULL, 'jacobi.dortha', 'Lehner', 'Alison', '1972-05-08', 'trinity.boyle@hill.biz', '655 Deshaun Brook\nEast Shana, NC 87536-9063', NULL, NULL, '1-267-799-9338 x24744', '$2y$10$P3a681FtnR6kunp0fHo9xeXoHXsX7IJCOHO3EXITTVLmX6Y.Uv8Tq', NULL, NULL, 0, 0, '2021-01-25 10:56:05', '0000-00-00 00:00:00'),
(103, NULL, 'batz.vallie', 'Wiegand', 'Odie', '2015-11-11', 'lowe.dortha@yahoo.com', '795 Metz Junctions Apt. 313\nCarrollmouth, AZ 17034-1717', NULL, NULL, '676-405-3328', '$2y$10$phn1ACunhL4VTYaJEruYk.cJxxyla8Lyq3xR3pHpM/pY8GZn7R/Tu', NULL, NULL, 0, 0, '2021-01-25 10:56:05', '0000-00-00 00:00:00'),
(104, NULL, 'ernest.mcdermott', 'Pagac', 'Zachery', '2008-09-03', 'hauck.lupe@schiller.com', '183 Kuphal Plains Suite 513\nNorth Charlietown, OK 46417-9183', NULL, NULL, '1-701-571-3211', '$2y$10$1G0f6E.64g6r6eraIjqqIeVDPpBP0Sssc4UtY.OSzve3OoSzZrD.e', NULL, NULL, 0, 0, '2021-01-25 10:56:05', '0000-00-00 00:00:00'),
(105, NULL, 'grimes.guadalupe', 'McGlynn', 'Bernhard', '2019-09-12', 'horacio.mann@yahoo.com', '8751 Kellen Union Suite 712\nDonnellyview, DE 50183', NULL, NULL, '+1 (720) 899-5392', '$2y$10$4QxRvqHeeYtkF9AEZxWH6urDcSM94K/jZH48gJDQXwBdv2wYxqqSy', NULL, NULL, 0, 0, '2021-01-25 10:56:05', '0000-00-00 00:00:00'),
(106, NULL, 'gianni.swift', 'Funk', 'Cydney', '1976-09-29', 'qprohaska@kihn.com', '585 Hackett Overpass\nWest Kaileyville, DC 13645-7782', NULL, NULL, '+1-597-823-1148', '$2y$10$rzgvORl0UUfHNdkJJkvuzOL2Cwm4Dh9O/2Wo/C4dEvFB.8tvXAMFu', NULL, NULL, 0, 0, '2021-01-25 10:56:05', '0000-00-00 00:00:00'),
(107, NULL, 'umcglynn', 'Daniel', 'Kiley', '1986-03-02', 'erna58@crist.com', '922 Ariel Summit\nEast Millie, WY 62993', NULL, NULL, '1-335-255-6925 x7507', '$2y$10$eG7BUQwPgDwCsIASxjD2B.kZi2Bk0aLlEcKkEzAGSzBM5vGxeH6WO', NULL, NULL, 0, 0, '2021-01-25 10:56:05', '0000-00-00 00:00:00'),
(108, NULL, 'lemke.lysanne', 'Marks', 'Laverne', '1998-06-07', 'alberta.boehm@paucek.com', '67285 Maryjane Ridges\nLake Damarisbury, NV 47821-3757', NULL, NULL, '(351) 361-6145 x210', '$2y$10$DyvpRtG0QWyovQRWV.iw2ufjA/RC8GFnXH0nYp4lgqMeeKfOqtXkq', NULL, NULL, 0, 0, '2021-01-25 10:56:05', '0000-00-00 00:00:00'),
(109, NULL, 'bschroeder', 'Miller', 'Austin', '1999-08-23', 'arturo.rippin@marvin.com', '280 Dayton Knolls Suite 127\nOpalfurt, NC 97016-4120', NULL, NULL, '430-233-1193', '$2y$10$CzFpASqPH/v24dLJ6QvaiO1eJYheOs6lfzamz8sNMEMAf.zOrRlBC', NULL, NULL, 0, 0, '2021-01-25 10:56:05', '0000-00-00 00:00:00'),
(110, NULL, 'lyla.kuphal', 'Bartell', 'Rodrick', '1978-08-12', 'koelpin.sadye@yahoo.com', '857 Thiel Falls Suite 373\nBraunville, OH 80650', NULL, NULL, '1-801-993-2239 x225', '$2y$10$3z1TSSjDUxk0.omMhRNoKeH2Y5P6b0sB7C6fEzmUaKOC16BSOpaxm', NULL, NULL, 0, 0, '2021-01-25 10:56:05', '0000-00-00 00:00:00'),
(111, NULL, 'frederik21', 'Mante', 'Heather', '2016-11-02', 'johnson.otto@grady.biz', '38753 Reilly Station\nJamisonmouth, VA 13311-8889', NULL, NULL, '(634) 392-4909 x1640', '$2y$10$cUlKqOEuE5RieVDkR.dRzOj35b5fSdGiceOLQSwiQAnmT7s4cPxVW', NULL, NULL, 0, 0, '2021-01-25 10:56:05', '0000-00-00 00:00:00'),
(112, NULL, 'jaden.anderson', 'Denesik', 'Vivien', '1984-08-11', 'veda79@stark.com', '470 Jaida Estate Suite 345\nPort Andres, AR 17147', NULL, NULL, '968-786-7465 x36525', '$2y$10$2Snokx8J6GOzl5WvJcgO8OBCyBujlktklrC4bgO2SvfRUj4mD0jeK', NULL, NULL, 0, 0, '2021-01-25 10:56:05', '0000-00-00 00:00:00'),
(113, NULL, 'rosamond96', 'Grant', 'Chester', '1975-06-06', 'dspencer@hotmail.com', '141 Douglas Route Apt. 302\nJordiside, NM 25626-1202', NULL, NULL, '209-878-8818', '$2y$10$R62YUsL2pmyX6Ky5vb4qM.hvR/m8bxDwrc2LfiTOC7tH2MSoi6FMS', NULL, NULL, 0, 0, '2021-01-25 10:56:05', '0000-00-00 00:00:00'),
(114, NULL, 'hailey65', 'Marks', 'Albin', '2013-11-29', 'steuber.jerrod@gmail.com', '748 Elta Neck Apt. 599\nWest Germaine, MA 24682-8364', NULL, NULL, '(579) 692-7754 x907', '$2y$10$O.XvysWhmOfi6k55GLaSL.0I9mJrWmLUv/jk9CxL0JId4r7F03sf6', NULL, NULL, 0, 0, '2021-01-25 10:56:06', '0000-00-00 00:00:00'),
(115, NULL, 'logan.corwin', 'Leuschke', 'Keegan', '2008-01-26', 'daphnee27@durgan.com', '65216 Hegmann Lodge Suite 401\nCassinland, MD 53698-2790', NULL, NULL, '561-625-4401 x206', '$2y$10$v9tWMJi2hkF.z/KfpJl0POBK80/SLgi1GidF8nIS7Zs0nGpdJ0XTW', NULL, NULL, 0, 0, '2021-01-25 10:56:06', '0000-00-00 00:00:00'),
(116, NULL, 'darren66', 'Bins', 'Enola', '1972-08-25', 'elise80@dickens.com', '76196 Ewell Creek Suite 678\nDellafort, NC 45304', NULL, NULL, '313.815.9562 x46035', '$2y$10$KcAA0rLMfjQYDJl8Z3/8mebf9utDg82tPsP34pPoRR.whNv36K5J2', NULL, NULL, 0, 0, '2021-01-25 10:56:06', '0000-00-00 00:00:00'),
(117, NULL, 'yharvey', 'Reilly', 'Regan', '2017-07-18', 'hollis94@gmail.com', '49857 Jovan Dale\nLittleview, ME 65765', NULL, NULL, '(550) 241-4949 x73994', '$2y$10$2eSp1PyinCaPVZJJSIUynOf04SDZuNPqAXHYevDctIU4.bwCjLs4K', NULL, NULL, 0, 0, '2021-01-25 10:56:06', '0000-00-00 00:00:00'),
(118, NULL, 'miles77', 'Moen', 'Roy', '1972-08-08', 'zgorczany@erdman.com', '71368 Meagan Meadows\nSchoenborough, NJ 93878-6583', NULL, NULL, '1-842-772-7411', '$2y$10$alyp7.hDO49/4RYJgmZJv.CoGd6QfY0j/uxPHlj2Bf0xcLZf24mlK', NULL, NULL, 0, 0, '2021-01-25 10:56:06', '0000-00-00 00:00:00'),
(119, NULL, 'carroll.jonathan', 'Gorczany', 'Wilhelm', '2018-07-06', 'teagan.halvorson@yahoo.com', '67817 Jazlyn Path\nStantonchester, DE 23015', NULL, NULL, '763-525-1932 x7423', '$2y$10$NRma5um2O5JUsaFnt6LvmufN2gE34tiaDSCfFg/IR0F049mJmzB/6', NULL, NULL, 0, 0, '2021-01-25 10:56:06', '0000-00-00 00:00:00'),
(120, NULL, 'tamia37', 'Ernser', 'Amara', '2010-03-28', 'droberts@stark.net', '8496 Tillman Course\nSouth Michael, FL 78068-7978', NULL, NULL, '250-870-2301 x0220', '$2y$10$vefnjUsmyY8ohUcIum/MkejyTeL4Yxl5cR4Y84H7jYW3Da6MaM6uq', NULL, NULL, 0, 0, '2021-01-25 10:56:06', '0000-00-00 00:00:00'),
(121, NULL, 'aleannon', 'Abshire', 'Coleman', '1998-05-26', 'gleason.anne@sauer.com', '75985 Sedrick Trail Suite 817\nPort Maurineburgh, MO 32428', NULL, NULL, '282-687-0836 x33451', '$2y$10$muOSVGUzPeX8w78v.ULclOtkOXC9hg6pvjgdAYG9PjjnWTeZjWV.q', NULL, NULL, 0, 0, '2021-01-25 10:56:06', '0000-00-00 00:00:00'),
(122, NULL, 'claudia.cruickshank', 'Aufderhar', 'Makenna', '2002-11-25', 'conn.francisca@wunsch.com', '587 Aliyah Shoal Suite 166\nEast Guidochester, WA 29395-3546', NULL, NULL, '443-760-7881 x4729', '$2y$10$riOGceMOWXgC4shVYG/DLeT5iRKb2TN1CnthGQUCZAldFuL/vmzVK', NULL, NULL, 0, 0, '2021-01-25 10:56:06', '0000-00-00 00:00:00'),
(123, NULL, 'gfay', 'Wisoky', 'Zakary', '1993-09-12', 'zboncak.clementine@yahoo.com', '32647 Bridgette Skyway\nNew Bryana, IN 64595', NULL, NULL, '886-562-6275', '$2y$10$jMn1VH8syITHGOjM4kfp3.9QvzCpOMkvPCmCesK3WnMJVCYFAuJ26', NULL, NULL, 0, 0, '2021-01-25 10:56:06', '0000-00-00 00:00:00'),
(124, NULL, 'meda.mohr', 'Bashirian', 'Dylan', '1991-02-17', 'florian.treutel@gmail.com', '29001 Kuhlman Drive Suite 993\nWalshstad, ND 29488', NULL, NULL, '+1 (327) 774-4302', '$2y$10$Ebqdx0dOfeSLbgqgG6vRZu1qOaUf7Z/lPR63CELCgOyQjXKYqFHHK', NULL, NULL, 0, 0, '2021-01-25 10:56:06', '0000-00-00 00:00:00'),
(125, NULL, 'hcummings', 'Morissette', 'Tad', '2000-10-31', 'mosciski.allie@feest.com', '33513 Alexis Ports Apt. 238\nGoodwinville, ME 96542', NULL, NULL, '1-638-802-2953 x295', '$2y$10$G6MIc7hPcjXtu9pz1FToM.wuiXegHCgKmoxFEbXH/i79p53QzO.4q', NULL, NULL, 0, 0, '2021-01-25 10:56:06', '0000-00-00 00:00:00'),
(126, NULL, 'michael.brekke', 'Vandervort', 'Ernestine', '1987-08-22', 'carmel.runolfsson@russel.com', '186 Jaiden Spurs\nFidelfort, CO 83497-1496', NULL, NULL, '1-802-409-3773 x22131', '$2y$10$qqJSXsYRGRkvQ.oVgF9FdeeF/KoSySMobPTwlILtjkDXMvvmojV5.', NULL, NULL, 0, 0, '2021-01-25 10:56:06', '0000-00-00 00:00:00'),
(127, NULL, 'murray.tony', 'Stoltenberg', 'Colten', '1993-06-30', 'friesen.otto@gmail.com', '27266 Jacques Ridge\nQuitzonfurt, RI 44247', NULL, NULL, '(524) 293-6816', '$2y$10$zNyqCeS.qayzZDyZTRUdrOpWDpm1ZW0Apqki.SilAdvT526RCYv5K', NULL, NULL, 0, 0, '2021-01-25 10:56:06', '0000-00-00 00:00:00'),
(128, NULL, 'ydickens', 'Moore', 'Madisyn', '1977-10-01', 'einar87@upton.com', '3468 Gleason Plain\nRatketown, UT 13097', NULL, NULL, '(465) 728-3018 x06705', '$2y$10$azxr5qdLt2esOdEp1HYlkuY5MExgycN/ZNNiFO4K42mfwgIEbxn46', NULL, NULL, 0, 0, '2021-01-25 10:56:07', '0000-00-00 00:00:00'),
(129, NULL, 'bonita44', 'Rath', 'Donny', '1999-07-01', 'melissa67@kuhlman.com', '545 Mustafa Spring Apt. 336\nNew Eveline, IL 60262-9471', NULL, NULL, '+1.964.641.3264', '$2y$10$tKx7g9Be8M3Ns5pdtZOboevImbVq1Qu8uWLW1dDbhxiuyNHuL6gyS', NULL, NULL, 0, 0, '2021-01-25 10:56:07', '0000-00-00 00:00:00'),
(130, NULL, 'carolanne.blanda', 'Cummerata', 'Janice', '2006-11-08', 'frances16@ritchie.com', '5607 Rempel Wells Apt. 831\nLake Christa, DC 69162-7234', NULL, NULL, '+1-463-669-3280', '$2y$10$tt3.4wDf4kfCtkOAirQVL.CHhC842rg7sFDuhDJuuVth.brRGtnl2', NULL, NULL, 0, 0, '2021-01-25 10:56:07', '0000-00-00 00:00:00'),
(131, NULL, 'ahoppe', 'D\'Amore', 'Ana', '2010-11-27', 'sydnee.lakin@jerde.com', '511 Reichert Turnpike Suite 514\nMillschester, NE 82702', NULL, NULL, '+1-384-985-8303', '$2y$10$.1bmFsPyoZ/0Pw.XCtJTae.TRSo.t4o8dimTQq64nkyxj5ToGOt/G', NULL, NULL, 0, 0, '2021-01-25 10:56:07', '0000-00-00 00:00:00'),
(132, NULL, 'kenna.hills', 'Torphy', 'Walton', '1998-01-16', 'jamil.buckridge@gmail.com', '5079 Danyka Glens\nNew Ulicesstad, LA 18157', NULL, NULL, '1-521-450-7834 x098', '$2y$10$hYRN5qt12xvIresE4m1JjeTOzxs.Ab4Kpz/kxmu9J0kCWqqn5W8ai', NULL, NULL, 0, 0, '2021-01-25 10:56:07', '0000-00-00 00:00:00'),
(133, NULL, 'nova94', 'Flatley', 'Chesley', '1982-12-24', 'dylan.boyer@hotmail.com', '6570 Littel Hollow Suite 792\nSouth Judgebury, DE 29136-0157', NULL, NULL, '507.735.7741 x59414', '$2y$10$3GNNtvSqN9qYHKyb/rgtVe0FlXKx94ovzNOJygo9KUBJ.SiLRoecu', NULL, NULL, 0, 0, '2021-01-25 10:56:07', '0000-00-00 00:00:00'),
(134, NULL, 'ubechtelar', 'Gulgowski', 'Queenie', '1970-01-19', 'lonny80@mertz.com', '2268 Karianne Prairie Apt. 722\nAshafurt, MO 41444-0453', NULL, NULL, '+1 (337) 989-7667', '$2y$10$Med8utgps47H/m0aPPaT7OLjH2lTLaEFdzXqChJrMISR.K5CmoZy.', NULL, NULL, 0, 0, '2021-01-25 10:56:07', '0000-00-00 00:00:00'),
(135, NULL, 'kuvalis.emile', 'Blick', 'Zoila', '2019-03-05', 'devin66@christiansen.com', '232 Kellen Estates Apt. 963\nNew Tannerport, MA 87709-2783', NULL, NULL, '1-641-809-1601', '$2y$10$fTQqMeAsm5a/gOUk50j53ud/SPmw6SUsTOPANGl3hb3zmCcNYBTW6', NULL, NULL, 0, 0, '2021-01-25 10:56:07', '0000-00-00 00:00:00'),
(136, NULL, 'margot84', 'Torp', 'Christa', '2015-05-10', 'maybell52@hotmail.com', '24179 Gleason Walks\nLake Johathanberg, CT 03379-6178', NULL, NULL, '961.469.3840', '$2y$10$4bdUts.hMO7Yvd2OZGFckepRPtPkTfrjOBZWf302m1RoyKZRU3gBy', NULL, NULL, 0, 0, '2021-01-25 10:56:07', '0000-00-00 00:00:00'),
(137, NULL, 'keely47', 'Langworth', 'Carleton', '2000-01-05', 'shaina.lang@hotmail.com', '88795 Buddy Oval Apt. 498\nOsinskiberg, SC 85277', NULL, NULL, '1-316-368-2694', '$2y$10$S1Oy04QQQuD2bRn5LiwT1OpOOD3.x36z6vToG.ntPckRaka8zh63O', NULL, NULL, 0, 0, '2021-01-25 10:56:07', '0000-00-00 00:00:00'),
(138, NULL, 'ihane', 'Lehner', 'Antonette', '2009-03-27', 'otis03@mclaughlin.com', '7983 Breana Drives Suite 758\nWest Lavada, WV 39094', NULL, NULL, '1-534-427-8277', '$2y$10$PhKHTc2fUB8ht4xOkwC.IeM4xeM1AoKy0RRa7qmwdjmcvFM8NVBvi', NULL, NULL, 0, 0, '2021-01-25 10:56:07', '0000-00-00 00:00:00'),
(139, NULL, 'wlarkin', 'Borer', 'Elza', '2020-07-03', 'monroe.lueilwitz@eichmann.com', '30913 Ortiz Corner Suite 247\nJacobsberg, UT 25341-1034', NULL, NULL, '680.721.4029 x9667', '$2y$10$agf9Ui6mgoq.AgW0y2EJy.yo/ZZNwH1kIvd9uznmuNBQw2Ksd6TmC', NULL, NULL, 0, 0, '2021-01-25 10:56:07', '0000-00-00 00:00:00'),
(140, NULL, 'grant.sabrina', 'Kuphal', 'Katrine', '2019-01-13', 'xspinka@predovic.com', '76289 Griffin Throughway\nWest Cliftonburgh, IL 92512-1703', NULL, NULL, '(225) 883-1820 x60420', '$2y$10$nF9DvOsO1FJ1JhD6PwSIBe.2BkuAoVCcNT3abZol0Axe0FphQmN4y', NULL, NULL, 0, 0, '2021-01-25 10:56:07', '0000-00-00 00:00:00'),
(141, NULL, 'addison96', 'Schmitt', 'Missouri', '1987-03-20', 'goyette.kyler@gmail.com', '72858 Thompson Trace Suite 803\nNew Bertshire, MS 97869', NULL, NULL, '483-219-0182', '$2y$10$cnn0SeQ8oOWc2dHZ7B.a7.HErJOHf/ggr2LdTh/071S.f73i1mS9.', NULL, NULL, 0, 0, '2021-01-25 10:56:07', '0000-00-00 00:00:00'),
(142, NULL, 'savanna02', 'Schulist', 'Bernadette', '1983-08-26', 'koelpin.herminio@zemlak.com', '1464 Satterfield Keys Apt. 566\nPort Jasen, RI 31498', NULL, NULL, '1-723-582-8361 x985', '$2y$10$sOXJY1hDxeQnyZ.zZZ4VVeOa88.Z6tZ5j3ILWACEv5yN6KXMYZkgu', NULL, NULL, 0, 0, '2021-01-25 10:56:07', '0000-00-00 00:00:00'),
(143, NULL, 'ebert.erich', 'Legros', 'Ora', '2015-05-16', 'laurie.homenick@rodriguez.com', '6836 Penelope Via Suite 121\nNew Edisonmouth, MI 53683', NULL, NULL, '760.667.4586', '$2y$10$4T7331lBSXLuK/g.Rzm39.MUm5fVO9txe8bLfSZVVyNtuT4kZTgZu', NULL, NULL, 0, 0, '2021-01-25 10:56:07', '0000-00-00 00:00:00'),
(144, NULL, 'agustina94', 'Koss', 'Concepcion', '2016-03-16', 'carole.white@yahoo.com', '90936 Estrella Circle Apt. 517\nNew Anissa, MI 43707-2625', NULL, NULL, '576-290-8448 x0413', '$2y$10$yKq.NezvizLctI7KwBu6iOqSrQDhkQZN6avoG0lBnElIQbKyMfLe6', NULL, NULL, 0, 0, '2021-01-25 10:56:07', '0000-00-00 00:00:00'),
(145, NULL, 'dasia.abshire', 'Toy', 'Arnulfo', '1977-08-16', 'ophelia17@runolfsson.info', '9597 Ellie Tunnel\nDietrichside, DE 30837', NULL, NULL, '285.653.1096 x74396', '$2y$10$uZO1gkjOBdz9qgpH4H1VheWNPjfrxZ72e3D10IZvUZRU9KUUl5PGe', NULL, NULL, 0, 0, '2021-01-25 10:56:08', '0000-00-00 00:00:00'),
(146, NULL, 'dgoyette', 'Gleichner', 'Wilhelm', '1996-05-06', 'rwilkinson@yahoo.com', '24132 Emmerich Expressway\nVanceland, NC 85019', NULL, NULL, '304.540.0481 x359', '$2y$10$bHTGOTKxGKRL4O0nVCj2ju9gfu/kXYpWhi9gZdXtHfiGCcS93BsQe', NULL, NULL, 0, 0, '2021-01-25 10:56:08', '0000-00-00 00:00:00'),
(147, NULL, 'lue.hartmann', 'Bahringer', 'Roosevelt', '2008-09-28', 'iwisozk@hotmail.com', '6967 Franco Villages Apt. 065\nSanfordmouth, ND 06077-2904', NULL, NULL, '429-344-9630', '$2y$10$zCH5DVVL23EQUGP9.LIc2ek5d7Xg/iIy1t0zPPd8CITDHVs.0bwaG', NULL, NULL, 0, 0, '2021-01-25 10:56:08', '0000-00-00 00:00:00'),
(148, NULL, 'sweissnat', 'Greenholt', 'Rosalind', '2001-09-09', 'athiel@flatley.org', '230 Batz Village\nParkermouth, PA 72497', NULL, NULL, '502.927.9489 x357', '$2y$10$xnCyurnNc5gWa6xuN6NkBebuNb8ZlHhYTHuguWBf7az6jFWgX.BbK', NULL, NULL, 0, 0, '2021-01-25 10:56:08', '0000-00-00 00:00:00'),
(149, NULL, 'aaron53', 'Little', 'Brandyn', '1973-06-23', 'pmorar@yahoo.com', '81774 Ankunding Terrace Suite 562\nTreutelhaven, KS 06306', NULL, NULL, '914.821.2264 x804', '$2y$10$DreckrjVtomIjL38OasGkedAmhIXucvMfISuddjXm6xFIzqBkMNjm', NULL, NULL, 0, 0, '2021-01-25 10:56:08', '0000-00-00 00:00:00'),
(150, NULL, 'tlarson', 'Miller', 'Vince', '2005-08-07', 'renee.waters@gmail.com', '829 Maybelle Road\nMosciskibury, VT 69559', NULL, NULL, '874-860-2795 x0345', '$2y$10$PmlQ0IAgUKPKJK7T.e8FVeV5Ykbpld9Po0ZSusuCfYQJZEc6DENGq', NULL, NULL, 0, 0, '2021-01-25 10:56:08', '0000-00-00 00:00:00'),
(151, NULL, 'alangworth', 'Bauch', 'Caleigh', '2005-01-02', 'amir.raynor@olson.com', '994 Imogene Pines\nMohrton, UT 72709-2606', NULL, NULL, '869.447.8070 x78139', '$2y$10$zefb0i.U3TlI.adh8l8kQu.fBMKicyYHgHPFsQC0/Hk0UGWuVYGXS', NULL, NULL, 0, 0, '2021-01-25 10:56:08', '0000-00-00 00:00:00'),
(152, NULL, 'jakayla10', 'Larson', 'Elliot', '2006-06-05', 'titus70@thompson.net', '17827 McCullough Light\nNew Phyllis, MO 18299-8103', NULL, NULL, '1-773-983-7359 x4168', '$2y$10$os/J4LMFQWasRjAkKAAsKuY0Drjpq7fz.Xz0Ysm4k6sDM2Y.ISLMW', NULL, NULL, 0, 0, '2021-01-25 10:56:08', '0000-00-00 00:00:00'),
(153, NULL, 'darius57', 'Hermann', 'Ward', '1995-01-05', 'beier.betty@turner.info', '368 Tina Extensions\nHettingerview, ND 43608-5353', NULL, NULL, '381-647-1100', '$2y$10$/qqRY.tvn5BPDsVg/zREhO0oitLyQFunlgWzC.4UWdHjw.u2nt2RW', NULL, NULL, 0, 0, '2021-01-25 10:56:08', '0000-00-00 00:00:00'),
(154, NULL, 'agustin67', 'Graham', 'Alfred', '1987-11-26', 'audrey21@kertzmann.info', '318 Edward Haven\nEast Estellahaven, NH 33524', NULL, NULL, '+1 (209) 516-6259', '$2y$10$L8W/ZOFwE3wSRvt0K2hKren64WWf1xb9awH4hNGpTmaNE9s3Y1P1W', NULL, NULL, 0, 0, '2021-01-25 10:56:08', '0000-00-00 00:00:00'),
(155, NULL, 'mann.shanon', 'Carter', 'Shanny', '1977-01-10', 'julia32@yahoo.com', '170 Stanton Hill\nRainabury, WV 56759', NULL, NULL, '776-740-5311 x18019', '$2y$10$oKLD/wO2fXVTULwztgrixejwAUjX5o3PEmCVE9Vd1T3ZFz0x83io6', NULL, NULL, 0, 0, '2021-01-25 10:56:08', '0000-00-00 00:00:00'),
(156, NULL, 'epollich', 'Beier', 'Kirsten', '1995-08-08', 'asha61@yahoo.com', '978 Abernathy Stream\nYasmeentown, NY 52819', NULL, NULL, '382-586-1217', '$2y$10$CH1Nl46rWiibrCSbM9gGReyUjS3CS14wcQLEY0lWODQarg/mgooj2', NULL, NULL, 0, 0, '2021-01-25 10:56:08', '0000-00-00 00:00:00'),
(157, NULL, 'shirley.graham', 'Kozey', 'Dedrick', '2008-08-29', 'erik.hessel@leffler.com', '9334 Shanahan Glen Suite 496\nSouth Lewton, MD 88498-1016', NULL, NULL, '995.666.9124 x68521', '$2y$10$HtOvsLTaNT6zB7Rb4YtIIuZoihFClPUNbuyT1MdT5RQy2bN69PMTG', NULL, NULL, 0, 0, '2021-01-25 10:56:08', '0000-00-00 00:00:00'),
(158, NULL, 'bstroman', 'Konopelski', 'Vida', '2005-03-25', 'mckayla58@schmeler.com', '510 Gleason Burgs Apt. 654\nDarrellberg, GA 28678-5139', NULL, NULL, '646.796.4096', '$2y$10$0grnSKmlBFXQP31AyRuheOO5L9.BKICHK2opZPWf9vjkC.6Lnfw0O', NULL, NULL, 0, 0, '2021-01-25 10:56:08', '0000-00-00 00:00:00'),
(159, NULL, 'lprohaska', 'Walsh', 'Khalil', '1996-05-19', 'hubert.prohaska@yahoo.com', '24791 Reynolds Mount Apt. 471\nSpinkaborough, MA 30532-0217', NULL, NULL, '1-839-381-9497', '$2y$10$GaVVt.NIwN7ZWdDhHs1b.OWMmi9mzFoaaC4HZtn2EIbVa41EEQUNu', NULL, NULL, 0, 0, '2021-01-25 10:56:08', '0000-00-00 00:00:00'),
(160, NULL, 'pmuller', 'Hintz', 'Kirsten', '1999-05-31', 'carissa.bradtke@crona.com', '5148 Nader Ferry\nEmeliaburgh, AZ 65507-4594', NULL, NULL, '204.775.3532', '$2y$10$OoeVsy/yhB1QBByvxR4AM.gia1zLoVk4BIXEJnSpXeSvmx1kaBL06', NULL, NULL, 0, 0, '2021-01-25 10:56:08', '0000-00-00 00:00:00'),
(161, NULL, 'xhoppe', 'Toy', 'Dave', '1985-02-03', 'jamel.langosh@yahoo.com', '5938 Emmerich Shore\nEmardberg, AK 40511', NULL, NULL, '1-537-523-9185', '$2y$10$m1MNz0SNGF0PsPr60BxJSe2crRpeYUqVH.TSBUkijt9owh/6CqzWu', NULL, NULL, 0, 0, '2021-01-25 10:56:09', '0000-00-00 00:00:00'),
(162, NULL, 'nick80', 'Steuber', 'Lysanne', '1976-10-20', 'barrows.freeda@schmidt.net', '3922 Melany Vista Suite 240\nLake Benny, UT 70311-8657', NULL, NULL, '976-924-3793 x38879', '$2y$10$Uben41g8duWLZ8dz9zryA.VZFMSUJJ2edqm.nZq/DtOExUzTW4erG', NULL, NULL, 0, 0, '2021-01-25 10:56:09', '0000-00-00 00:00:00'),
(163, NULL, 'flabadie', 'Legros', 'Julianne', '2006-07-31', 'medhurst.marlene@yahoo.com', '554 Keeling Inlet\nLake Orlo, MO 64979-4993', NULL, NULL, '+1.610.964.5948', '$2y$10$7I11sCakkYCfRnKl2j07iON2cpKk2gyOZX/jhZMn0HTdVBVMfZcRe', NULL, NULL, 0, 0, '2021-01-25 10:56:09', '0000-00-00 00:00:00'),
(164, NULL, 'schowalter.vella', 'Stoltenberg', 'Tyrell', '1981-03-21', 'jeffry40@hotmail.com', '8909 Swaniawski Fall Suite 476\nWest Troy, WY 63499-0131', NULL, NULL, '(858) 929-8860 x97134', '$2y$10$cDszmDyGe5fZGQEVqsQVteWIgsBSXg2i8mjX8LW8HmZuwsxxAF8OC', NULL, NULL, 0, 0, '2021-01-25 10:56:09', '0000-00-00 00:00:00'),
(165, NULL, 'jo06', 'Gleason', 'Lauriane', '1977-03-16', 'juliana83@hilpert.com', '85966 Cooper Park Apt. 662\nSibylmouth, CT 20087', NULL, NULL, '(949) 386-9539 x4594', '$2y$10$qff1AXW99tD6dE6MBqeQMunDkW7kjHig3TTOnHDD5UOOGkK6RMjRy', NULL, NULL, 0, 0, '2021-01-25 10:56:09', '0000-00-00 00:00:00'),
(166, NULL, 'egislason', 'Kihn', 'Brooks', '2016-07-24', 'fgerlach@gmail.com', '93519 Ferry Radial\nAbernathyberg, ME 11285-4062', NULL, NULL, '381.655.9156 x3841', '$2y$10$NRy.soLZ/AZC0vDTKL5VAOo.MbRgKWE1RY5k0mPSN84YRPYCWW4a.', NULL, NULL, 0, 0, '2021-01-25 10:56:09', '0000-00-00 00:00:00');
INSERT INTO `users` (`id`, `avatar`, `username`, `firstname`, `lastname`, `birthdate`, `email`, `adress`, `city`, `postal_code`, `phone_number`, `password`, `lat`, `lon`, `is_helper`, `is_admin`, `created_at`, `updated_at`) VALUES
(167, NULL, 'jared82', 'Rodriguez', 'Ilene', '1986-06-17', 'vbartell@pfannerstill.com', '6420 Dolores Skyway Suite 969\nLake Lexusborough, MI 93854-9278', NULL, NULL, '569-331-8675 x535', '$2y$10$rkqiKRedoFwSvg6XoBzvGeqnulrd2GQXCLeq4kmDbGIxttMdoXXGK', NULL, NULL, 0, 0, '2021-01-25 10:56:09', '0000-00-00 00:00:00'),
(168, NULL, 'clotilde.daugherty', 'Hermiston', 'Savanna', '2007-11-08', 'destany.douglas@huel.com', '10665 Mikel Shore\nMariomouth, WI 87083-6753', NULL, NULL, '901-523-6254', '$2y$10$GhRyBkw7UYXOav.41ZR8EOwMq1LYPvUMd6Kg8DbCRDKFGna4Vr1Ru', NULL, NULL, 0, 0, '2021-01-25 10:56:09', '0000-00-00 00:00:00'),
(169, NULL, 'justen48', 'Renner', 'Elisabeth', '1995-04-09', 'lhill@hotmail.com', '5490 Kathleen Bridge Apt. 365\nLake Buster, IN 76943', NULL, NULL, '(919) 643-8342', '$2y$10$K.JR1q77rDYV73N22Kotuu87PJRCOZvLjFt84I20JRho/hE5Z0yky', NULL, NULL, 0, 0, '2021-01-25 10:56:09', '0000-00-00 00:00:00'),
(170, NULL, 'mercedes37', 'Eichmann', 'Simone', '2008-08-17', 'fwisozk@dach.com', '286 Gisselle Ville\nSouth Evefort, MO 07300', NULL, NULL, '+1-982-565-9162', '$2y$10$6fkjFIx3KJqrVNPpaXWzrupB2FgWFMXyDUNZBx/qiUosGbTSIINEG', NULL, NULL, 0, 0, '2021-01-25 10:56:09', '0000-00-00 00:00:00'),
(171, NULL, 'ewindler', 'Collier', 'Elouise', '1988-04-06', 'zdouglas@weber.com', '5928 Cormier Mount Suite 684\nSeanchester, NV 79890-1285', NULL, NULL, '1-993-716-5365 x2935', '$2y$10$camiJOy7u8DAEXLfIakyRupq1PYAVdMD5je7fGRu.pvrDgSdUyH0O', NULL, NULL, 0, 0, '2021-01-25 10:56:09', '0000-00-00 00:00:00'),
(172, NULL, 'rkerluke', 'Schinner', 'Garrick', '2005-03-15', 'joseph.goyette@yahoo.com', '4638 Robel Light Suite 807\nPort Delia, OR 99770', NULL, NULL, '764.853.2385 x853', '$2y$10$FuzM3QfmE9bA8bBGQYck7uQnO3D46Uv88EhQLTeCn5qr26XON0Tq2', NULL, NULL, 0, 0, '2021-01-25 10:56:09', '0000-00-00 00:00:00'),
(173, NULL, 'balistreri.belle', 'Ziemann', 'Aniya', '2012-06-07', 'kunze.foster@yundt.com', '10231 Francis Forges Suite 949\nBergnaumside, VT 87236', NULL, NULL, '+1 (506) 341-4736', '$2y$10$vfb0hBO7bCqf1dgVnXZiMucLvJglrqsHqJOLpSpsNg6l8JWoo/WCO', NULL, NULL, 0, 0, '2021-01-25 10:56:09', '0000-00-00 00:00:00'),
(174, NULL, 'udeckow', 'Hermann', 'Chasity', '1996-01-10', 'esther55@hoeger.net', '327 Daniel Parkways\nJakubowskichester, VT 11776', NULL, NULL, '343-621-1111', '$2y$10$b9xBFUftEqYOVl.Zj1jEgeYW6vtyhNDY2qbxE76ifpgKoXCzvfQUu', NULL, NULL, 0, 0, '2021-01-25 10:56:09', '0000-00-00 00:00:00'),
(175, NULL, 'antonette80', 'Hessel', 'Margaretta', '2006-10-22', 'arlene83@hotmail.com', '8695 Rau Ports Apt. 001\nLake Abigail, ME 21219', NULL, NULL, '214-983-2219 x75918', '$2y$10$rmjk17yyWWf3awFnwHwanucFeD.v8P663SQpQCd377pkA1vJZCezW', NULL, NULL, 0, 0, '2021-01-25 10:56:09', '0000-00-00 00:00:00'),
(176, NULL, 'frederique62', 'Morissette', 'Fabiola', '1978-01-19', 'mueller.clemens@ullrich.com', '1582 Mitchell Course Apt. 226\nSouth Colleen, TN 88241', NULL, NULL, '+1 (247) 584-7265', '$2y$10$QwWsWFPCKksEtBHySsYE3e/IXkVz.rTVCPrZsc.1WO7.4aRQO8Hqy', NULL, NULL, 0, 0, '2021-01-25 10:56:09', '0000-00-00 00:00:00'),
(177, NULL, 'lorine48', 'Reynolds', 'Philip', '1983-04-19', 'julius.ratke@hotmail.com', '57991 Osinski Plain\nKaelastad, MO 18399', NULL, NULL, '574-244-4150 x2367', '$2y$10$cSVd1zjFwnHW3G/IrQq3Ou/OQqPgsIb.KduXvas5M6hlBMm2.rJR2', NULL, NULL, 0, 0, '2021-01-25 10:56:10', '0000-00-00 00:00:00'),
(178, NULL, 'wcummerata', 'Paucek', 'Gilberto', '1980-05-10', 'burley66@hansen.com', '397 Nader Drives Apt. 608\nNorth Hazelburgh, MN 75529', NULL, NULL, '615-987-9372 x27280', '$2y$10$TTBMoJHrdivBzlmTRVPpO.ebwMfBiOPPwePXhDL742wPZAmgtDqU2', NULL, NULL, 0, 0, '2021-01-25 10:56:10', '0000-00-00 00:00:00'),
(179, NULL, 'aryanna.hilpert', 'Farrell', 'Kareem', '1974-01-03', 'bergstrom.violet@mraz.com', '76069 Satterfield Gardens\nSchillerbury, AZ 90443-3890', NULL, NULL, '+1 (506) 589-4288', '$2y$10$tYzA8w9Yebln36HAVJne1eB6j4Y7e3c.RqXWng8HS4LfkKfqItJvK', NULL, NULL, 0, 0, '2021-01-25 10:56:10', '0000-00-00 00:00:00'),
(180, NULL, 'torp.prince', 'Nader', 'Lilla', '1982-03-15', 'luettgen.orland@metz.org', '6448 McClure Stravenue\nLake Ophelialand, IL 38188', NULL, NULL, '(286) 558-6199', '$2y$10$CsMv0RaBqlxBRjuXNVgmte1cJbCDPBVLCwHC1EdcFqRu0wcaGrQ.e', NULL, NULL, 0, 0, '2021-01-25 10:56:10', '0000-00-00 00:00:00'),
(181, NULL, 'katelin.bergstrom', 'Gislason', 'Ashton', '2000-04-23', 'meaghan78@gmail.com', '4822 Treutel Ports Suite 080\nEast Rickeyburgh, NH 39729-3695', NULL, NULL, '631.514.6491 x30048', '$2y$10$HnCeyEff3kP1djgwHtRlGuzB5agwTDIDOJ3qgLU4hPkTWKkYfl3RW', NULL, NULL, 0, 0, '2021-01-25 10:56:10', '0000-00-00 00:00:00'),
(182, NULL, 'roberta89', 'Hyatt', 'Ona', '2003-10-07', 'cormier.emil@hotmail.com', '59718 Hermann Lights\nRaustad, MN 12123', NULL, NULL, '561-368-3577 x547', '$2y$10$.nnATcEVdguEps6.GklW0OXfL3EE2FjBOyZ74j/NfVfUhD9wjq6bK', NULL, NULL, 0, 0, '2021-01-25 10:56:10', '0000-00-00 00:00:00'),
(183, NULL, 'mario.schimmel', 'Cassin', 'Oswaldo', '1977-02-16', 'ehoeger@jacobs.biz', '4977 Tod Shore Apt. 277\nVeumborough, TN 36171', NULL, NULL, '1-871-261-8729', '$2y$10$uwz5xFVZVmK7RljwrNOBbOsmH47JKRubqcKsP2.DDzYg/m/nrC2Ku', NULL, NULL, 0, 0, '2021-01-25 10:56:10', '0000-00-00 00:00:00'),
(184, NULL, 'nicola97', 'Mayert', 'Rita', '1982-10-18', 'rhalvorson@kuhic.biz', '7227 Bradtke Plaza Suite 824\nBrownbury, IN 10232', NULL, NULL, '869.861.9093 x122', '$2y$10$JRGLKYAS9lUN7tVWkcYWaeplyorUZ6a6t4SnWOWsbFK0j0ZrhYFka', NULL, NULL, 0, 0, '2021-01-25 10:56:10', '0000-00-00 00:00:00'),
(185, NULL, 'noble.rempel', 'Bechtelar', 'Dylan', '1993-06-09', 'ubode@schmeler.com', '872 Fletcher Prairie Suite 188\nHerzogport, IN 67076', NULL, NULL, '(213) 534-0764 x1187', '$2y$10$3psPaWAvPOWBsjZuUUxIbeVgl44w0e1zn0wPGQAhppecuCCfaQKeW', NULL, NULL, 0, 0, '2021-01-25 10:56:10', '0000-00-00 00:00:00'),
(186, NULL, 'schaden.johnny', 'Hoppe', 'Sonny', '1999-03-01', 'verlie.weissnat@hotmail.com', '906 Stevie Landing Suite 967\nWest Karelletown, NY 58727-6835', NULL, NULL, '607-838-1358', '$2y$10$iSqg28LwbftAnri1ed0kRulxp52pYieC2o76Fx4iHRHdWqQYVJ7Aa', NULL, NULL, 0, 0, '2021-01-25 10:56:10', '0000-00-00 00:00:00'),
(187, NULL, 'myron.steuber', 'Bosco', 'Johnathon', '1994-04-03', 'jalyn.kuvalis@yahoo.com', '12315 William Vista Apt. 881\nMarianaton, GA 59652', NULL, NULL, '(934) 894-8494', '$2y$10$MazxjlA24I/GowGZt5rmBu/Fa7Y0LRevsCs17aGP87MwEMl1s/8kS', NULL, NULL, 0, 0, '2021-01-25 10:56:10', '0000-00-00 00:00:00'),
(188, NULL, 'hester.flatley', 'Eichmann', 'Rowan', '1992-07-27', 'qtremblay@turcotte.com', '41984 Lesch River Suite 966\nSavannahmouth, MS 54153-8237', NULL, NULL, '(562) 647-4034 x025', '$2y$10$FCdO5lCAaVKFKiROzbEzdOD1f/lGpQyUR2HB7lM.d7CMnarCFO.6.', NULL, NULL, 0, 0, '2021-01-25 10:56:10', '0000-00-00 00:00:00'),
(189, NULL, 'herbert29', 'Abernathy', 'Jarrell', '1975-02-28', 'janick68@pfannerstill.com', '8298 Giles Tunnel Apt. 058\nGutkowskibury, TN 58919', NULL, NULL, '578-210-4167', '$2y$10$1eQsajDexVah/UepEkoc.uMIeFns82.L6MF/QQ1KJxVJKGLtVVkWu', NULL, NULL, 0, 0, '2021-01-25 10:56:10', '0000-00-00 00:00:00'),
(190, NULL, 'destiney30', 'Dietrich', 'Bailey', '2017-01-29', 'xsimonis@aufderhar.com', '698 Larson Ranch\nLeilabury, MO 52978', NULL, NULL, '+16359569829', '$2y$10$pRtDVBe3emR9hElg56jiz.9LRsUHyDXR/6iGUsYfDMGC20DCQjXOS', NULL, NULL, 0, 0, '2021-01-25 10:56:10', '0000-00-00 00:00:00'),
(191, NULL, 'clakin', 'Runolfsson', 'Dorothea', '1997-10-28', 'kaela77@olson.org', '813 Earnestine Burg\nSabinaview, NH 46229-3363', NULL, NULL, '+1-324-846-1862', '$2y$10$hMrF6.t5ZJGhsbTjNa3qUus6qWGHzZAxH7HrPmOXTAzpBFliAC.je', NULL, NULL, 0, 0, '2021-01-25 10:56:10', '0000-00-00 00:00:00'),
(192, NULL, 'alberto37', 'Emmerich', 'Madge', '2015-11-04', 'fnicolas@okeefe.com', '6646 Gibson Tunnel\nWalkerbury, DC 30873', NULL, NULL, '947-897-7241 x803', '$2y$10$olhMOfySHclUgUG/tbHP5.kXvYeqpWQdIKL0XBaAK1qZC0f1cHt9O', NULL, NULL, 0, 0, '2021-01-25 10:56:11', '0000-00-00 00:00:00'),
(193, NULL, 'xabbott', 'Cruickshank', 'Marilyne', '1979-10-06', 'jakubowski.edna@hotmail.com', '532 Blick Way Suite 453\nPort Heberville, CA 59299-8181', NULL, NULL, '(510) 281-1819', '$2y$10$lfSPzEhGDokCoX9EcoP4MudyvV9W/x1SAW4f9WV5dPG/QVtsiw53G', NULL, NULL, 0, 0, '2021-01-25 10:56:11', '0000-00-00 00:00:00'),
(194, NULL, 'enoch59', 'Ullrich', 'Ottilie', '1988-07-02', 'phoeger@hotmail.com', '23854 Howe Gardens\nWelchhaven, AZ 75806-5586', NULL, NULL, '506-217-1568 x667', '$2y$10$oT8Pgu5Jv4xyrN2YQBaKx.L8Dm/t33b04Ccxhd02TaLegCMOgJujO', NULL, NULL, 0, 0, '2021-01-25 10:56:11', '0000-00-00 00:00:00'),
(195, NULL, 'marietta.pfannerstill', 'Brakus', 'Haylie', '2008-10-26', 'toby.dietrich@yahoo.com', '736 Jones Squares\nNorth Neal, WA 56117-9858', NULL, NULL, '934.829.1309', '$2y$10$4jMIo6i8z3rsXzNuWK11Iu93hUxo4.vIffrA8NoBgLir1xW0r7snG', NULL, NULL, 0, 0, '2021-01-25 10:56:11', '0000-00-00 00:00:00'),
(196, NULL, 'tnicolas', 'Davis', 'Karlie', '2006-01-21', 'ewald.watsica@gmail.com', '17135 Haskell Village\nMaryamburgh, SC 02385', NULL, NULL, '768.786.7061 x1153', '$2y$10$TLAdHQppva4cygss/E4IEe0Jx6PjzsUEx5BJWq4TxJfkjEzK3gQgK', NULL, NULL, 0, 0, '2021-01-25 10:56:11', '0000-00-00 00:00:00'),
(197, NULL, 'sblanda', 'Johnston', 'Amalia', '1970-04-28', 'greenfelder.mellie@powlowski.com', '80590 Garnet Lodge\nNew Reina, KS 01980', NULL, NULL, '705.669.0216 x751', '$2y$10$s1bwCHaBYvNSMAXE.wvp8O9xBQWdbSr84yBKdvMdSdkFj1sgj.OVu', NULL, NULL, 0, 0, '2021-01-25 10:56:11', '0000-00-00 00:00:00'),
(198, NULL, 'barton.kendra', 'Swift', 'Cristian', '2013-02-08', 'brandon55@weimann.info', '74339 Ward Crescent Apt. 454\nReillyborough, GA 18239', NULL, NULL, '820-919-0226', '$2y$10$jMgqbjIxp7Svif4cXIm6NOvfYr1Y7Lk9l3b62IjKMxrtZ8WHxE9/W', NULL, NULL, 0, 0, '2021-01-25 10:56:11', '0000-00-00 00:00:00'),
(199, NULL, 'milan.lowe', 'Quigley', 'Marcelle', '1991-12-15', 'alvis11@yahoo.com', '256 Kihn Manor Suite 847\nChristelleport, OH 74178-7988', NULL, NULL, '(801) 715-0339 x27064', '$2y$10$UZK4Po2mmdw6cJUJbrXkyO.wuYX5r2t56ackWBUO9tqJIWhpKj1x6', NULL, NULL, 0, 0, '2021-01-25 10:56:11', '0000-00-00 00:00:00'),
(200, NULL, 'wpouros', 'Witting', 'Nico', '1976-10-07', 'esther.gleason@tillman.com', '610 Tremblay Orchard Apt. 112\nKiraburgh, CT 12041', NULL, NULL, '+1-654-905-0085', '$2y$10$q7AlwTI.Mm1OZCTAfIr1uONGeyKVXmBwbF3SmBSL.1zi3PDdShn8i', NULL, NULL, 0, 0, '2021-01-25 10:56:11', '0000-00-00 00:00:00'),
(201, NULL, 'adolphus30', 'O\'Reilly', 'Alyce', '1989-09-09', 'fisher.nikki@kuhic.org', '4923 Koch Crossing Apt. 565\nCristland, OR 28250-6000', NULL, NULL, '352.397.6488', '$2y$10$8HHdCU6L5UAybPd2nAT8NedC3cDsXCq3HvcbmtRZ3fLPZIXXcxikG', NULL, NULL, 0, 0, '2021-01-25 10:56:11', '0000-00-00 00:00:00');

-- --------------------------------------------------------

--
-- Structure de la table `user_skills`
--

CREATE TABLE `user_skills` (
  `id` int(11) NOT NULL,
  `id_skill` int(11) NOT NULL,
  `id_user` int(11) NOT NULL,
  `created_at` datetime NOT NULL DEFAULT current_timestamp(),
  `updated_at` datetime NOT NULL DEFAULT '0000-00-00 00:00:00' ON UPDATE current_timestamp()
) ENGINE=InnoDB DEFAULT CHARSET=utf8mb4;

--
-- Déchargement des données de la table `user_skills`
--

INSERT INTO `user_skills` (`id`, `id_skill`, `id_user`, `created_at`, `updated_at`) VALUES
(1, 2, 14, '2021-01-20 15:16:34', '0000-00-00 00:00:00'),
(2, 1, 82, '2021-01-20 15:16:34', '0000-00-00 00:00:00'),
(3, 2, 27, '2021-01-20 15:16:34', '0000-00-00 00:00:00'),
(4, 2, 36, '2021-01-20 15:16:34', '0000-00-00 00:00:00'),
(5, 1, 23, '2021-01-20 15:16:34', '0000-00-00 00:00:00'),
(6, 1, 48, '2021-01-20 15:16:34', '0000-00-00 00:00:00'),
(7, 1, 61, '2021-01-20 15:16:34', '0000-00-00 00:00:00'),
(8, 2, 54, '2021-01-20 15:16:34', '0000-00-00 00:00:00'),
(9, 1, 21, '2021-01-20 15:16:34', '0000-00-00 00:00:00'),
(10, 2, 56, '2021-01-20 15:16:34', '0000-00-00 00:00:00'),
(11, 2, 77, '2021-01-20 15:16:34', '0000-00-00 00:00:00'),
(12, 1, 4, '2021-01-20 15:16:34', '0000-00-00 00:00:00'),
(13, 1, 18, '2021-01-20 15:16:34', '0000-00-00 00:00:00'),
(14, 1, 28, '2021-01-20 15:16:34', '0000-00-00 00:00:00'),
(15, 2, 82, '2021-01-20 15:16:34', '0000-00-00 00:00:00'),
(16, 2, 17, '2021-01-20 15:16:34', '0000-00-00 00:00:00'),
(17, 1, 13, '2021-01-20 15:16:34', '0000-00-00 00:00:00'),
(18, 1, 84, '2021-01-20 15:16:34', '0000-00-00 00:00:00'),
(19, 2, 72, '2021-01-20 15:16:34', '0000-00-00 00:00:00'),
(20, 2, 35, '2021-01-20 15:16:34', '0000-00-00 00:00:00'),
(21, 1, 10, '2021-01-20 15:16:34', '0000-00-00 00:00:00'),
(22, 2, 25, '2021-01-20 15:16:34', '0000-00-00 00:00:00'),
(23, 2, 19, '2021-01-20 15:16:34', '0000-00-00 00:00:00'),
(24, 2, 62, '2021-01-20 15:16:34', '0000-00-00 00:00:00'),
(25, 2, 88, '2021-01-20 15:16:34', '0000-00-00 00:00:00'),
(26, 2, 54, '2021-01-20 15:16:34', '0000-00-00 00:00:00'),
(27, 1, 66, '2021-01-20 15:16:34', '0000-00-00 00:00:00'),
(28, 1, 22, '2021-01-20 15:16:34', '0000-00-00 00:00:00'),
(29, 2, 70, '2021-01-20 15:16:34', '0000-00-00 00:00:00'),
(30, 2, 33, '2021-01-20 15:16:34', '0000-00-00 00:00:00'),
(31, 2, 2, '2021-01-20 15:16:34', '0000-00-00 00:00:00'),
(32, 2, 61, '2021-01-20 15:16:34', '0000-00-00 00:00:00'),
(33, 2, 13, '2021-01-20 15:16:34', '0000-00-00 00:00:00'),
(34, 2, 19, '2021-01-20 15:16:34', '0000-00-00 00:00:00'),
(35, 1, 26, '2021-01-20 15:16:34', '0000-00-00 00:00:00'),
(36, 2, 6, '2021-01-20 15:16:34', '0000-00-00 00:00:00'),
(37, 2, 89, '2021-01-20 15:16:34', '0000-00-00 00:00:00'),
(38, 2, 51, '2021-01-20 15:16:34', '0000-00-00 00:00:00'),
(39, 1, 21, '2021-01-20 15:16:34', '0000-00-00 00:00:00'),
(40, 1, 8, '2021-01-20 15:16:34', '0000-00-00 00:00:00'),
(41, 1, 40, '2021-01-20 15:16:34', '0000-00-00 00:00:00'),
(42, 1, 22, '2021-01-20 15:16:34', '0000-00-00 00:00:00'),
(43, 2, 11, '2021-01-20 15:16:34', '0000-00-00 00:00:00'),
(44, 2, 48, '2021-01-20 15:16:34', '0000-00-00 00:00:00'),
(45, 1, 94, '2021-01-20 15:16:34', '0000-00-00 00:00:00'),
(46, 1, 75, '2021-01-20 15:16:34', '0000-00-00 00:00:00'),
(47, 1, 45, '2021-01-20 15:16:34', '0000-00-00 00:00:00'),
(48, 1, 58, '2021-01-20 15:16:34', '0000-00-00 00:00:00'),
(49, 2, 52, '2021-01-20 15:16:34', '0000-00-00 00:00:00'),
(50, 2, 84, '2021-01-20 15:16:34', '0000-00-00 00:00:00'),
(51, 2, 49, '2021-01-20 15:16:34', '0000-00-00 00:00:00'),
(52, 1, 34, '2021-01-20 15:16:34', '0000-00-00 00:00:00'),
(53, 1, 13, '2021-01-20 15:16:34', '0000-00-00 00:00:00'),
(54, 2, 15, '2021-01-20 15:16:34', '0000-00-00 00:00:00'),
(55, 1, 60, '2021-01-20 15:16:34', '0000-00-00 00:00:00'),
(56, 2, 60, '2021-01-20 15:16:34', '0000-00-00 00:00:00'),
(57, 1, 66, '2021-01-20 15:16:34', '0000-00-00 00:00:00'),
(58, 2, 5, '2021-01-20 15:16:34', '0000-00-00 00:00:00'),
(59, 1, 71, '2021-01-20 15:16:34', '0000-00-00 00:00:00'),
(60, 1, 15, '2021-01-20 15:16:34', '0000-00-00 00:00:00'),
(61, 1, 29, '2021-01-20 15:16:34', '0000-00-00 00:00:00'),
(62, 2, 27, '2021-01-20 15:16:35', '0000-00-00 00:00:00'),
(63, 2, 45, '2021-01-20 15:16:35', '0000-00-00 00:00:00'),
(64, 2, 74, '2021-01-20 15:16:35', '0000-00-00 00:00:00'),
(65, 1, 65, '2021-01-20 15:16:35', '0000-00-00 00:00:00'),
(66, 1, 58, '2021-01-20 15:16:35', '0000-00-00 00:00:00'),
(67, 2, 9, '2021-01-20 15:16:35', '0000-00-00 00:00:00'),
(68, 1, 78, '2021-01-20 15:16:35', '0000-00-00 00:00:00'),
(69, 2, 92, '2021-01-20 15:16:35', '0000-00-00 00:00:00'),
(70, 2, 33, '2021-01-20 15:16:35', '0000-00-00 00:00:00'),
(71, 2, 8, '2021-01-20 15:16:35', '0000-00-00 00:00:00'),
(72, 2, 79, '2021-01-20 15:16:35', '0000-00-00 00:00:00'),
(73, 1, 87, '2021-01-20 15:16:35', '0000-00-00 00:00:00'),
(74, 2, 74, '2021-01-20 15:16:35', '0000-00-00 00:00:00'),
(75, 2, 98, '2021-01-20 15:16:35', '0000-00-00 00:00:00'),
(76, 1, 23, '2021-01-20 15:16:35', '0000-00-00 00:00:00'),
(77, 1, 25, '2021-01-20 15:16:35', '0000-00-00 00:00:00'),
(78, 2, 25, '2021-01-20 15:16:35', '0000-00-00 00:00:00'),
(79, 2, 9, '2021-01-20 15:16:35', '0000-00-00 00:00:00'),
(80, 2, 39, '2021-01-20 15:16:35', '0000-00-00 00:00:00'),
(81, 1, 92, '2021-01-20 15:16:35', '0000-00-00 00:00:00'),
(82, 1, 88, '2021-01-20 15:16:35', '0000-00-00 00:00:00'),
(83, 2, 91, '2021-01-20 15:16:35', '0000-00-00 00:00:00'),
(84, 1, 27, '2021-01-20 15:16:35', '0000-00-00 00:00:00'),
(85, 1, 68, '2021-01-20 15:16:35', '0000-00-00 00:00:00'),
(86, 2, 31, '2021-01-20 15:16:35', '0000-00-00 00:00:00'),
(87, 2, 78, '2021-01-20 15:16:35', '0000-00-00 00:00:00'),
(88, 2, 13, '2021-01-20 15:16:35', '0000-00-00 00:00:00'),
(89, 2, 46, '2021-01-20 15:16:35', '0000-00-00 00:00:00'),
(90, 1, 62, '2021-01-20 15:16:35', '0000-00-00 00:00:00'),
(91, 2, 23, '2021-01-20 15:16:35', '0000-00-00 00:00:00'),
(92, 2, 50, '2021-01-20 15:16:35', '0000-00-00 00:00:00'),
(93, 1, 30, '2021-01-20 15:16:35', '0000-00-00 00:00:00'),
(94, 1, 86, '2021-01-20 15:16:35', '0000-00-00 00:00:00'),
(95, 2, 66, '2021-01-20 15:16:35', '0000-00-00 00:00:00'),
(96, 1, 90, '2021-01-20 15:16:35', '0000-00-00 00:00:00'),
(97, 2, 49, '2021-01-20 15:16:35', '0000-00-00 00:00:00'),
(98, 2, 94, '2021-01-20 15:16:35', '0000-00-00 00:00:00'),
(99, 1, 27, '2021-01-20 15:16:35', '0000-00-00 00:00:00'),
(100, 1, 98, '2021-01-20 15:16:35', '0000-00-00 00:00:00'),
(104, 1, 101, '2021-01-20 19:42:08', '0000-00-00 00:00:00'),
(105, 2, 88, '2021-01-25 10:56:12', '0000-00-00 00:00:00'),
(106, 2, 33, '2021-01-25 10:56:12', '0000-00-00 00:00:00'),
(107, 2, 38, '2021-01-25 10:56:12', '0000-00-00 00:00:00'),
(108, 2, 69, '2021-01-25 10:56:12', '0000-00-00 00:00:00'),
(109, 1, 10, '2021-01-25 10:56:12', '0000-00-00 00:00:00'),
(110, 2, 74, '2021-01-25 10:56:12', '0000-00-00 00:00:00'),
(111, 1, 86, '2021-01-25 10:56:12', '0000-00-00 00:00:00'),
(112, 2, 94, '2021-01-25 10:56:12', '0000-00-00 00:00:00'),
(113, 1, 24, '2021-01-25 10:56:12', '0000-00-00 00:00:00'),
(114, 1, 83, '2021-01-25 10:56:12', '0000-00-00 00:00:00'),
(115, 1, 53, '2021-01-25 10:56:12', '0000-00-00 00:00:00'),
(116, 1, 77, '2021-01-25 10:56:12', '0000-00-00 00:00:00'),
(117, 2, 28, '2021-01-25 10:56:12', '0000-00-00 00:00:00'),
(118, 2, 5, '2021-01-25 10:56:12', '0000-00-00 00:00:00'),
(119, 2, 8, '2021-01-25 10:56:12', '0000-00-00 00:00:00'),
(120, 1, 83, '2021-01-25 10:56:12', '0000-00-00 00:00:00'),
(121, 1, 39, '2021-01-25 10:56:12', '0000-00-00 00:00:00'),
(122, 2, 59, '2021-01-25 10:56:12', '0000-00-00 00:00:00'),
(123, 1, 62, '2021-01-25 10:56:12', '0000-00-00 00:00:00'),
(124, 2, 48, '2021-01-25 10:56:12', '0000-00-00 00:00:00'),
(125, 2, 94, '2021-01-25 10:56:12', '0000-00-00 00:00:00'),
(126, 1, 58, '2021-01-25 10:56:12', '0000-00-00 00:00:00'),
(127, 1, 93, '2021-01-25 10:56:12', '0000-00-00 00:00:00'),
(128, 2, 48, '2021-01-25 10:56:12', '0000-00-00 00:00:00'),
(129, 2, 36, '2021-01-25 10:56:12', '0000-00-00 00:00:00'),
(130, 2, 96, '2021-01-25 10:56:12', '0000-00-00 00:00:00'),
(131, 2, 49, '2021-01-25 10:56:12', '0000-00-00 00:00:00'),
(132, 1, 44, '2021-01-25 10:56:12', '0000-00-00 00:00:00'),
(133, 1, 89, '2021-01-25 10:56:12', '0000-00-00 00:00:00'),
(134, 1, 28, '2021-01-25 10:56:12', '0000-00-00 00:00:00'),
(135, 2, 43, '2021-01-25 10:56:12', '0000-00-00 00:00:00'),
(136, 1, 10, '2021-01-25 10:56:12', '0000-00-00 00:00:00'),
(137, 2, 85, '2021-01-25 10:56:12', '0000-00-00 00:00:00'),
(138, 2, 11, '2021-01-25 10:56:12', '0000-00-00 00:00:00'),
(139, 2, 70, '2021-01-25 10:56:12', '0000-00-00 00:00:00'),
(140, 1, 77, '2021-01-25 10:56:12', '0000-00-00 00:00:00'),
(141, 1, 53, '2021-01-25 10:56:12', '0000-00-00 00:00:00'),
(142, 2, 38, '2021-01-25 10:56:12', '0000-00-00 00:00:00'),
(143, 1, 44, '2021-01-25 10:56:12', '0000-00-00 00:00:00'),
(144, 1, 25, '2021-01-25 10:56:12', '0000-00-00 00:00:00'),
(145, 2, 100, '2021-01-25 10:56:12', '0000-00-00 00:00:00'),
(146, 2, 67, '2021-01-25 10:56:12', '0000-00-00 00:00:00'),
(147, 1, 27, '2021-01-25 10:56:12', '0000-00-00 00:00:00'),
(148, 1, 27, '2021-01-25 10:56:12', '0000-00-00 00:00:00'),
(149, 2, 69, '2021-01-25 10:56:12', '0000-00-00 00:00:00'),
(150, 1, 69, '2021-01-25 10:56:12', '0000-00-00 00:00:00'),
(151, 1, 64, '2021-01-25 10:56:12', '0000-00-00 00:00:00'),
(152, 2, 18, '2021-01-25 10:56:12', '0000-00-00 00:00:00'),
(153, 1, 80, '2021-01-25 10:56:12', '0000-00-00 00:00:00'),
(154, 1, 61, '2021-01-25 10:56:12', '0000-00-00 00:00:00'),
(155, 1, 67, '2021-01-25 10:56:12', '0000-00-00 00:00:00'),
(156, 1, 69, '2021-01-25 10:56:12', '0000-00-00 00:00:00'),
(157, 1, 22, '2021-01-25 10:56:12', '0000-00-00 00:00:00'),
(158, 2, 94, '2021-01-25 10:56:12', '0000-00-00 00:00:00'),
(159, 2, 53, '2021-01-25 10:56:12', '0000-00-00 00:00:00'),
(160, 2, 56, '2021-01-25 10:56:12', '0000-00-00 00:00:00'),
(161, 2, 53, '2021-01-25 10:56:12', '0000-00-00 00:00:00'),
(162, 1, 66, '2021-01-25 10:56:12', '0000-00-00 00:00:00'),
(163, 1, 39, '2021-01-25 10:56:12', '0000-00-00 00:00:00'),
(164, 2, 98, '2021-01-25 10:56:12', '0000-00-00 00:00:00'),
(165, 1, 43, '2021-01-25 10:56:12', '0000-00-00 00:00:00'),
(166, 2, 15, '2021-01-25 10:56:12', '0000-00-00 00:00:00'),
(167, 2, 33, '2021-01-25 10:56:12', '0000-00-00 00:00:00'),
(168, 1, 54, '2021-01-25 10:56:12', '0000-00-00 00:00:00'),
(169, 2, 43, '2021-01-25 10:56:12', '0000-00-00 00:00:00'),
(170, 2, 38, '2021-01-25 10:56:12', '0000-00-00 00:00:00'),
(171, 2, 76, '2021-01-25 10:56:12', '0000-00-00 00:00:00'),
(172, 1, 16, '2021-01-25 10:56:12', '0000-00-00 00:00:00'),
(173, 2, 58, '2021-01-25 10:56:12', '0000-00-00 00:00:00'),
(174, 1, 70, '2021-01-25 10:56:12', '0000-00-00 00:00:00'),
(175, 1, 46, '2021-01-25 10:56:12', '0000-00-00 00:00:00'),
(176, 1, 13, '2021-01-25 10:56:12', '0000-00-00 00:00:00'),
(177, 2, 79, '2021-01-25 10:56:12', '0000-00-00 00:00:00'),
(178, 1, 8, '2021-01-25 10:56:12', '0000-00-00 00:00:00'),
(179, 2, 19, '2021-01-25 10:56:12', '0000-00-00 00:00:00'),
(180, 1, 45, '2021-01-25 10:56:12', '0000-00-00 00:00:00'),
(181, 2, 55, '2021-01-25 10:56:12', '0000-00-00 00:00:00'),
(182, 2, 47, '2021-01-25 10:56:12', '0000-00-00 00:00:00'),
(183, 2, 72, '2021-01-25 10:56:12', '0000-00-00 00:00:00'),
(184, 1, 74, '2021-01-25 10:56:12', '0000-00-00 00:00:00'),
(185, 1, 63, '2021-01-25 10:56:12', '0000-00-00 00:00:00'),
(186, 1, 56, '2021-01-25 10:56:12', '0000-00-00 00:00:00'),
(187, 1, 81, '2021-01-25 10:56:12', '0000-00-00 00:00:00'),
(188, 1, 1, '2021-01-25 10:56:12', '0000-00-00 00:00:00'),
(189, 1, 22, '2021-01-25 10:56:12', '0000-00-00 00:00:00'),
(190, 2, 47, '2021-01-25 10:56:12', '0000-00-00 00:00:00'),
(191, 1, 62, '2021-01-25 10:56:12', '0000-00-00 00:00:00'),
(192, 2, 33, '2021-01-25 10:56:12', '0000-00-00 00:00:00'),
(193, 2, 66, '2021-01-25 10:56:12', '0000-00-00 00:00:00'),
(194, 1, 26, '2021-01-25 10:56:12', '0000-00-00 00:00:00'),
(195, 2, 53, '2021-01-25 10:56:12', '0000-00-00 00:00:00'),
(196, 2, 22, '2021-01-25 10:56:12', '0000-00-00 00:00:00'),
(197, 2, 83, '2021-01-25 10:56:12', '0000-00-00 00:00:00'),
(198, 2, 73, '2021-01-25 10:56:12', '0000-00-00 00:00:00'),
(199, 1, 1, '2021-01-25 10:56:12', '0000-00-00 00:00:00'),
(200, 1, 93, '2021-01-25 10:56:12', '0000-00-00 00:00:00'),
(201, 1, 15, '2021-01-25 10:56:12', '0000-00-00 00:00:00'),
(202, 1, 95, '2021-01-25 10:56:12', '0000-00-00 00:00:00'),
(203, 2, 91, '2021-01-25 10:56:12', '0000-00-00 00:00:00'),
(204, 1, 67, '2021-01-25 10:56:12', '0000-00-00 00:00:00');

-- --------------------------------------------------------

--
-- Structure de la table `warnings`
--

CREATE TABLE `warnings` (
  `id` int(11) NOT NULL,
  `id_user` int(11) NOT NULL,
  `id_post` int(11) NOT NULL,
  `message` tinytext NOT NULL,
  `created_at` datetime NOT NULL DEFAULT current_timestamp(),
  `updated_at` datetime NOT NULL DEFAULT '0000-00-00 00:00:00' ON UPDATE current_timestamp()
) ENGINE=InnoDB DEFAULT CHARSET=utf8mb4;

--
-- Index pour les tables déchargées
--

--
-- Index pour la table `asks`
--
ALTER TABLE `asks`
  ADD PRIMARY KEY (`id`),
  ADD KEY `id_user` (`id_user`,`id_post`),
  ADD KEY `id_post` (`id_post`);

--
-- Index pour la table `breakdown_categories`
--
ALTER TABLE `breakdown_categories`
  ADD PRIMARY KEY (`id`),
  ADD KEY `platform_id` (`id_platform`);

--
-- Index pour la table `chats`
--
ALTER TABLE `chats`
  ADD PRIMARY KEY (`id`);

--
-- Index pour la table `chat_users`
--
ALTER TABLE `chat_users`
  ADD PRIMARY KEY (`id`);

--
-- Index pour la table `messages`
--
ALTER TABLE `messages`
  ADD PRIMARY KEY (`id`);

--
-- Index pour la table `offers`
--
ALTER TABLE `offers`
  ADD PRIMARY KEY (`id`),
  ADD KEY `id_user` (`id_user`,`id_post`),
  ADD KEY `id_post` (`id_post`);

--
-- Index pour la table `platforms`
--
ALTER TABLE `platforms`
  ADD PRIMARY KEY (`id`),
  ADD UNIQUE KEY `name` (`name`);

--
-- Index pour la table `posts`
--
ALTER TABLE `posts`
  ADD PRIMARY KEY (`id`),
  ADD KEY `id_breakdown_type` (`id_breakdown_category`),
  ADD KEY `id_user` (`id_user`);

--
-- Index pour la table `skills`
--
ALTER TABLE `skills`
  ADD PRIMARY KEY (`id`),
  ADD UNIQUE KEY `name` (`name`),
  ADD KEY `id_platform` (`id_breakdown_category`);

--
-- Index pour la table `users`
--
ALTER TABLE `users`
  ADD PRIMARY KEY (`id`),
  ADD UNIQUE KEY `username` (`username`,`email`);

--
-- Index pour la table `user_skills`
--
ALTER TABLE `user_skills`
  ADD PRIMARY KEY (`id`),
  ADD KEY `id_skill` (`id_skill`),
  ADD KEY `id_user` (`id_user`);

--
-- Index pour la table `warnings`
--
ALTER TABLE `warnings`
  ADD PRIMARY KEY (`id`),
  ADD KEY `id_user` (`id_user`,`id_post`),
  ADD KEY `id_post` (`id_post`);

--
-- AUTO_INCREMENT pour les tables déchargées
--

--
-- AUTO_INCREMENT pour la table `asks`
--
ALTER TABLE `asks`
  MODIFY `id` int(11) NOT NULL AUTO_INCREMENT;

--
-- AUTO_INCREMENT pour la table `breakdown_categories`
--
ALTER TABLE `breakdown_categories`
  MODIFY `id` int(11) NOT NULL AUTO_INCREMENT, AUTO_INCREMENT=9;

--
-- AUTO_INCREMENT pour la table `chats`
--
ALTER TABLE `chats`
  MODIFY `id` int(11) NOT NULL AUTO_INCREMENT, AUTO_INCREMENT=2;

--
-- AUTO_INCREMENT pour la table `chat_users`
--
ALTER TABLE `chat_users`
  MODIFY `id` int(11) NOT NULL AUTO_INCREMENT, AUTO_INCREMENT=2;

--
-- AUTO_INCREMENT pour la table `messages`
--
ALTER TABLE `messages`
  MODIFY `id` int(11) NOT NULL AUTO_INCREMENT, AUTO_INCREMENT=55;

--
-- AUTO_INCREMENT pour la table `offers`
--
ALTER TABLE `offers`
  MODIFY `id` int(11) NOT NULL AUTO_INCREMENT;

--
-- AUTO_INCREMENT pour la table `platforms`
--
ALTER TABLE `platforms`
  MODIFY `id` int(11) NOT NULL AUTO_INCREMENT, AUTO_INCREMENT=11;

--
-- AUTO_INCREMENT pour la table `posts`
--
ALTER TABLE `posts`
  MODIFY `id` int(11) NOT NULL AUTO_INCREMENT, AUTO_INCREMENT=201;

--
-- AUTO_INCREMENT pour la table `skills`
--
ALTER TABLE `skills`
  MODIFY `id` int(11) NOT NULL AUTO_INCREMENT, AUTO_INCREMENT=5;

--
-- AUTO_INCREMENT pour la table `users`
--
ALTER TABLE `users`
  MODIFY `id` int(11) NOT NULL AUTO_INCREMENT, AUTO_INCREMENT=202;

--
-- AUTO_INCREMENT pour la table `user_skills`
--
ALTER TABLE `user_skills`
  MODIFY `id` int(11) NOT NULL AUTO_INCREMENT, AUTO_INCREMENT=205;

--
-- AUTO_INCREMENT pour la table `warnings`
--
ALTER TABLE `warnings`
  MODIFY `id` int(11) NOT NULL AUTO_INCREMENT;

--
-- Contraintes pour les tables déchargées
--

--
-- Contraintes pour la table `asks`
--
ALTER TABLE `asks`
  ADD CONSTRAINT `asks_ibfk_1` FOREIGN KEY (`id_user`) REFERENCES `users` (`id`),
  ADD CONSTRAINT `asks_ibfk_2` FOREIGN KEY (`id_post`) REFERENCES `posts` (`id`);

--
-- Contraintes pour la table `breakdown_categories`
--
ALTER TABLE `breakdown_categories`
  ADD CONSTRAINT `breakdown_categories_ibfk_1` FOREIGN KEY (`id_platform`) REFERENCES `platforms` (`id`);

--
-- Contraintes pour la table `offers`
--
ALTER TABLE `offers`
  ADD CONSTRAINT `offers_ibfk_1` FOREIGN KEY (`id_user`) REFERENCES `users` (`id`),
  ADD CONSTRAINT `offers_ibfk_2` FOREIGN KEY (`id_post`) REFERENCES `posts` (`id`);

--
-- Contraintes pour la table `posts`
--
ALTER TABLE `posts`
  ADD CONSTRAINT `posts_ibfk_1` FOREIGN KEY (`id_user`) REFERENCES `users` (`id`),
  ADD CONSTRAINT `posts_ibfk_2` FOREIGN KEY (`id_breakdown_category`) REFERENCES `breakdown_categories` (`id`);

--
-- Contraintes pour la table `skills`
--
ALTER TABLE `skills`
  ADD CONSTRAINT `skills_ibfk_1` FOREIGN KEY (`id_breakdown_category`) REFERENCES `breakdown_categories` (`id`);

--
-- Contraintes pour la table `user_skills`
--
ALTER TABLE `user_skills`
  ADD CONSTRAINT `user_skills_ibfk_1` FOREIGN KEY (`id_user`) REFERENCES `users` (`id`),
  ADD CONSTRAINT `user_skills_ibfk_2` FOREIGN KEY (`id_skill`) REFERENCES `skills` (`id`);

--
-- Contraintes pour la table `warnings`
--
ALTER TABLE `warnings`
  ADD CONSTRAINT `warnings_ibfk_1` FOREIGN KEY (`id_user`) REFERENCES `users` (`id`),
  ADD CONSTRAINT `warnings_ibfk_2` FOREIGN KEY (`id_post`) REFERENCES `posts` (`id`);
COMMIT;

/*!40101 SET CHARACTER_SET_CLIENT=@OLD_CHARACTER_SET_CLIENT */;
/*!40101 SET CHARACTER_SET_RESULTS=@OLD_CHARACTER_SET_RESULTS */;
/*!40101 SET COLLATION_CONNECTION=@OLD_COLLATION_CONNECTION */;
