-- phpMyAdmin SQL Dump
-- version 5.0.4
-- https://www.phpmyadmin.net/
--
-- Hôte : localhost
-- Généré le : lun. 22 fév. 2021 à 10:46
-- Version du serveur :  10.4.17-MariaDB
-- Version de PHP : 7.4.13

SET SQL_MODE = "NO_AUTO_VALUE_ON_ZERO";
START TRANSACTION;
SET time_zone = "+00:00";


/*!40101 SET @OLD_CHARACTER_SET_CLIENT=@@CHARACTER_SET_CLIENT */;
/*!40101 SET @OLD_CHARACTER_SET_RESULTS=@@CHARACTER_SET_RESULTS */;
/*!40101 SET @OLD_COLLATION_CONNECTION=@@COLLATION_CONNECTION */;
/*!40101 SET NAMES utf8mb4 */;

--
-- Base de données : `tynkle`
--
CREATE DATABASE IF NOT EXISTS `tynkle` DEFAULT CHARACTER SET utf8mb4 COLLATE utf8mb4_general_ci;
USE `tynkle`;

-- --------------------------------------------------------

--
-- Structure de la table `asks`
--

CREATE TABLE `asks` (
  `id` int(11) NOT NULL,
  `id_user` int(11) NOT NULL,
  `id_post` int(11) NOT NULL,
  `object` varchar(255) NOT NULL,
  `content` tinytext NOT NULL,
  `amount` double NOT NULL,
  `is_viewed` tinyint(1) NOT NULL DEFAULT 0,
  `is_accepted` tinyint(1) NOT NULL DEFAULT 0,
  `created_at` datetime NOT NULL DEFAULT current_timestamp(),
  `updated_at` datetime NOT NULL DEFAULT '0000-00-00 00:00:00' ON UPDATE current_timestamp()
) ENGINE=InnoDB DEFAULT CHARSET=utf8mb4;

-- --------------------------------------------------------

--
-- Structure de la table `breakdown_categories`
--

CREATE TABLE `breakdown_categories` (
  `id` int(11) NOT NULL,
  `id_platform` int(11) NOT NULL,
  `name` varchar(100) NOT NULL,
  `description` tinytext NOT NULL,
  `created_at` datetime NOT NULL DEFAULT current_timestamp(),
  `updated_at` datetime NOT NULL DEFAULT '0000-00-00 00:00:00' ON UPDATE current_timestamp()
) ENGINE=InnoDB DEFAULT CHARSET=utf8mb4;

--
-- Déchargement des données de la table `breakdown_categories`
--

INSERT INTO `breakdown_categories` (`id`, `id_platform`, `name`, `description`, `created_at`, `updated_at`) VALUES
(1, 1, 'Dépanner mon PC/ MAC', 'Doloremque et itaque in dolorem porro. Earum architecto ea incidunt. Velit adipisci recusandae et odit. Dolores voluptatem tempora recusandae aspernatur aperiam et dolores.', '2021-02-22 10:44:34', '0000-00-00 00:00:00'),
(2, 1, 'Faire évoluer mon matériel', 'Quidem maiores recusandae dolorem expedita quos quo itaque. Voluptates molestiae nostrum et exercitationem. Laborum officiis sequi facilis autem nam et architecto.', '2021-02-22 10:44:34', '0000-00-00 00:00:00'),
(3, 1, 'Installer un logiciel', 'Consequuntur suscipit sunt et velit quia. Sed cumque velit aut natus. Adipisci dolorem eius qui cumque ipsa perspiciatis sit. Quisquam facere in voluptatibus quisquam ut.', '2021-02-22 10:44:34', '0000-00-00 00:00:00'),
(4, 1, 'Aide à l\'utilisation', 'Eius aut illum natus ea. Inventore ad amet atque nam eum minus. Soluta et aut qui accusantium aspernatur.', '2021-02-22 10:44:34', '0000-00-00 00:00:00'),
(5, 2, 'Dépanner mon smartphone', 'Dolore voluptatibus velit quia enim incidunt eius. Quod id dicta soluta perspiciatis illum incidunt nesciunt. Delectus suscipit iste aperiam minima.', '2021-02-22 10:44:34', '0000-00-00 00:00:00'),
(6, 2, 'Depanner ma tablette', 'Sit ex architecto quod repudiandae corrupti modi. Nihil sed eum dolore et quibusdam. Quasi corporis non velit. Nulla iusto provident vero reiciendis officia hic dolor tempora.', '2021-02-22 10:44:34', '0000-00-00 00:00:00'),
(7, 2, 'Changer une pièce', 'Provident quia enim et eligendi doloremque pariatur laudantium laboriosam. Architecto est ut harum tempore. Porro cupiditate consectetur optio et hic.', '2021-02-22 10:44:34', '0000-00-00 00:00:00'),
(8, 2, 'Aide à l\'utilisation', 'Repellendus quia recusandae nobis eos. Ea iusto consequuntur sunt non rem et. Et sunt asperiores dolore eveniet maiores eum. Non atque et nihil soluta.', '2021-02-22 10:44:34', '0000-00-00 00:00:00'),
(9, 3, 'Installation box internet', 'Et aut perferendis sunt voluptatem exercitationem. Doloribus et est qui veritatis ut. In sed inventore aut quis quisquam.', '2021-02-22 10:44:34', '0000-00-00 00:00:00'),
(10, 3, 'Connecter mes appareils', 'Unde dolorum et labore quidem nam blanditiis. Dolore quos facere quia qui illum. Qui quia praesentium labore aut sed. Iure ut illo consectetur sit ab aut consequatur.', '2021-02-22 10:44:34', '0000-00-00 00:00:00'),
(11, 3, 'Dépanner ma connexion internet', 'Quia voluptatem est nostrum sit. Dignissimos assumenda ullam ipsa enim eos voluptatem ut. Perspiciatis in voluptatibus dolorem rerum explicabo sint quo in. Alias iusto id quae natus.', '2021-02-22 10:44:34', '0000-00-00 00:00:00'),
(12, 3, 'Aide à l\'utilisation', 'Et consequatur nobis mollitia quidem voluptates. Eaque cum nihil adipisci sit ut. Tempora deleniti sed nostrum perferendis facere.', '2021-02-22 10:44:34', '0000-00-00 00:00:00'),
(13, 4, 'Installation gros/petit électroménager', 'Est ut non odio. Voluptatem perferendis sed quae labore alias. Earum sint iure et rerum nihil aut.', '2021-02-22 10:44:34', '0000-00-00 00:00:00'),
(14, 4, 'Réparation / entretien petit électroménager', 'Vero repudiandae aliquam tempora et ab repellendus. Repudiandae dignissimos consectetur autem animi vel. Aut dolore veniam quisquam occaecati earum rerum velit. Iure expedita iure quis minima.', '2021-02-22 10:44:34', '0000-00-00 00:00:00'),
(15, 4, 'Réparation / entretien gros électroménager', 'Dolorem cupiditate corrupti eaque aut inventore eos ad. Nam voluptas aliquam in quibusdam commodi omnis enim voluptas.', '2021-02-22 10:44:34', '0000-00-00 00:00:00'),
(16, 5, 'Réparer / configurer ma playstation', 'Sed dolorem cum cumque voluptate voluptas enim dolore. Est qui ullam aperiam autem voluptatem animi magni. Mollitia occaecati fuga qui sed aut ut beatae aperiam. Natus voluptatem ut rem vitae.', '2021-02-22 10:44:34', '0000-00-00 00:00:00'),
(17, 5, 'Réparer / configurer ma xBox', 'Voluptatum ut perferendis recusandae nisi facilis sit. Similique et non minima eos ut voluptatibus exercitationem. Ut et harum est animi quas a voluptas.', '2021-02-22 10:44:34', '0000-00-00 00:00:00'),
(18, 5, 'Réparer / configurer ma Nintendo Switch', 'Quo placeat praesentium quis eius. Porro magnam id in quaerat omnis architecto veniam. Ut autem possimus atque porro.', '2021-02-22 10:44:34', '0000-00-00 00:00:00'),
(19, 5, 'Autres consoles', 'Accusamus reiciendis praesentium itaque maxime laborum dignissimos. Quae repudiandae dolore iusto nihil velit id velit eligendi. Eum qui quisquam qui. Illo eveniet impedit velit voluptate id.', '2021-02-22 10:44:34', '0000-00-00 00:00:00'),
(20, 6, 'Depanner/installer ma TV', 'Sunt aut quia ab consectetur dolor reprehenderit a eligendi. Fugiat consectetur et minima aliquid sit et aut. Ea repudiandae et fuga ut aliquid exercitationem delectus.', '2021-02-22 10:44:34', '0000-00-00 00:00:00'),
(21, 6, 'Depanner/installer mon système audio', 'Vero enim neque voluptatem consequatur. Qui aut magnam aut aut quisquam. Qui aperiam aspernatur omnis eum voluptatem placeat et.', '2021-02-22 10:44:34', '0000-00-00 00:00:00'),
(22, 6, 'Depanner/installer mon lecteur vidéo', 'Omnis voluptatum repudiandae est praesentium sit quibusdam. Sunt vel et molestiae atque laboriosam ad qui. A repellat culpa iusto quia quia nulla.', '2021-02-22 10:44:34', '0000-00-00 00:00:00'),
(23, 6, 'Aide à l\'utilisation', 'Eos consequatur enim veritatis veritatis sint. Incidunt laborum modi rerum consectetur debitis recusandae praesentium. Aut porro omnis assumenda rerum dolorem consequatur excepturi.', '2021-02-22 10:44:34', '0000-00-00 00:00:00');

-- --------------------------------------------------------

--
-- Structure de la table `chats`
--

CREATE TABLE `chats` (
  `id` int(11) NOT NULL,
  `created_at` datetime NOT NULL DEFAULT current_timestamp(),
  `updated_at` datetime NOT NULL DEFAULT '0000-00-00 00:00:00' ON UPDATE current_timestamp()
) ENGINE=InnoDB DEFAULT CHARSET=utf8mb4;

-- --------------------------------------------------------

--
-- Structure de la table `chat_users`
--

CREATE TABLE `chat_users` (
  `id` int(11) NOT NULL,
  `id_chat` int(11) NOT NULL,
  `id_user` int(11) NOT NULL,
  `created_at` datetime NOT NULL DEFAULT current_timestamp(),
  `updated_at` datetime NOT NULL DEFAULT '0000-00-00 00:00:00' ON UPDATE current_timestamp()
) ENGINE=InnoDB DEFAULT CHARSET=utf8mb4;

-- --------------------------------------------------------

--
-- Structure de la table `messages`
--

CREATE TABLE `messages` (
  `id` int(11) NOT NULL,
  `id_user` int(11) NOT NULL,
  `id_chat` int(11) NOT NULL,
  `content` tinytext NOT NULL,
  `ressource_link` varchar(255) DEFAULT NULL,
  `created_at` datetime NOT NULL DEFAULT current_timestamp(),
  `updated_at` datetime NOT NULL DEFAULT '0000-00-00 00:00:00' ON UPDATE current_timestamp()
) ENGINE=InnoDB DEFAULT CHARSET=utf8mb4;

-- --------------------------------------------------------

--
-- Structure de la table `offers`
--

CREATE TABLE `offers` (
  `id` int(11) NOT NULL,
  `id_user` int(11) NOT NULL,
  `id_post` int(11) NOT NULL,
  `object` varchar(255) NOT NULL,
  `content` tinytext NOT NULL,
  `amount` double NOT NULL,
  `is_declined` tinyint(1) NOT NULL DEFAULT 0,
  `is_accepted` tinyint(1) NOT NULL DEFAULT 0,
  `created_at` datetime NOT NULL DEFAULT current_timestamp(),
  `updated_at` datetime NOT NULL DEFAULT '0000-00-00 00:00:00' ON UPDATE current_timestamp()
) ENGINE=InnoDB DEFAULT CHARSET=utf8mb4;

--
-- Déchargement des données de la table `offers`
--

INSERT INTO `offers` (`id`, `id_user`, `id_post`, `object`, `content`, `amount`, `is_declined`, `is_accepted`, `created_at`, `updated_at`) VALUES
(1, 79, 26, 'offfre n° 0', 'Et iusto voluptatem repellat architecto non alias. Consequatur omnis maxime modi. Quis sequi voluptate sapiente ipsam doloribus quo quis.', 968, 0, 0, '2021-02-22 10:44:42', '0000-00-00 00:00:00'),
(2, 94, 96, 'offfre n° 1', 'Atque vel a et quo expedita est est. Dolore possimus temporibus perferendis sed. Corrupti officiis reiciendis omnis maxime fugiat officiis.', 562, 0, 0, '2021-02-22 10:44:42', '0000-00-00 00:00:00'),
(3, 17, 100, 'offfre n° 2', 'Esse magnam sunt harum culpa voluptate laudantium officiis est. Aliquam eos dicta fuga. Tempora amet dolor natus fugit quis animi fugiat. Est modi nobis ipsam sed perspiciatis sunt.', 339, 0, 0, '2021-02-22 10:44:42', '0000-00-00 00:00:00'),
(4, 96, 98, 'offfre n° 3', 'Ipsam sed aut et libero adipisci autem nam. Blanditiis esse excepturi fuga corporis. Vel non mollitia at voluptatem. Animi officiis ipsa molestias corrupti laborum consequuntur qui.', 155, 0, 0, '2021-02-22 10:44:42', '0000-00-00 00:00:00'),
(5, 68, 54, 'offfre n° 4', 'Accusantium impedit eos ea laudantium impedit praesentium. Occaecati est nemo ut facilis quibusdam ab ullam. Modi sit reiciendis nostrum eveniet voluptatem laborum.', 867, 0, 0, '2021-02-22 10:44:42', '0000-00-00 00:00:00'),
(6, 87, 33, 'offfre n° 5', 'Eum consectetur ad placeat rerum rerum. Totam nam et magni. Quos deserunt eos pariatur consectetur. Aliquam impedit et aut facilis. Sed exercitationem rerum nobis ut aut qui non.', 418, 0, 0, '2021-02-22 10:44:42', '0000-00-00 00:00:00'),
(7, 9, 65, 'offfre n° 6', 'Dolore autem corrupti aut corporis molestias. Cumque soluta nihil accusamus laudantium. Et sequi qui perspiciatis rerum minus aut natus.', 593, 0, 0, '2021-02-22 10:44:42', '0000-00-00 00:00:00'),
(8, 52, 10, 'offfre n° 7', 'Modi nihil harum culpa et aperiam aspernatur atque. Fuga autem consequuntur voluptates facilis aut voluptatem. Aliquid laudantium omnis ullam. Pariatur voluptatem harum et et facere facilis quis.', 35, 0, 0, '2021-02-22 10:44:42', '0000-00-00 00:00:00'),
(9, 77, 91, 'offfre n° 8', 'Et in non corrupti. Assumenda ab voluptatem fugiat ullam impedit dolorum aut mollitia. Officia blanditiis optio et consequuntur. Optio laudantium ut possimus quod corporis qui.', 406, 0, 0, '2021-02-22 10:44:42', '0000-00-00 00:00:00'),
(10, 88, 53, 'offfre n° 9', 'Magni qui harum harum magnam reprehenderit nihil. Enim sit iure qui eos magni molestiae sint. Quia ratione aut rerum itaque. Voluptatem ad temporibus est quaerat beatae et sunt optio.', 279, 0, 0, '2021-02-22 10:44:42', '0000-00-00 00:00:00'),
(11, 44, 87, 'offfre n° 10', 'Voluptatem temporibus quae et qui. Qui sapiente aperiam animi aliquam quia. Facilis vel odio asperiores.', 60, 0, 0, '2021-02-22 10:44:42', '0000-00-00 00:00:00'),
(12, 78, 43, 'offfre n° 11', 'Rerum aperiam ab nisi itaque. Iusto consequuntur similique magni quibusdam hic. Nihil voluptatem quia consequuntur aut et.', 469, 0, 0, '2021-02-22 10:44:42', '0000-00-00 00:00:00'),
(13, 52, 41, 'offfre n° 12', 'Optio quidem officia asperiores sint. Animi rerum dolores similique omnis numquam. Rerum expedita laborum est dolorem.', 583, 0, 0, '2021-02-22 10:44:42', '0000-00-00 00:00:00'),
(14, 81, 90, 'offfre n° 13', 'Et autem earum adipisci sed tempore a dolorem dolorem. Dolores ut beatae maxime vitae quos.', 291, 0, 0, '2021-02-22 10:44:42', '0000-00-00 00:00:00'),
(15, 77, 74, 'offfre n° 14', 'In et maiores earum harum. Iste quis quo recusandae quibusdam. Quia quia aspernatur aut doloribus velit nam quis consequatur. Ab blanditiis rerum tempora voluptate sapiente.', 663, 0, 0, '2021-02-22 10:44:42', '0000-00-00 00:00:00'),
(16, 47, 21, 'offfre n° 15', 'Ut hic molestias sint ipsum voluptates soluta veniam blanditiis. Voluptates aut sed eaque facilis sunt illo. Quis et voluptas eum atque quae illum sapiente. Eum est et corrupti mollitia.', 952, 0, 0, '2021-02-22 10:44:42', '0000-00-00 00:00:00'),
(17, 75, 48, 'offfre n° 16', 'Nisi harum nobis quisquam ab facere dolor. Odio commodi repellat quia. Quia enim voluptatibus rerum. Est dolores facilis odit. Accusantium enim ipsam libero quod id excepturi.', 829, 0, 0, '2021-02-22 10:44:42', '0000-00-00 00:00:00'),
(18, 98, 84, 'offfre n° 17', 'In saepe alias sapiente error pariatur ut. Perferendis vero et sed ullam doloremque eos. Non earum facilis voluptatibus voluptatem doloremque velit. Quis veniam id eaque.', 841, 0, 0, '2021-02-22 10:44:42', '0000-00-00 00:00:00'),
(19, 77, 80, 'offfre n° 18', 'Id delectus ducimus illo cum sapiente id et deleniti. Aut omnis et culpa et modi. Voluptas et doloribus iste doloremque.', 921, 0, 0, '2021-02-22 10:44:42', '0000-00-00 00:00:00'),
(20, 27, 35, 'offfre n° 19', 'Rerum unde suscipit aut rerum molestiae sint dolores. Placeat eos nisi eum distinctio. Quis non illum veritatis qui corporis aut.', 854, 0, 0, '2021-02-22 10:44:42', '0000-00-00 00:00:00'),
(21, 21, 9, 'offfre n° 20', 'Magni magni sed sapiente adipisci repellendus. Occaecati quod totam iure ut magnam aut consequatur dolorem. Fugit ut voluptas qui et. Officia praesentium molestias fugit id eum nemo culpa.', 225, 0, 0, '2021-02-22 10:44:42', '0000-00-00 00:00:00'),
(22, 65, 34, 'offfre n° 21', 'Quasi saepe aliquid et officia nulla. Nihil est doloremque beatae et.', 18, 0, 0, '2021-02-22 10:44:42', '0000-00-00 00:00:00'),
(23, 69, 98, 'offfre n° 22', 'Est voluptas id in sunt. Aliquam laborum natus et dolorem eum. Et inventore dolorem sit autem.', 640, 0, 0, '2021-02-22 10:44:42', '0000-00-00 00:00:00'),
(24, 12, 69, 'offfre n° 23', 'Rerum unde in dolore in. Impedit saepe praesentium ut magnam. Hic autem aut perspiciatis rem voluptatem. Doloribus in delectus dolores eaque id natus.', 537, 0, 0, '2021-02-22 10:44:42', '0000-00-00 00:00:00'),
(25, 60, 31, 'offfre n° 24', 'Omnis expedita ut qui ut aut voluptatem culpa. Totam fugiat iure et quam harum molestiae. Libero sit esse rerum ipsa minus accusantium.', 379, 0, 0, '2021-02-22 10:44:42', '0000-00-00 00:00:00'),
(26, 77, 56, 'offfre n° 25', 'Ut aut facere magni rerum dicta porro maxime. Eveniet voluptas ut quae quibusdam consequatur consequuntur. Corporis ratione dolorem iste aut quaerat in qui reprehenderit.', 687, 0, 0, '2021-02-22 10:44:42', '0000-00-00 00:00:00'),
(27, 50, 64, 'offfre n° 26', 'Accusantium voluptas distinctio voluptas consequatur aut impedit beatae numquam. Earum error quaerat soluta ut quis illum. Omnis dolore laboriosam deleniti. Voluptate corrupti aut eveniet autem.', 409, 0, 0, '2021-02-22 10:44:42', '0000-00-00 00:00:00'),
(28, 90, 40, 'offfre n° 27', 'Dolorem sed assumenda saepe fuga odio quisquam. Accusantium dolore consequuntur qui sit repudiandae. Molestias sit reprehenderit alias ab fugit.', 734, 0, 0, '2021-02-22 10:44:42', '0000-00-00 00:00:00'),
(29, 42, 22, 'offfre n° 28', 'Mollitia doloremque voluptas facilis cum provident nisi officiis laudantium. Iure vel in non. Suscipit voluptatibus qui nemo sed. Et rerum ullam et suscipit dicta recusandae modi ut.', 110, 0, 0, '2021-02-22 10:44:42', '0000-00-00 00:00:00'),
(30, 99, 12, 'offfre n° 29', 'Hic sint exercitationem a explicabo. Ut quidem qui ut omnis. Rem quasi odit suscipit natus laborum saepe possimus.', 5, 0, 0, '2021-02-22 10:44:42', '0000-00-00 00:00:00'),
(31, 40, 87, 'offfre n° 30', 'Nostrum et qui sint quo vel odio. Ex laboriosam nulla consequatur itaque sit. Illo quas nesciunt sunt ut perspiciatis labore quos quis. Ut repudiandae eos excepturi similique dolorum.', 968, 0, 0, '2021-02-22 10:44:42', '0000-00-00 00:00:00'),
(32, 57, 80, 'offfre n° 31', 'Non harum officiis repudiandae asperiores non laboriosam. Magnam reiciendis ipsam temporibus quo commodi voluptas ratione.', 28, 0, 0, '2021-02-22 10:44:42', '0000-00-00 00:00:00'),
(33, 31, 55, 'offfre n° 32', 'In velit autem sint omnis. Libero excepturi reprehenderit deserunt atque harum. Laboriosam accusantium et cum dolore. Et vitae similique ad sed quia possimus.', 232, 0, 0, '2021-02-22 10:44:42', '0000-00-00 00:00:00'),
(34, 57, 19, 'offfre n° 33', 'Quos facere dolorem ut tenetur et repellat. Non omnis vel dolorem. Eos sed id accusantium perspiciatis eveniet.', 580, 0, 0, '2021-02-22 10:44:42', '0000-00-00 00:00:00'),
(35, 64, 12, 'offfre n° 34', 'Modi est fugiat quis non. Deserunt et quaerat illo neque eum et.', 426, 0, 0, '2021-02-22 10:44:42', '0000-00-00 00:00:00'),
(36, 21, 85, 'offfre n° 35', 'Neque atque molestiae eum nemo et id nobis. Molestiae omnis quam optio sit alias. Sint id ut ducimus adipisci quisquam unde similique.', 177, 0, 0, '2021-02-22 10:44:42', '0000-00-00 00:00:00'),
(37, 7, 25, 'offfre n° 36', 'Pariatur placeat qui odio et est. Iure voluptates nemo rerum natus soluta commodi quibusdam. Est aliquam odit et. Incidunt veniam molestias repudiandae maiores ea.', 714, 0, 0, '2021-02-22 10:44:42', '0000-00-00 00:00:00'),
(38, 29, 64, 'offfre n° 37', 'Modi dignissimos numquam officiis culpa. Ut impedit est facilis minus saepe. Quos nam magnam accusamus placeat.', 369, 0, 0, '2021-02-22 10:44:42', '0000-00-00 00:00:00'),
(39, 92, 8, 'offfre n° 38', 'Beatae neque officia qui fugiat commodi qui. Nam eveniet iure ipsa quae suscipit. Quos omnis ipsa similique ullam quae repellendus. Itaque quis consequatur iure tempore.', 602, 0, 0, '2021-02-22 10:44:42', '0000-00-00 00:00:00'),
(40, 94, 61, 'offfre n° 39', 'Et quae pariatur voluptates at molestiae. Molestiae numquam minus sed qui quia magnam tempore deserunt. Possimus soluta praesentium veniam.', 309, 0, 0, '2021-02-22 10:44:42', '0000-00-00 00:00:00'),
(41, 9, 97, 'offfre n° 40', 'Dolores reprehenderit aliquid voluptate facere doloremque. Officiis minima quasi praesentium accusamus nostrum et. In et consequatur quia.', 607, 0, 0, '2021-02-22 10:44:42', '0000-00-00 00:00:00'),
(42, 70, 49, 'offfre n° 41', 'Nihil autem ut necessitatibus quaerat consectetur accusantium earum vitae. Rerum recusandae rerum unde commodi sint molestiae quia. Dolorum non nisi veritatis nisi veritatis eius.', 228, 0, 0, '2021-02-22 10:44:42', '0000-00-00 00:00:00'),
(43, 71, 99, 'offfre n° 42', 'Vero dolores et in labore ex. Atque porro sint laudantium sit in odio qui suscipit. Molestiae maxime nemo maxime delectus hic in et. Non ipsam id consequatur assumenda ullam eum.', 629, 0, 0, '2021-02-22 10:44:42', '0000-00-00 00:00:00'),
(44, 52, 2, 'offfre n° 43', 'Deleniti eligendi aut impedit eos commodi laudantium. At inventore ducimus enim qui ut. Sint veniam omnis eos quia et labore.', 944, 0, 0, '2021-02-22 10:44:42', '0000-00-00 00:00:00'),
(45, 93, 93, 'offfre n° 44', 'Temporibus omnis sit aut ad beatae molestiae veniam. Possimus quo ipsum eos est explicabo voluptatibus maxime. Inventore eum placeat iste sit tempora veritatis a.', 584, 0, 0, '2021-02-22 10:44:42', '0000-00-00 00:00:00'),
(46, 48, 65, 'offfre n° 45', 'Adipisci amet ipsum consequatur facilis praesentium dolore similique. Voluptatibus temporibus id modi nesciunt. Est sit recusandae mollitia quo qui qui.', 481, 0, 0, '2021-02-22 10:44:42', '0000-00-00 00:00:00'),
(47, 24, 44, 'offfre n° 46', 'Ut aperiam laudantium id libero possimus molestias. Voluptas in dolor provident magnam quo quam ex nihil. Cum molestiae natus est veniam autem illum laboriosam.', 992, 0, 0, '2021-02-22 10:44:42', '0000-00-00 00:00:00'),
(48, 13, 44, 'offfre n° 47', 'Quo veniam dolorem ut saepe. Sunt suscipit provident est eum libero perferendis. Repudiandae et velit expedita expedita est earum quis sunt. Illo animi excepturi qui fugiat eligendi magni quo.', 860, 0, 0, '2021-02-22 10:44:42', '0000-00-00 00:00:00'),
(49, 48, 48, 'offfre n° 48', 'In veniam commodi et amet soluta quia amet. Est animi in voluptas repellendus sint ducimus et officiis. Rem laborum quam vitae ipsam a consequatur. Repellendus ipsam dolores dolore voluptate.', 476, 0, 0, '2021-02-22 10:44:42', '0000-00-00 00:00:00'),
(50, 19, 9, 'offfre n° 49', 'Qui in voluptas voluptates fugiat maiores accusantium. Cum vel harum officia aperiam officia iure repudiandae.', 177, 0, 0, '2021-02-22 10:44:42', '0000-00-00 00:00:00'),
(51, 46, 82, 'offfre n° 50', 'Ad qui pariatur aut dolorem dolore soluta. Quasi adipisci fugit sint unde. Possimus blanditiis qui eum.', 274, 0, 0, '2021-02-22 10:44:42', '0000-00-00 00:00:00'),
(52, 41, 4, 'offfre n° 51', 'Delectus sit aut dolorem id occaecati id iure temporibus. Amet velit voluptates exercitationem ipsum. Voluptas blanditiis ad eius.', 965, 0, 0, '2021-02-22 10:44:42', '0000-00-00 00:00:00'),
(53, 70, 46, 'offfre n° 52', 'Aliquid qui non omnis iure doloremque sit laboriosam. Magni consectetur eos provident laboriosam voluptatum eum natus.', 616, 0, 0, '2021-02-22 10:44:42', '0000-00-00 00:00:00'),
(54, 52, 3, 'offfre n° 53', 'Inventore quo officiis nulla non consectetur. Impedit ipsam iure doloremque fugit explicabo. Et non soluta aut tenetur quisquam dolorum.', 681, 0, 0, '2021-02-22 10:44:42', '0000-00-00 00:00:00'),
(55, 22, 71, 'offfre n° 54', 'Nemo quisquam et magni rem. Cupiditate assumenda recusandae voluptate voluptatum non minus aspernatur.', 6, 0, 0, '2021-02-22 10:44:42', '0000-00-00 00:00:00'),
(56, 72, 47, 'offfre n° 55', 'Ut omnis nesciunt qui rerum voluptatibus accusantium repellat et. Illum omnis saepe est qui ratione. Recusandae laboriosam nostrum nobis aut doloremque.', 679, 0, 0, '2021-02-22 10:44:42', '0000-00-00 00:00:00'),
(57, 32, 60, 'offfre n° 56', 'Odit accusamus et et temporibus saepe ad. Necessitatibus fugiat odio consequatur eligendi.', 372, 0, 0, '2021-02-22 10:44:42', '0000-00-00 00:00:00'),
(58, 74, 19, 'offfre n° 57', 'Debitis aliquam maiores quidem sed. Dolorum dolores saepe explicabo consequatur est in id. Ipsa voluptas quisquam dolores est iste.', 149, 0, 0, '2021-02-22 10:44:42', '0000-00-00 00:00:00'),
(59, 59, 67, 'offfre n° 58', 'Quo mollitia dolorem dolore autem architecto et. Sint deleniti velit dolorem corporis necessitatibus impedit atque. Minima soluta beatae magnam maxime sit accusantium.', 838, 0, 0, '2021-02-22 10:44:42', '0000-00-00 00:00:00'),
(60, 66, 42, 'offfre n° 59', 'Dolor porro dolorem atque quia veritatis aut non. Aut quia omnis dolorem quo est sed aut. Est aperiam ut tempora consequuntur ut.', 836, 0, 0, '2021-02-22 10:44:42', '0000-00-00 00:00:00'),
(61, 14, 78, 'offfre n° 60', 'Eaque expedita consequatur doloremque possimus magnam dicta. Sed quo itaque et iusto accusamus. Reiciendis accusantium reprehenderit error et molestiae perspiciatis.', 465, 0, 0, '2021-02-22 10:44:42', '0000-00-00 00:00:00'),
(62, 98, 22, 'offfre n° 61', 'Voluptas iusto fugit quia. Consequuntur aut ut odio sed et eos et maxime. Odit excepturi ut beatae eum dolor cupiditate velit. Ea saepe consequuntur nesciunt ut quia.', 927, 0, 0, '2021-02-22 10:44:42', '0000-00-00 00:00:00'),
(63, 17, 37, 'offfre n° 62', 'Dolor corporis ea dignissimos id facilis sint et dolorum. Voluptas qui aut laudantium corrupti autem. Eum ea rerum sunt ea. Debitis sed laudantium facere earum illo exercitationem.', 913, 0, 0, '2021-02-22 10:44:42', '0000-00-00 00:00:00'),
(64, 70, 92, 'offfre n° 63', 'Non consectetur sint laboriosam esse facere. Voluptatem minima quam labore eligendi quae.', 524, 0, 0, '2021-02-22 10:44:42', '0000-00-00 00:00:00'),
(65, 19, 96, 'offfre n° 64', 'Vitae quo quibusdam sit consequuntur alias doloribus. Id perferendis voluptatibus rem nisi molestiae. Eveniet suscipit est et voluptatem ut repudiandae dicta.', 212, 0, 0, '2021-02-22 10:44:42', '0000-00-00 00:00:00'),
(66, 81, 74, 'offfre n° 65', 'Quidem quis dolorum eos minima veniam nisi repellat modi. Excepturi quis corporis velit est. Laudantium expedita a asperiores qui.', 727, 0, 0, '2021-02-22 10:44:42', '0000-00-00 00:00:00'),
(67, 29, 91, 'offfre n° 66', 'Nisi porro nemo doloribus at. Sint et aut doloribus nihil et officia sint. Possimus aliquam adipisci incidunt. Est et deleniti sapiente enim sunt.', 537, 0, 0, '2021-02-22 10:44:42', '0000-00-00 00:00:00'),
(68, 69, 74, 'offfre n° 67', 'Numquam voluptas aut quo voluptas culpa ea. Ex distinctio vitae ut beatae aliquid natus minus. Nihil voluptas eaque autem fugit. Consequatur et perspiciatis est commodi velit quo.', 309, 0, 0, '2021-02-22 10:44:42', '0000-00-00 00:00:00'),
(69, 95, 46, 'offfre n° 68', 'Qui voluptatem atque aut quod aut soluta optio. Quia nulla est id rerum odio. Perferendis omnis qui et hic at. Libero necessitatibus autem asperiores blanditiis odit enim.', 430, 0, 0, '2021-02-22 10:44:42', '0000-00-00 00:00:00'),
(70, 46, 63, 'offfre n° 69', 'Ut est enim sequi aut. Consequatur rerum eveniet possimus excepturi. Eveniet eveniet sed perferendis suscipit architecto nam qui qui. Unde qui cupiditate repudiandae omnis.', 264, 0, 0, '2021-02-22 10:44:42', '0000-00-00 00:00:00'),
(71, 19, 1, 'offfre n° 70', 'Vitae itaque animi odio quia expedita quo. Quos quaerat deserunt laudantium explicabo eveniet dolor. Aut iusto praesentium consequatur unde.', 725, 0, 0, '2021-02-22 10:44:42', '0000-00-00 00:00:00'),
(72, 26, 67, 'offfre n° 71', 'Vel voluptas quos hic magni. Suscipit fugiat repellat rem iusto. Tenetur non quisquam qui repudiandae. Repellendus ad laudantium doloremque et assumenda omnis porro.', 233, 0, 0, '2021-02-22 10:44:42', '0000-00-00 00:00:00'),
(73, 94, 91, 'offfre n° 72', 'Esse eveniet sit voluptate ullam reprehenderit occaecati. Magni quia rerum in et vel quaerat. Magni quidem ut quaerat consequatur soluta.', 208, 0, 0, '2021-02-22 10:44:42', '0000-00-00 00:00:00'),
(74, 93, 91, 'offfre n° 73', 'Et omnis tenetur et iure. Consequuntur distinctio quidem quasi nulla unde. Et magni placeat ullam quibusdam.', 667, 0, 0, '2021-02-22 10:44:42', '0000-00-00 00:00:00'),
(75, 100, 100, 'offfre n° 74', 'Nemo et fuga officiis ut quae. Doloribus et quia nisi sunt. Dolor iusto voluptatem et. Voluptas non adipisci cupiditate ab temporibus. Omnis molestiae nihil molestias iusto.', 159, 0, 0, '2021-02-22 10:44:42', '0000-00-00 00:00:00'),
(76, 38, 72, 'offfre n° 75', 'Cum commodi quia deserunt totam est assumenda. Dignissimos quos autem et omnis atque. Eligendi unde unde numquam reiciendis nisi exercitationem nesciunt qui. Dolorum vero qui ut suscipit illo.', 493, 0, 0, '2021-02-22 10:44:42', '0000-00-00 00:00:00'),
(77, 68, 67, 'offfre n° 76', 'Ullam officia architecto nulla in distinctio sed consectetur. Cumque omnis quia debitis repellendus quo architecto aut. Corporis est qui dolores ratione nostrum in adipisci.', 496, 0, 0, '2021-02-22 10:44:42', '0000-00-00 00:00:00'),
(78, 10, 84, 'offfre n° 77', 'Ut facere consequuntur veniam vel vel voluptatum doloribus repudiandae. Rerum sint asperiores quasi eos.', 936, 0, 0, '2021-02-22 10:44:42', '0000-00-00 00:00:00'),
(79, 88, 6, 'offfre n° 78', 'Velit molestiae maxime sit dolores. Autem aspernatur perspiciatis a iusto totam unde. Reprehenderit iste nobis velit.', 956, 0, 0, '2021-02-22 10:44:42', '0000-00-00 00:00:00'),
(80, 76, 81, 'offfre n° 79', 'Voluptatibus mollitia delectus odit ex expedita ullam consequuntur. Similique incidunt sit enim. Recusandae totam odio rerum cum. Iste eaque deleniti voluptatem ea omnis cumque dolores harum.', 138, 0, 0, '2021-02-22 10:44:42', '0000-00-00 00:00:00'),
(81, 71, 88, 'offfre n° 80', 'Ea maxime placeat quam ea et. Et unde praesentium sed iusto dolores cupiditate quo. Eos beatae asperiores est laborum eveniet quae. Vero quasi consequatur labore enim nostrum deleniti.', 537, 0, 0, '2021-02-22 10:44:42', '0000-00-00 00:00:00'),
(82, 22, 85, 'offfre n° 81', 'Vel et earum soluta dolorum consequuntur et qui. Est inventore corporis asperiores. Facere aliquid ab itaque qui eaque sit voluptatem.', 186, 0, 0, '2021-02-22 10:44:42', '0000-00-00 00:00:00'),
(83, 62, 12, 'offfre n° 82', 'Atque id optio ex est excepturi sunt. Dolores explicabo voluptatem quas qui aliquid incidunt. Reiciendis voluptatem qui omnis similique dolorem.', 998, 0, 0, '2021-02-22 10:44:42', '0000-00-00 00:00:00'),
(84, 57, 5, 'offfre n° 83', 'Minus excepturi qui culpa quia quos. Sit vel voluptatibus et omnis ut culpa. Dolores facere distinctio odit ut et est provident. Ea optio et cumque possimus alias eos sint.', 332, 0, 0, '2021-02-22 10:44:42', '0000-00-00 00:00:00'),
(85, 55, 11, 'offfre n° 84', 'Commodi deleniti et repellendus quasi sed. Autem et consequatur error iste et omnis.', 923, 0, 0, '2021-02-22 10:44:42', '0000-00-00 00:00:00'),
(86, 84, 56, 'offfre n° 85', 'Voluptatum eveniet et consectetur. Inventore voluptas iusto assumenda qui. Quasi perspiciatis dolores repellendus quod nam. Totam sed at et fugiat doloremque.', 270, 0, 0, '2021-02-22 10:44:42', '0000-00-00 00:00:00'),
(87, 24, 25, 'offfre n° 86', 'Magnam voluptatem iusto nesciunt. Doloremque blanditiis est voluptatem doloribus. Aliquam id voluptatum in atque tempora praesentium molestiae. Voluptate et vitae itaque.', 366, 0, 0, '2021-02-22 10:44:42', '0000-00-00 00:00:00'),
(88, 80, 60, 'offfre n° 87', 'Et facere omnis iste. Accusantium corporis quia velit rerum porro reprehenderit.', 895, 0, 0, '2021-02-22 10:44:42', '0000-00-00 00:00:00'),
(89, 35, 48, 'offfre n° 88', 'Sed et hic et. Enim corrupti consequatur voluptas ut ullam nam deleniti. Ea dolorem sint aut consequatur optio. Dolor iure culpa dolorem omnis facere ut.', 782, 0, 0, '2021-02-22 10:44:42', '0000-00-00 00:00:00'),
(90, 53, 29, 'offfre n° 89', 'Et distinctio nihil soluta delectus aut. Esse omnis aliquid sit hic eaque ducimus. Est enim atque omnis qui aliquam illo at. Delectus commodi ad molestias vero eveniet et.', 877, 0, 0, '2021-02-22 10:44:42', '0000-00-00 00:00:00'),
(91, 33, 57, 'offfre n° 90', 'Quis ut nihil quaerat natus occaecati est. Optio aut sed alias perspiciatis amet molestiae ullam non. Molestiae in libero qui eum.', 862, 0, 0, '2021-02-22 10:44:42', '0000-00-00 00:00:00'),
(92, 57, 89, 'offfre n° 91', 'Qui quis eum provident accusantium. Occaecati asperiores amet officia sunt distinctio. Praesentium eveniet mollitia quod sint. Temporibus ipsa accusantium officia necessitatibus facere fugit cumque.', 592, 0, 0, '2021-02-22 10:44:42', '0000-00-00 00:00:00'),
(93, 40, 54, 'offfre n° 92', 'Cumque hic nesciunt commodi fuga. Recusandae placeat temporibus nulla saepe consequatur blanditiis aliquam. Itaque nihil illum dolor deleniti et et.', 791, 0, 0, '2021-02-22 10:44:42', '0000-00-00 00:00:00'),
(94, 14, 19, 'offfre n° 93', 'Repellendus corporis vel voluptate vero. Hic impedit magni consequuntur ratione mollitia omnis. Velit ducimus quia reprehenderit saepe. Eum laboriosam ut est perferendis alias numquam omnis.', 185, 0, 0, '2021-02-22 10:44:42', '0000-00-00 00:00:00'),
(95, 24, 32, 'offfre n° 94', 'Dignissimos consectetur rem odit culpa minima sit sed. Illum modi dolor accusantium aut qui consequuntur. Aut sed inventore labore nostrum quibusdam fugiat.', 579, 0, 0, '2021-02-22 10:44:42', '0000-00-00 00:00:00'),
(96, 95, 34, 'offfre n° 95', 'Quidem omnis ut tempore. Quisquam quia amet veritatis ut quo est voluptas. Ut aut laboriosam minus eum aliquid voluptatem. Et sit sunt autem porro consequuntur est.', 589, 0, 0, '2021-02-22 10:44:42', '0000-00-00 00:00:00'),
(97, 13, 3, 'offfre n° 96', 'At est voluptatem dolorum dignissimos aperiam amet porro et. Est minima quasi quod est est fugit ipsa. Omnis repellendus molestiae suscipit molestiae rerum iure quas.', 911, 0, 0, '2021-02-22 10:44:42', '0000-00-00 00:00:00'),
(98, 85, 34, 'offfre n° 97', 'Sit laboriosam reiciendis assumenda esse. Aut et adipisci cum. Consequatur earum eum enim tempore ut veritatis. A impedit quo sequi alias provident.', 293, 0, 0, '2021-02-22 10:44:42', '0000-00-00 00:00:00'),
(99, 58, 8, 'offfre n° 98', 'Fugit animi cumque provident et. Possimus sit voluptatum nemo blanditiis magnam ex nihil corrupti.', 456, 0, 0, '2021-02-22 10:44:42', '0000-00-00 00:00:00'),
(100, 83, 32, 'offfre n° 99', 'Est est ut dolorem et. Illo dolores similique quod molestias quasi. Repellat rerum nulla odit maiores doloribus. Corrupti quas dolorum eum.', 835, 0, 0, '2021-02-22 10:44:42', '0000-00-00 00:00:00');

-- --------------------------------------------------------

--
-- Structure de la table `platforms`
--

CREATE TABLE `platforms` (
  `id` int(11) NOT NULL,
  `name` varchar(100) NOT NULL,
  `description` tinytext NOT NULL,
  `created_at` datetime NOT NULL DEFAULT current_timestamp(),
  `updated_at` datetime NOT NULL DEFAULT '0000-00-00 00:00:00' ON UPDATE current_timestamp()
) ENGINE=InnoDB DEFAULT CHARSET=utf8mb4;

--
-- Déchargement des données de la table `platforms`
--

INSERT INTO `platforms` (`id`, `name`, `description`, `created_at`, `updated_at`) VALUES
(1, 'Informatique', 'Magnam voluptas voluptas repellendus consequuntur numquam exercitationem. Rerum ipsa facilis dicta. Aperiam aut id nihil autem omnis.', '2021-01-26 09:53:05', '0000-00-00 00:00:00'),
(2, 'Smartphone/tablette', 'Corrupti earum ipsum rerum magni sed quasi molestias. Assumenda eum dolorem nemo rerum ut. Non libero corrupti culpa molestias deleniti. Incidunt placeat dicta voluptatum.', '2021-01-26 09:53:05', '0000-00-00 00:00:00'),
(3, 'Reseau', 'Aliquid est ipsum sed expedita at. Ea nisi modi aliquid. Consequuntur quis debitis necessitatibus debitis quod.', '2021-01-26 09:53:05', '0000-00-00 00:00:00'),
(4, 'Electroménager', 'Et omnis iste tempora odit id sed. Est doloremque voluptatem molestias nulla qui et soluta. Saepe ex aut illo ad aliquam deleniti ea. Ut vel non officia.', '2021-01-26 09:53:05', '0000-00-00 00:00:00'),
(5, 'Console de jeux', 'Quo dolores cupiditate autem commodi quo dolorem accusantium magnam. Ea dolore et ipsum tenetur ipsa culpa et. Cum fugit ipsum debitis culpa voluptatem.', '2021-01-26 09:53:05', '0000-00-00 00:00:00'),
(6, 'Tv/multimédia', 'Adipisci maxime earum dolore facilis nobis. Fuga quis ut corporis sit. Voluptatem consequatur beatae expedita vel aspernatur error libero. Et est doloremque ipsa modi odio.', '2021-01-26 09:53:05', '0000-00-00 00:00:00');

-- --------------------------------------------------------

--
-- Structure de la table `posts`
--

CREATE TABLE `posts` (
  `id` int(11) NOT NULL,
  `id_user` int(11) NOT NULL,
  `id_breakdown_category` int(11) NOT NULL,
  `images` longtext CHARACTER SET utf8mb4 COLLATE utf8mb4_bin NOT NULL DEFAULT '"[]"' CHECK (json_valid(`images`)),
  `cover_image` varchar(255) DEFAULT NULL,
  `is_solved` tinyint(1) NOT NULL DEFAULT 0,
  `title` varchar(100) NOT NULL,
  `content` text NOT NULL,
  `budget` double NOT NULL DEFAULT 10.5,
  `city` varchar(55) NOT NULL,
  `postal_code` varchar(25) NOT NULL,
  `lat` double DEFAULT NULL,
  `lng` double DEFAULT NULL,
  `created_at` datetime NOT NULL DEFAULT current_timestamp(),
  `updated_at` datetime NOT NULL DEFAULT '0000-00-00 00:00:00' ON UPDATE current_timestamp()
) ENGINE=InnoDB DEFAULT CHARSET=utf8mb4;

--
-- Déchargement des données de la table `posts`
--

INSERT INTO `posts` (`id`, `id_user`, `id_breakdown_category`, `images`, `cover_image`, `is_solved`, `title`, `content`, `budget`, `city`, `postal_code`, `lat`, `lng`, `created_at`, `updated_at`) VALUES
(1, 13, 3, '[\"https:\\/\\/images.pexels.com\\/photos\\/821652\\/pexels-photo-821652.jpeg\",\"https:\\/\\/images.pexels.com\\/photos\\/1388947\\/technology-telephone-mobile-smart-1388947.jpeg\",\"https:\\/\\/images.pexels.com\\/photos\\/719399\\/pexels-photo-719399.jpeg\",\"https:\\/\\/images.pexels.com\\/photos\\/5053740\\/pexels-photo-5053740.jpeg\"]', 'https://images.pexels.com/photos/719399/pexels-photo-719399.jpeg', 0, 'Super titre 0', 'Sit sed distinctio nulla vel sapiente dolorem ab. Et molestias iure ab. Optio voluptatem suscipit et voluptatem omnis id magnam. Doloribus ut praesentium ea delectus et vero ipsa.', 635, 'Christland', '49241-0529', 18.330908, 120.572943, '2021-02-22 10:44:40', '0000-00-00 00:00:00'),
(2, 52, 2, '[\"https:\\/\\/images.pexels.com\\/photos\\/821652\\/pexels-photo-821652.jpeg\",\"https:\\/\\/images.pexels.com\\/photos\\/1388947\\/technology-telephone-mobile-smart-1388947.jpeg\",\"https:\\/\\/images.pexels.com\\/photos\\/719399\\/pexels-photo-719399.jpeg\",\"https:\\/\\/images.pexels.com\\/photos\\/5053740\\/pexels-photo-5053740.jpeg\"]', 'https://images.pexels.com/photos/821652/pexels-photo-821652.jpeg', 0, 'Super titre 1', 'Quos fugit aperiam rem velit qui. Neque qui porro voluptate. Iure dignissimos reprehenderit tenetur et ea.', 123, 'Timmothyberg', '36030-8520', -41.719056, -178.40101, '2021-02-22 10:44:40', '0000-00-00 00:00:00'),
(3, 17, 7, '[\"https:\\/\\/images.pexels.com\\/photos\\/821652\\/pexels-photo-821652.jpeg\",\"https:\\/\\/images.pexels.com\\/photos\\/1388947\\/technology-telephone-mobile-smart-1388947.jpeg\",\"https:\\/\\/images.pexels.com\\/photos\\/719399\\/pexels-photo-719399.jpeg\",\"https:\\/\\/images.pexels.com\\/photos\\/5053740\\/pexels-photo-5053740.jpeg\"]', 'https://images.pexels.com/photos/719399/pexels-photo-719399.jpeg', 0, 'Super titre 2', 'Exercitationem molestias excepturi maiores accusamus praesentium et asperiores. Voluptatem animi ut sed laborum esse distinctio ea. Et earum quia laboriosam itaque blanditiis.', 578, 'Beckerfurt', '31157', 74.225369, -125.753699, '2021-02-22 10:44:41', '0000-00-00 00:00:00'),
(4, 59, 1, '[\"https:\\/\\/images.pexels.com\\/photos\\/821652\\/pexels-photo-821652.jpeg\",\"https:\\/\\/images.pexels.com\\/photos\\/1388947\\/technology-telephone-mobile-smart-1388947.jpeg\",\"https:\\/\\/images.pexels.com\\/photos\\/719399\\/pexels-photo-719399.jpeg\",\"https:\\/\\/images.pexels.com\\/photos\\/5053740\\/pexels-photo-5053740.jpeg\"]', 'https://images.pexels.com/photos/719399/pexels-photo-719399.jpeg', 0, 'Super titre 3', 'Deserunt porro nihil impedit quis in quia excepturi. Magni quia eaque distinctio reprehenderit. Libero ab recusandae aspernatur repellendus.', 424, 'North Jarretfort', '27538', 5.067083, 130.076252, '2021-02-22 10:44:41', '0000-00-00 00:00:00'),
(5, 21, 10, '[\"https:\\/\\/images.pexels.com\\/photos\\/821652\\/pexels-photo-821652.jpeg\",\"https:\\/\\/images.pexels.com\\/photos\\/1388947\\/technology-telephone-mobile-smart-1388947.jpeg\",\"https:\\/\\/images.pexels.com\\/photos\\/719399\\/pexels-photo-719399.jpeg\",\"https:\\/\\/images.pexels.com\\/photos\\/5053740\\/pexels-photo-5053740.jpeg\"]', 'https://images.pexels.com/photos/821652/pexels-photo-821652.jpeg', 0, 'Super titre 4', 'Quo sint nisi sunt quod. In quis laboriosam ullam nisi quisquam illum. Magnam atque blanditiis nulla quo repudiandae exercitationem delectus. Ut a quod similique ut commodi.', 777, 'Joanton', '73728-1771', 37.846957, -143.041067, '2021-02-22 10:44:41', '0000-00-00 00:00:00'),
(6, 21, 4, '[\"https:\\/\\/images.pexels.com\\/photos\\/821652\\/pexels-photo-821652.jpeg\",\"https:\\/\\/images.pexels.com\\/photos\\/1388947\\/technology-telephone-mobile-smart-1388947.jpeg\",\"https:\\/\\/images.pexels.com\\/photos\\/719399\\/pexels-photo-719399.jpeg\",\"https:\\/\\/images.pexels.com\\/photos\\/5053740\\/pexels-photo-5053740.jpeg\"]', 'https://images.pexels.com/photos/1388947/technology-telephone-mobile-smart-1388947.jpeg', 0, 'Super titre 5', 'Ea consequatur nobis rem iure at. Pariatur quo tempora quae rem et aperiam. Quo non provident enim rerum. Eveniet iste id harum debitis et. Et ratione facilis voluptas sequi voluptatem quidem.', 445, 'Britneyside', '27862', 9.078813, 52.666653, '2021-02-22 10:44:41', '0000-00-00 00:00:00'),
(7, 63, 10, '[\"https:\\/\\/images.pexels.com\\/photos\\/821652\\/pexels-photo-821652.jpeg\",\"https:\\/\\/images.pexels.com\\/photos\\/1388947\\/technology-telephone-mobile-smart-1388947.jpeg\",\"https:\\/\\/images.pexels.com\\/photos\\/719399\\/pexels-photo-719399.jpeg\",\"https:\\/\\/images.pexels.com\\/photos\\/5053740\\/pexels-photo-5053740.jpeg\"]', 'https://images.pexels.com/photos/719399/pexels-photo-719399.jpeg', 0, 'Super titre 6', 'Odio dolorem aut veritatis nulla eos doloremque culpa qui. Numquam deleniti odio in nisi consequatur. Iure maxime tenetur quasi facere non. Mollitia velit soluta vitae esse dolore iste ut.', 802, 'New Faviantown', '31980-7591', -46.523847, 103.828913, '2021-02-22 10:44:41', '0000-00-00 00:00:00'),
(8, 77, 16, '[\"https:\\/\\/images.pexels.com\\/photos\\/821652\\/pexels-photo-821652.jpeg\",\"https:\\/\\/images.pexels.com\\/photos\\/1388947\\/technology-telephone-mobile-smart-1388947.jpeg\",\"https:\\/\\/images.pexels.com\\/photos\\/719399\\/pexels-photo-719399.jpeg\",\"https:\\/\\/images.pexels.com\\/photos\\/5053740\\/pexels-photo-5053740.jpeg\"]', 'https://images.pexels.com/photos/5053740/pexels-photo-5053740.jpeg', 0, 'Super titre 7', 'Commodi exercitationem nemo accusantium dolorem quia hic laboriosam. Amet laborum est voluptatem tempora vitae quia vel quia. Velit reiciendis at quia nihil et consequatur dolor soluta.', 65, 'Collierfurt', '81460', -9.873703, 164.038997, '2021-02-22 10:44:41', '0000-00-00 00:00:00'),
(9, 29, 6, '[\"https:\\/\\/images.pexels.com\\/photos\\/821652\\/pexels-photo-821652.jpeg\",\"https:\\/\\/images.pexels.com\\/photos\\/1388947\\/technology-telephone-mobile-smart-1388947.jpeg\",\"https:\\/\\/images.pexels.com\\/photos\\/719399\\/pexels-photo-719399.jpeg\",\"https:\\/\\/images.pexels.com\\/photos\\/5053740\\/pexels-photo-5053740.jpeg\"]', 'https://images.pexels.com/photos/719399/pexels-photo-719399.jpeg', 0, 'Super titre 8', 'Repellat rerum voluptatibus vel et. Sed minima doloribus molestias eligendi magni minus. Beatae non at voluptatem quo.', 489, 'Chetberg', '21027', -20.400664, 61.390803, '2021-02-22 10:44:41', '0000-00-00 00:00:00'),
(10, 32, 21, '[\"https:\\/\\/images.pexels.com\\/photos\\/821652\\/pexels-photo-821652.jpeg\",\"https:\\/\\/images.pexels.com\\/photos\\/1388947\\/technology-telephone-mobile-smart-1388947.jpeg\",\"https:\\/\\/images.pexels.com\\/photos\\/719399\\/pexels-photo-719399.jpeg\",\"https:\\/\\/images.pexels.com\\/photos\\/5053740\\/pexels-photo-5053740.jpeg\"]', 'https://images.pexels.com/photos/1388947/technology-telephone-mobile-smart-1388947.jpeg', 0, 'Super titre 9', 'Nihil alias illo omnis id eaque et esse. Officiis aut consequuntur dolore. Ducimus voluptas officiis nesciunt tempora deleniti. Dolores veritatis omnis sint perspiciatis magnam. Vitae est illo et.', 840, 'North Adrain', '40044-1328', 84.829089, -34.833812, '2021-02-22 10:44:41', '0000-00-00 00:00:00'),
(11, 63, 6, '[\"https:\\/\\/images.pexels.com\\/photos\\/821652\\/pexels-photo-821652.jpeg\",\"https:\\/\\/images.pexels.com\\/photos\\/1388947\\/technology-telephone-mobile-smart-1388947.jpeg\",\"https:\\/\\/images.pexels.com\\/photos\\/719399\\/pexels-photo-719399.jpeg\",\"https:\\/\\/images.pexels.com\\/photos\\/5053740\\/pexels-photo-5053740.jpeg\"]', 'https://images.pexels.com/photos/5053740/pexels-photo-5053740.jpeg', 0, 'Super titre 10', 'Tenetur dolore quo ad aspernatur tempora sit omnis. Libero dolores inventore dolores ut reiciendis dignissimos cumque. Rerum modi rerum nisi enim. Sed necessitatibus non sequi accusamus.', 812, 'Nathanaelchester', '13425-3890', -33.981882, 123.112717, '2021-02-22 10:44:41', '0000-00-00 00:00:00'),
(12, 74, 16, '[\"https:\\/\\/images.pexels.com\\/photos\\/821652\\/pexels-photo-821652.jpeg\",\"https:\\/\\/images.pexels.com\\/photos\\/1388947\\/technology-telephone-mobile-smart-1388947.jpeg\",\"https:\\/\\/images.pexels.com\\/photos\\/719399\\/pexels-photo-719399.jpeg\",\"https:\\/\\/images.pexels.com\\/photos\\/5053740\\/pexels-photo-5053740.jpeg\"]', 'https://images.pexels.com/photos/1388947/technology-telephone-mobile-smart-1388947.jpeg', 0, 'Super titre 11', 'Et laboriosam sunt quos quas nisi minima. Sit sint culpa et dicta. Excepturi qui ipsa in minus. Hic dolor et sunt est tempora.', 594, 'Lake Joanneside', '48462-8614', -67.550085, 134.142726, '2021-02-22 10:44:41', '0000-00-00 00:00:00'),
(13, 67, 3, '[\"https:\\/\\/images.pexels.com\\/photos\\/821652\\/pexels-photo-821652.jpeg\",\"https:\\/\\/images.pexels.com\\/photos\\/1388947\\/technology-telephone-mobile-smart-1388947.jpeg\",\"https:\\/\\/images.pexels.com\\/photos\\/719399\\/pexels-photo-719399.jpeg\",\"https:\\/\\/images.pexels.com\\/photos\\/5053740\\/pexels-photo-5053740.jpeg\"]', 'https://images.pexels.com/photos/719399/pexels-photo-719399.jpeg', 0, 'Super titre 12', 'Id commodi consequatur ut veritatis. Aspernatur atque sed enim numquam. Odio et alias eveniet sed laborum ex.', 88, 'West Odell', '08735', -54.922287, -60.580425, '2021-02-22 10:44:41', '0000-00-00 00:00:00'),
(14, 14, 21, '[\"https:\\/\\/images.pexels.com\\/photos\\/821652\\/pexels-photo-821652.jpeg\",\"https:\\/\\/images.pexels.com\\/photos\\/1388947\\/technology-telephone-mobile-smart-1388947.jpeg\",\"https:\\/\\/images.pexels.com\\/photos\\/719399\\/pexels-photo-719399.jpeg\",\"https:\\/\\/images.pexels.com\\/photos\\/5053740\\/pexels-photo-5053740.jpeg\"]', 'https://images.pexels.com/photos/5053740/pexels-photo-5053740.jpeg', 0, 'Super titre 13', 'Voluptates dignissimos omnis excepturi expedita qui. Voluptatem minima voluptatem rem mollitia vel veritatis consequatur.', 529, 'North Ceceliastad', '48182', -78.117583, -165.786647, '2021-02-22 10:44:41', '0000-00-00 00:00:00'),
(15, 94, 20, '[\"https:\\/\\/images.pexels.com\\/photos\\/821652\\/pexels-photo-821652.jpeg\",\"https:\\/\\/images.pexels.com\\/photos\\/1388947\\/technology-telephone-mobile-smart-1388947.jpeg\",\"https:\\/\\/images.pexels.com\\/photos\\/719399\\/pexels-photo-719399.jpeg\",\"https:\\/\\/images.pexels.com\\/photos\\/5053740\\/pexels-photo-5053740.jpeg\"]', 'https://images.pexels.com/photos/821652/pexels-photo-821652.jpeg', 0, 'Super titre 14', 'Mollitia voluptatibus qui quos nihil. Quia blanditiis sed quo voluptas ea. Possimus libero quis necessitatibus culpa neque nemo voluptates. Odio rem minima sit dolores.', 757, 'East Earnestchester', '72561-0312', -55.620806, 64.057441, '2021-02-22 10:44:41', '0000-00-00 00:00:00'),
(16, 5, 16, '[\"https:\\/\\/images.pexels.com\\/photos\\/821652\\/pexels-photo-821652.jpeg\",\"https:\\/\\/images.pexels.com\\/photos\\/1388947\\/technology-telephone-mobile-smart-1388947.jpeg\",\"https:\\/\\/images.pexels.com\\/photos\\/719399\\/pexels-photo-719399.jpeg\",\"https:\\/\\/images.pexels.com\\/photos\\/5053740\\/pexels-photo-5053740.jpeg\"]', 'https://images.pexels.com/photos/5053740/pexels-photo-5053740.jpeg', 0, 'Super titre 15', 'Harum accusamus enim quaerat dolorem nesciunt consequatur ad. Qui neque molestiae atque. Quia distinctio harum assumenda at eligendi. Pariatur quis quae et qui.', 847, 'Roobfurt', '40294', 59.778034, 171.922421, '2021-02-22 10:44:41', '0000-00-00 00:00:00'),
(17, 52, 6, '[\"https:\\/\\/images.pexels.com\\/photos\\/821652\\/pexels-photo-821652.jpeg\",\"https:\\/\\/images.pexels.com\\/photos\\/1388947\\/technology-telephone-mobile-smart-1388947.jpeg\",\"https:\\/\\/images.pexels.com\\/photos\\/719399\\/pexels-photo-719399.jpeg\",\"https:\\/\\/images.pexels.com\\/photos\\/5053740\\/pexels-photo-5053740.jpeg\"]', 'https://images.pexels.com/photos/821652/pexels-photo-821652.jpeg', 0, 'Super titre 16', 'Architecto voluptas minima aut minus. Qui reiciendis non amet cumque eum aspernatur quia ad. Qui eius atque sit aliquid est.', 627, 'Tryciaton', '68667-6815', -75.950052, -161.90611, '2021-02-22 10:44:41', '0000-00-00 00:00:00'),
(18, 17, 13, '[\"https:\\/\\/images.pexels.com\\/photos\\/821652\\/pexels-photo-821652.jpeg\",\"https:\\/\\/images.pexels.com\\/photos\\/1388947\\/technology-telephone-mobile-smart-1388947.jpeg\",\"https:\\/\\/images.pexels.com\\/photos\\/719399\\/pexels-photo-719399.jpeg\",\"https:\\/\\/images.pexels.com\\/photos\\/5053740\\/pexels-photo-5053740.jpeg\"]', 'https://images.pexels.com/photos/821652/pexels-photo-821652.jpeg', 0, 'Super titre 17', 'Voluptatem eum qui iure repudiandae. Vel et totam quis repudiandae quia voluptatem veniam eaque. Natus eum sit veritatis et nemo. Eaque id quasi animi odio impedit in omnis.', 763, 'East Titoton', '40436-7890', 64.149695, -5.48897, '2021-02-22 10:44:41', '0000-00-00 00:00:00'),
(19, 80, 3, '[\"https:\\/\\/images.pexels.com\\/photos\\/821652\\/pexels-photo-821652.jpeg\",\"https:\\/\\/images.pexels.com\\/photos\\/1388947\\/technology-telephone-mobile-smart-1388947.jpeg\",\"https:\\/\\/images.pexels.com\\/photos\\/719399\\/pexels-photo-719399.jpeg\",\"https:\\/\\/images.pexels.com\\/photos\\/5053740\\/pexels-photo-5053740.jpeg\"]', 'https://images.pexels.com/photos/719399/pexels-photo-719399.jpeg', 0, 'Super titre 18', 'Numquam nostrum velit quas reprehenderit. Accusamus incidunt voluptas vero porro hic vel.', 198, 'Tracemouth', '64350-2780', -53.660054, -68.566125, '2021-02-22 10:44:41', '0000-00-00 00:00:00'),
(20, 68, 0, '[\"https:\\/\\/images.pexels.com\\/photos\\/821652\\/pexels-photo-821652.jpeg\",\"https:\\/\\/images.pexels.com\\/photos\\/1388947\\/technology-telephone-mobile-smart-1388947.jpeg\",\"https:\\/\\/images.pexels.com\\/photos\\/719399\\/pexels-photo-719399.jpeg\",\"https:\\/\\/images.pexels.com\\/photos\\/5053740\\/pexels-photo-5053740.jpeg\"]', 'https://images.pexels.com/photos/1388947/technology-telephone-mobile-smart-1388947.jpeg', 0, 'Super titre 19', 'Qui unde optio dicta et commodi. Beatae nihil molestias facilis rerum.', 16, 'Archshire', '86909-8107', -85.299632, 125.306412, '2021-02-22 10:44:41', '0000-00-00 00:00:00'),
(21, 53, 1, '[\"https:\\/\\/images.pexels.com\\/photos\\/821652\\/pexels-photo-821652.jpeg\",\"https:\\/\\/images.pexels.com\\/photos\\/1388947\\/technology-telephone-mobile-smart-1388947.jpeg\",\"https:\\/\\/images.pexels.com\\/photos\\/719399\\/pexels-photo-719399.jpeg\",\"https:\\/\\/images.pexels.com\\/photos\\/5053740\\/pexels-photo-5053740.jpeg\"]', 'https://images.pexels.com/photos/1388947/technology-telephone-mobile-smart-1388947.jpeg', 0, 'Super titre 20', 'Minima voluptas aspernatur cumque similique mollitia ducimus. Non officia consequuntur consequatur qui molestiae. Culpa recusandae ut voluptatem deleniti.', 333, 'West Susannaville', '95811-0745', 65.607165, -151.545876, '2021-02-22 10:44:41', '0000-00-00 00:00:00'),
(22, 90, 14, '[\"https:\\/\\/images.pexels.com\\/photos\\/821652\\/pexels-photo-821652.jpeg\",\"https:\\/\\/images.pexels.com\\/photos\\/1388947\\/technology-telephone-mobile-smart-1388947.jpeg\",\"https:\\/\\/images.pexels.com\\/photos\\/719399\\/pexels-photo-719399.jpeg\",\"https:\\/\\/images.pexels.com\\/photos\\/5053740\\/pexels-photo-5053740.jpeg\"]', 'https://images.pexels.com/photos/5053740/pexels-photo-5053740.jpeg', 0, 'Super titre 21', 'Consectetur qui incidunt ratione provident reiciendis. Fugit eum minima eum ratione perspiciatis exercitationem. Vel beatae nulla quis quis.', 805, 'Mckennafort', '26724-8367', 65.546181, 128.007931, '2021-02-22 10:44:41', '0000-00-00 00:00:00'),
(23, 4, 18, '[\"https:\\/\\/images.pexels.com\\/photos\\/821652\\/pexels-photo-821652.jpeg\",\"https:\\/\\/images.pexels.com\\/photos\\/1388947\\/technology-telephone-mobile-smart-1388947.jpeg\",\"https:\\/\\/images.pexels.com\\/photos\\/719399\\/pexels-photo-719399.jpeg\",\"https:\\/\\/images.pexels.com\\/photos\\/5053740\\/pexels-photo-5053740.jpeg\"]', 'https://images.pexels.com/photos/719399/pexels-photo-719399.jpeg', 0, 'Super titre 22', 'Consequatur fuga enim tempora eos. Adipisci autem illo reiciendis voluptates in. Et minus impedit aut pariatur.', 268, 'East Maria', '62076-5856', 23.061434, 36.298267, '2021-02-22 10:44:41', '0000-00-00 00:00:00'),
(24, 7, 7, '[\"https:\\/\\/images.pexels.com\\/photos\\/821652\\/pexels-photo-821652.jpeg\",\"https:\\/\\/images.pexels.com\\/photos\\/1388947\\/technology-telephone-mobile-smart-1388947.jpeg\",\"https:\\/\\/images.pexels.com\\/photos\\/719399\\/pexels-photo-719399.jpeg\",\"https:\\/\\/images.pexels.com\\/photos\\/5053740\\/pexels-photo-5053740.jpeg\"]', 'https://images.pexels.com/photos/719399/pexels-photo-719399.jpeg', 0, 'Super titre 23', 'Sapiente ad eos molestiae veniam ex cumque. Veritatis voluptate quia nostrum temporibus hic at sit. Esse qui consequatur voluptatibus nemo officiis praesentium nisi.', 872, 'Lake Jenifer', '91865-3711', 13.2405, 107.575271, '2021-02-22 10:44:41', '0000-00-00 00:00:00'),
(25, 65, 17, '[\"https:\\/\\/images.pexels.com\\/photos\\/821652\\/pexels-photo-821652.jpeg\",\"https:\\/\\/images.pexels.com\\/photos\\/1388947\\/technology-telephone-mobile-smart-1388947.jpeg\",\"https:\\/\\/images.pexels.com\\/photos\\/719399\\/pexels-photo-719399.jpeg\",\"https:\\/\\/images.pexels.com\\/photos\\/5053740\\/pexels-photo-5053740.jpeg\"]', 'https://images.pexels.com/photos/5053740/pexels-photo-5053740.jpeg', 0, 'Super titre 24', 'Esse ea a rerum cupiditate voluptas. Aliquid occaecati expedita ipsam doloremque non quae nostrum deserunt. Et cum perspiciatis voluptatem. Sint quia voluptates sed doloribus in amet libero.', 40, 'Valliehaven', '86550', 89.304893, -158.678188, '2021-02-22 10:44:41', '0000-00-00 00:00:00'),
(26, 13, 0, '[\"https:\\/\\/images.pexels.com\\/photos\\/821652\\/pexels-photo-821652.jpeg\",\"https:\\/\\/images.pexels.com\\/photos\\/1388947\\/technology-telephone-mobile-smart-1388947.jpeg\",\"https:\\/\\/images.pexels.com\\/photos\\/719399\\/pexels-photo-719399.jpeg\",\"https:\\/\\/images.pexels.com\\/photos\\/5053740\\/pexels-photo-5053740.jpeg\"]', 'https://images.pexels.com/photos/5053740/pexels-photo-5053740.jpeg', 0, 'Super titre 25', 'Et consequatur ducimus aut. Eum repudiandae suscipit facilis quia eos ut recusandae. Quisquam placeat dolorem voluptatem aliquam. Impedit vel porro repellendus unde aut.', 11, 'Port Luzhaven', '45569', -20.371399, -84.125106, '2021-02-22 10:44:41', '0000-00-00 00:00:00'),
(27, 49, 0, '[\"https:\\/\\/images.pexels.com\\/photos\\/821652\\/pexels-photo-821652.jpeg\",\"https:\\/\\/images.pexels.com\\/photos\\/1388947\\/technology-telephone-mobile-smart-1388947.jpeg\",\"https:\\/\\/images.pexels.com\\/photos\\/719399\\/pexels-photo-719399.jpeg\",\"https:\\/\\/images.pexels.com\\/photos\\/5053740\\/pexels-photo-5053740.jpeg\"]', 'https://images.pexels.com/photos/719399/pexels-photo-719399.jpeg', 0, 'Super titre 26', 'Ratione reprehenderit eveniet nostrum recusandae expedita velit. At accusamus laborum unde doloribus nihil odit doloremque ipsa. At aperiam voluptatem eos totam nesciunt nesciunt adipisci ab.', 987, 'East Jillian', '21097', -20.630092, 87.391968, '2021-02-22 10:44:41', '0000-00-00 00:00:00'),
(28, 67, 16, '[\"https:\\/\\/images.pexels.com\\/photos\\/821652\\/pexels-photo-821652.jpeg\",\"https:\\/\\/images.pexels.com\\/photos\\/1388947\\/technology-telephone-mobile-smart-1388947.jpeg\",\"https:\\/\\/images.pexels.com\\/photos\\/719399\\/pexels-photo-719399.jpeg\",\"https:\\/\\/images.pexels.com\\/photos\\/5053740\\/pexels-photo-5053740.jpeg\"]', 'https://images.pexels.com/photos/821652/pexels-photo-821652.jpeg', 0, 'Super titre 27', 'Dolorem magni minus totam qui. Nulla quia quibusdam eius. Distinctio sed architecto perspiciatis rerum consequuntur.', 141, 'Port Minnie', '87495', 22.705224, -97.723126, '2021-02-22 10:44:41', '0000-00-00 00:00:00'),
(29, 48, 19, '[\"https:\\/\\/images.pexels.com\\/photos\\/821652\\/pexels-photo-821652.jpeg\",\"https:\\/\\/images.pexels.com\\/photos\\/1388947\\/technology-telephone-mobile-smart-1388947.jpeg\",\"https:\\/\\/images.pexels.com\\/photos\\/719399\\/pexels-photo-719399.jpeg\",\"https:\\/\\/images.pexels.com\\/photos\\/5053740\\/pexels-photo-5053740.jpeg\"]', 'https://images.pexels.com/photos/5053740/pexels-photo-5053740.jpeg', 0, 'Super titre 28', 'Laudantium nam iste consequuntur voluptatem. Molestias ut neque et. Quisquam ut doloremque aut minima. Laborum sunt exercitationem enim enim facere. Laborum laborum sed aperiam est.', 130, 'West Harveyburgh', '41244', -4.593534, -153.381105, '2021-02-22 10:44:41', '0000-00-00 00:00:00'),
(30, 34, 20, '[\"https:\\/\\/images.pexels.com\\/photos\\/821652\\/pexels-photo-821652.jpeg\",\"https:\\/\\/images.pexels.com\\/photos\\/1388947\\/technology-telephone-mobile-smart-1388947.jpeg\",\"https:\\/\\/images.pexels.com\\/photos\\/719399\\/pexels-photo-719399.jpeg\",\"https:\\/\\/images.pexels.com\\/photos\\/5053740\\/pexels-photo-5053740.jpeg\"]', 'https://images.pexels.com/photos/719399/pexels-photo-719399.jpeg', 0, 'Super titre 29', 'Nam quo exercitationem aliquid. Error omnis at natus ipsa iusto voluptatum. Velit corporis enim reiciendis vel sed nemo. Quia odit perspiciatis omnis asperiores.', 350, 'West Madisynport', '33228-0254', -52.284779, 174.25488, '2021-02-22 10:44:41', '0000-00-00 00:00:00'),
(31, 38, 17, '[\"https:\\/\\/images.pexels.com\\/photos\\/821652\\/pexels-photo-821652.jpeg\",\"https:\\/\\/images.pexels.com\\/photos\\/1388947\\/technology-telephone-mobile-smart-1388947.jpeg\",\"https:\\/\\/images.pexels.com\\/photos\\/719399\\/pexels-photo-719399.jpeg\",\"https:\\/\\/images.pexels.com\\/photos\\/5053740\\/pexels-photo-5053740.jpeg\"]', 'https://images.pexels.com/photos/1388947/technology-telephone-mobile-smart-1388947.jpeg', 0, 'Super titre 30', 'Rem earum architecto iusto rem ab quibusdam. Ea quidem aut debitis velit at eum. Officiis laborum culpa consequatur iusto.', 43, 'Schuppeside', '89546', -80.750582, 40.714606, '2021-02-22 10:44:41', '0000-00-00 00:00:00'),
(32, 91, 13, '[\"https:\\/\\/images.pexels.com\\/photos\\/821652\\/pexels-photo-821652.jpeg\",\"https:\\/\\/images.pexels.com\\/photos\\/1388947\\/technology-telephone-mobile-smart-1388947.jpeg\",\"https:\\/\\/images.pexels.com\\/photos\\/719399\\/pexels-photo-719399.jpeg\",\"https:\\/\\/images.pexels.com\\/photos\\/5053740\\/pexels-photo-5053740.jpeg\"]', 'https://images.pexels.com/photos/719399/pexels-photo-719399.jpeg', 0, 'Super titre 31', 'Hic accusantium quia maxime qui sint vel corporis. Temporibus totam et quaerat voluptas minima. Assumenda totam ducimus aliquid a neque totam in. Occaecati aut tempore recusandae iste error aut.', 216, 'Breanaville', '97543-1629', 38.121173, -167.868879, '2021-02-22 10:44:41', '0000-00-00 00:00:00'),
(33, 36, 4, '[\"https:\\/\\/images.pexels.com\\/photos\\/821652\\/pexels-photo-821652.jpeg\",\"https:\\/\\/images.pexels.com\\/photos\\/1388947\\/technology-telephone-mobile-smart-1388947.jpeg\",\"https:\\/\\/images.pexels.com\\/photos\\/719399\\/pexels-photo-719399.jpeg\",\"https:\\/\\/images.pexels.com\\/photos\\/5053740\\/pexels-photo-5053740.jpeg\"]', 'https://images.pexels.com/photos/719399/pexels-photo-719399.jpeg', 0, 'Super titre 32', 'Corporis adipisci et aliquid enim. Rerum non qui illo. Maxime unde labore iure sit optio voluptatem ratione. Ut tempore perferendis quod molestiae veniam voluptatibus modi facilis.', 836, 'South Beau', '21760-3431', -5.587531, 9.831189, '2021-02-22 10:44:41', '0000-00-00 00:00:00'),
(34, 16, 1, '[\"https:\\/\\/images.pexels.com\\/photos\\/821652\\/pexels-photo-821652.jpeg\",\"https:\\/\\/images.pexels.com\\/photos\\/1388947\\/technology-telephone-mobile-smart-1388947.jpeg\",\"https:\\/\\/images.pexels.com\\/photos\\/719399\\/pexels-photo-719399.jpeg\",\"https:\\/\\/images.pexels.com\\/photos\\/5053740\\/pexels-photo-5053740.jpeg\"]', 'https://images.pexels.com/photos/5053740/pexels-photo-5053740.jpeg', 0, 'Super titre 33', 'Eveniet autem dolores ad vitae voluptatibus dolorem fugit. Ducimus corrupti et exercitationem. Nobis tempora sint error fugiat.', 748, 'Annalisechester', '64270-6669', -37.765499, -55.608272, '2021-02-22 10:44:41', '0000-00-00 00:00:00'),
(35, 55, 16, '[\"https:\\/\\/images.pexels.com\\/photos\\/821652\\/pexels-photo-821652.jpeg\",\"https:\\/\\/images.pexels.com\\/photos\\/1388947\\/technology-telephone-mobile-smart-1388947.jpeg\",\"https:\\/\\/images.pexels.com\\/photos\\/719399\\/pexels-photo-719399.jpeg\",\"https:\\/\\/images.pexels.com\\/photos\\/5053740\\/pexels-photo-5053740.jpeg\"]', 'https://images.pexels.com/photos/5053740/pexels-photo-5053740.jpeg', 0, 'Super titre 34', 'Voluptatum et eligendi ex reprehenderit dicta voluptates. Dignissimos distinctio modi ut voluptas fuga mollitia.', 43, 'New Elwinstad', '24135-3146', -75.690812, -102.388276, '2021-02-22 10:44:41', '0000-00-00 00:00:00'),
(36, 5, 10, '[\"https:\\/\\/images.pexels.com\\/photos\\/821652\\/pexels-photo-821652.jpeg\",\"https:\\/\\/images.pexels.com\\/photos\\/1388947\\/technology-telephone-mobile-smart-1388947.jpeg\",\"https:\\/\\/images.pexels.com\\/photos\\/719399\\/pexels-photo-719399.jpeg\",\"https:\\/\\/images.pexels.com\\/photos\\/5053740\\/pexels-photo-5053740.jpeg\"]', 'https://images.pexels.com/photos/1388947/technology-telephone-mobile-smart-1388947.jpeg', 0, 'Super titre 35', 'Facilis et et modi dolor tempora quisquam natus. Itaque cum eos quod dolorem architecto nihil velit. Voluptatem ipsa neque aliquid id culpa ut dignissimos.', 645, 'Port Shakiraville', '07777', 69.322842, 42.25414, '2021-02-22 10:44:41', '0000-00-00 00:00:00'),
(37, 92, 21, '[\"https:\\/\\/images.pexels.com\\/photos\\/821652\\/pexels-photo-821652.jpeg\",\"https:\\/\\/images.pexels.com\\/photos\\/1388947\\/technology-telephone-mobile-smart-1388947.jpeg\",\"https:\\/\\/images.pexels.com\\/photos\\/719399\\/pexels-photo-719399.jpeg\",\"https:\\/\\/images.pexels.com\\/photos\\/5053740\\/pexels-photo-5053740.jpeg\"]', 'https://images.pexels.com/photos/1388947/technology-telephone-mobile-smart-1388947.jpeg', 0, 'Super titre 36', 'Dolor consectetur corrupti maiores quae. Deserunt ut eos blanditiis excepturi delectus error. Et magnam officia ut optio ratione libero.', 567, 'Seanville', '37540-2494', 27.98688, 85.764738, '2021-02-22 10:44:41', '0000-00-00 00:00:00'),
(38, 92, 0, '[\"https:\\/\\/images.pexels.com\\/photos\\/821652\\/pexels-photo-821652.jpeg\",\"https:\\/\\/images.pexels.com\\/photos\\/1388947\\/technology-telephone-mobile-smart-1388947.jpeg\",\"https:\\/\\/images.pexels.com\\/photos\\/719399\\/pexels-photo-719399.jpeg\",\"https:\\/\\/images.pexels.com\\/photos\\/5053740\\/pexels-photo-5053740.jpeg\"]', 'https://images.pexels.com/photos/1388947/technology-telephone-mobile-smart-1388947.jpeg', 0, 'Super titre 37', 'Tenetur et ullam quo. Deserunt laudantium totam sunt expedita voluptatem. Ut eum quia doloribus reprehenderit libero. Suscipit soluta consequatur qui id excepturi ut.', 306, 'Lianaburgh', '61069-6076', 28.896785, -144.21963, '2021-02-22 10:44:41', '0000-00-00 00:00:00'),
(39, 24, 14, '[\"https:\\/\\/images.pexels.com\\/photos\\/821652\\/pexels-photo-821652.jpeg\",\"https:\\/\\/images.pexels.com\\/photos\\/1388947\\/technology-telephone-mobile-smart-1388947.jpeg\",\"https:\\/\\/images.pexels.com\\/photos\\/719399\\/pexels-photo-719399.jpeg\",\"https:\\/\\/images.pexels.com\\/photos\\/5053740\\/pexels-photo-5053740.jpeg\"]', 'https://images.pexels.com/photos/821652/pexels-photo-821652.jpeg', 0, 'Super titre 38', 'Est atque et et et nesciunt ratione iusto laudantium. Numquam nisi ad dolor est. Occaecati eligendi aut illum quo quasi quae fugiat. Ad quod at laudantium accusantium vel dolores.', 648, 'Karsonmouth', '22016-4120', -86.301773, 108.074042, '2021-02-22 10:44:41', '0000-00-00 00:00:00'),
(40, 50, 11, '[\"https:\\/\\/images.pexels.com\\/photos\\/821652\\/pexels-photo-821652.jpeg\",\"https:\\/\\/images.pexels.com\\/photos\\/1388947\\/technology-telephone-mobile-smart-1388947.jpeg\",\"https:\\/\\/images.pexels.com\\/photos\\/719399\\/pexels-photo-719399.jpeg\",\"https:\\/\\/images.pexels.com\\/photos\\/5053740\\/pexels-photo-5053740.jpeg\"]', 'https://images.pexels.com/photos/5053740/pexels-photo-5053740.jpeg', 0, 'Super titre 39', 'Doloribus quam quibusdam commodi facere dolores. Sint enim beatae atque ut est laboriosam. Sunt illum odio dolores quam. Minus tempore nostrum labore perspiciatis. Quis nobis quas rem quis nisi.', 448, 'South Adonis', '59804', -28.316615, 103.546949, '2021-02-22 10:44:41', '0000-00-00 00:00:00'),
(41, 16, 22, '[\"https:\\/\\/images.pexels.com\\/photos\\/821652\\/pexels-photo-821652.jpeg\",\"https:\\/\\/images.pexels.com\\/photos\\/1388947\\/technology-telephone-mobile-smart-1388947.jpeg\",\"https:\\/\\/images.pexels.com\\/photos\\/719399\\/pexels-photo-719399.jpeg\",\"https:\\/\\/images.pexels.com\\/photos\\/5053740\\/pexels-photo-5053740.jpeg\"]', 'https://images.pexels.com/photos/821652/pexels-photo-821652.jpeg', 0, 'Super titre 40', 'In in sint laboriosam. Rem aut quis mollitia fugit est. Minima facere omnis voluptatibus neque. Et nihil sit hic quo dolore est. Ipsa consequatur voluptates quia et ut dicta.', 355, 'Allisonville', '28423', -7.262382, 150.468568, '2021-02-22 10:44:41', '0000-00-00 00:00:00'),
(42, 80, 2, '[\"https:\\/\\/images.pexels.com\\/photos\\/821652\\/pexels-photo-821652.jpeg\",\"https:\\/\\/images.pexels.com\\/photos\\/1388947\\/technology-telephone-mobile-smart-1388947.jpeg\",\"https:\\/\\/images.pexels.com\\/photos\\/719399\\/pexels-photo-719399.jpeg\",\"https:\\/\\/images.pexels.com\\/photos\\/5053740\\/pexels-photo-5053740.jpeg\"]', 'https://images.pexels.com/photos/821652/pexels-photo-821652.jpeg', 0, 'Super titre 41', 'Minima adipisci pariatur veritatis suscipit culpa corporis vero. Aut nobis omnis quidem saepe aliquam. Optio sequi sit id consequatur corrupti velit.', 943, 'Justentown', '41865-6111', -86.259163, 37.8988, '2021-02-22 10:44:41', '0000-00-00 00:00:00'),
(43, 2, 10, '[\"https:\\/\\/images.pexels.com\\/photos\\/821652\\/pexels-photo-821652.jpeg\",\"https:\\/\\/images.pexels.com\\/photos\\/1388947\\/technology-telephone-mobile-smart-1388947.jpeg\",\"https:\\/\\/images.pexels.com\\/photos\\/719399\\/pexels-photo-719399.jpeg\",\"https:\\/\\/images.pexels.com\\/photos\\/5053740\\/pexels-photo-5053740.jpeg\"]', 'https://images.pexels.com/photos/5053740/pexels-photo-5053740.jpeg', 0, 'Super titre 42', 'Ipsam quod praesentium aliquid ut rerum et. Et dolores enim non sit aliquam ullam. Eos ducimus rem assumenda est.', 90, 'East Winona', '03881', 3.148751, 18.016957, '2021-02-22 10:44:41', '0000-00-00 00:00:00'),
(44, 80, 11, '[\"https:\\/\\/images.pexels.com\\/photos\\/821652\\/pexels-photo-821652.jpeg\",\"https:\\/\\/images.pexels.com\\/photos\\/1388947\\/technology-telephone-mobile-smart-1388947.jpeg\",\"https:\\/\\/images.pexels.com\\/photos\\/719399\\/pexels-photo-719399.jpeg\",\"https:\\/\\/images.pexels.com\\/photos\\/5053740\\/pexels-photo-5053740.jpeg\"]', 'https://images.pexels.com/photos/719399/pexels-photo-719399.jpeg', 0, 'Super titre 43', 'Id dolorem architecto ut. Sequi dolores minus exercitationem quae sint debitis adipisci. Quibusdam rerum animi nihil quasi.', 254, 'Cesarland', '81664-0675', 15.302166, 107.525013, '2021-02-22 10:44:41', '0000-00-00 00:00:00'),
(45, 41, 8, '[\"https:\\/\\/images.pexels.com\\/photos\\/821652\\/pexels-photo-821652.jpeg\",\"https:\\/\\/images.pexels.com\\/photos\\/1388947\\/technology-telephone-mobile-smart-1388947.jpeg\",\"https:\\/\\/images.pexels.com\\/photos\\/719399\\/pexels-photo-719399.jpeg\",\"https:\\/\\/images.pexels.com\\/photos\\/5053740\\/pexels-photo-5053740.jpeg\"]', 'https://images.pexels.com/photos/821652/pexels-photo-821652.jpeg', 0, 'Super titre 44', 'Est vel aut et atque veritatis doloribus. Fugit dolores nesciunt aspernatur error voluptatibus sint eos. Tempora corporis est accusantium voluptate autem doloribus.', 59, 'Port Masonburgh', '34084', 16.357153, 154.001403, '2021-02-22 10:44:41', '0000-00-00 00:00:00'),
(46, 75, 7, '[\"https:\\/\\/images.pexels.com\\/photos\\/821652\\/pexels-photo-821652.jpeg\",\"https:\\/\\/images.pexels.com\\/photos\\/1388947\\/technology-telephone-mobile-smart-1388947.jpeg\",\"https:\\/\\/images.pexels.com\\/photos\\/719399\\/pexels-photo-719399.jpeg\",\"https:\\/\\/images.pexels.com\\/photos\\/5053740\\/pexels-photo-5053740.jpeg\"]', 'https://images.pexels.com/photos/821652/pexels-photo-821652.jpeg', 0, 'Super titre 45', 'Aut qui temporibus sit atque eos et nesciunt. Magni nostrum rerum corporis pariatur. Quia nihil sunt error.', 6, 'East Rickie', '24847', -12.142369, -61.837076, '2021-02-22 10:44:41', '0000-00-00 00:00:00'),
(47, 76, 11, '[\"https:\\/\\/images.pexels.com\\/photos\\/821652\\/pexels-photo-821652.jpeg\",\"https:\\/\\/images.pexels.com\\/photos\\/1388947\\/technology-telephone-mobile-smart-1388947.jpeg\",\"https:\\/\\/images.pexels.com\\/photos\\/719399\\/pexels-photo-719399.jpeg\",\"https:\\/\\/images.pexels.com\\/photos\\/5053740\\/pexels-photo-5053740.jpeg\"]', 'https://images.pexels.com/photos/1388947/technology-telephone-mobile-smart-1388947.jpeg', 0, 'Super titre 46', 'Aut fugit facere reiciendis voluptas nihil. Occaecati et perspiciatis pariatur optio consequatur. Omnis quod numquam corrupti vero praesentium facilis. Mollitia magni consequatur veritatis aperiam.', 593, 'Port Aylin', '46347-8840', -82.506347, -17.093516, '2021-02-22 10:44:41', '0000-00-00 00:00:00'),
(48, 30, 11, '[\"https:\\/\\/images.pexels.com\\/photos\\/821652\\/pexels-photo-821652.jpeg\",\"https:\\/\\/images.pexels.com\\/photos\\/1388947\\/technology-telephone-mobile-smart-1388947.jpeg\",\"https:\\/\\/images.pexels.com\\/photos\\/719399\\/pexels-photo-719399.jpeg\",\"https:\\/\\/images.pexels.com\\/photos\\/5053740\\/pexels-photo-5053740.jpeg\"]', 'https://images.pexels.com/photos/821652/pexels-photo-821652.jpeg', 0, 'Super titre 47', 'Aut quae id non. Aut quasi quas quis sequi consequatur repellendus. Et molestiae voluptatibus et sint consequatur et.', 679, 'Barbarahaven', '08087-4461', -36.623539, 62.64178, '2021-02-22 10:44:41', '0000-00-00 00:00:00'),
(49, 77, 13, '[\"https:\\/\\/images.pexels.com\\/photos\\/821652\\/pexels-photo-821652.jpeg\",\"https:\\/\\/images.pexels.com\\/photos\\/1388947\\/technology-telephone-mobile-smart-1388947.jpeg\",\"https:\\/\\/images.pexels.com\\/photos\\/719399\\/pexels-photo-719399.jpeg\",\"https:\\/\\/images.pexels.com\\/photos\\/5053740\\/pexels-photo-5053740.jpeg\"]', 'https://images.pexels.com/photos/821652/pexels-photo-821652.jpeg', 0, 'Super titre 48', 'Quasi eligendi voluptatem tempora incidunt labore reiciendis nesciunt. Autem qui sequi occaecati quae. Officiis ad consequuntur blanditiis consectetur in excepturi. Deleniti provident et quo dolores.', 869, 'Deeside', '79832', 75.18025, 118.801263, '2021-02-22 10:44:41', '0000-00-00 00:00:00'),
(50, 37, 5, '[\"https:\\/\\/images.pexels.com\\/photos\\/821652\\/pexels-photo-821652.jpeg\",\"https:\\/\\/images.pexels.com\\/photos\\/1388947\\/technology-telephone-mobile-smart-1388947.jpeg\",\"https:\\/\\/images.pexels.com\\/photos\\/719399\\/pexels-photo-719399.jpeg\",\"https:\\/\\/images.pexels.com\\/photos\\/5053740\\/pexels-photo-5053740.jpeg\"]', 'https://images.pexels.com/photos/719399/pexels-photo-719399.jpeg', 0, 'Super titre 49', 'Sed est voluptatem quis molestiae nihil hic molestiae. Qui tempore in sequi corporis et expedita. Omnis nobis quo veritatis perferendis esse amet voluptatem.', 133, 'New Fatima', '25687', 7.108738, -26.589694, '2021-02-22 10:44:41', '0000-00-00 00:00:00'),
(51, 62, 0, '[\"https:\\/\\/images.pexels.com\\/photos\\/821652\\/pexels-photo-821652.jpeg\",\"https:\\/\\/images.pexels.com\\/photos\\/1388947\\/technology-telephone-mobile-smart-1388947.jpeg\",\"https:\\/\\/images.pexels.com\\/photos\\/719399\\/pexels-photo-719399.jpeg\",\"https:\\/\\/images.pexels.com\\/photos\\/5053740\\/pexels-photo-5053740.jpeg\"]', 'https://images.pexels.com/photos/5053740/pexels-photo-5053740.jpeg', 0, 'Super titre 50', 'Consequatur harum at occaecati amet occaecati aspernatur. Libero eum veniam explicabo saepe sit aliquam voluptatem. Omnis hic aspernatur sunt illum soluta cupiditate expedita.', 978, 'Demarcoburgh', '93604', -87.730577, 79.253238, '2021-02-22 10:44:41', '0000-00-00 00:00:00'),
(52, 73, 6, '[\"https:\\/\\/images.pexels.com\\/photos\\/821652\\/pexels-photo-821652.jpeg\",\"https:\\/\\/images.pexels.com\\/photos\\/1388947\\/technology-telephone-mobile-smart-1388947.jpeg\",\"https:\\/\\/images.pexels.com\\/photos\\/719399\\/pexels-photo-719399.jpeg\",\"https:\\/\\/images.pexels.com\\/photos\\/5053740\\/pexels-photo-5053740.jpeg\"]', 'https://images.pexels.com/photos/1388947/technology-telephone-mobile-smart-1388947.jpeg', 0, 'Super titre 51', 'Minima exercitationem nulla rerum vitae et. Reprehenderit expedita eligendi nostrum rerum nisi consequatur.', 936, 'Kaylahmouth', '68984-9408', -71.494086, 8.495355, '2021-02-22 10:44:41', '0000-00-00 00:00:00'),
(53, 20, 8, '[\"https:\\/\\/images.pexels.com\\/photos\\/821652\\/pexels-photo-821652.jpeg\",\"https:\\/\\/images.pexels.com\\/photos\\/1388947\\/technology-telephone-mobile-smart-1388947.jpeg\",\"https:\\/\\/images.pexels.com\\/photos\\/719399\\/pexels-photo-719399.jpeg\",\"https:\\/\\/images.pexels.com\\/photos\\/5053740\\/pexels-photo-5053740.jpeg\"]', 'https://images.pexels.com/photos/719399/pexels-photo-719399.jpeg', 0, 'Super titre 52', 'Qui alias doloribus ducimus natus sed sit. Et doloribus officia cum quae. Est quis ducimus labore ut ullam odit doloremque est. Quas nulla quod quis autem minus.', 811, 'West Weldonland', '10316-7912', 53.025992, -47.718108, '2021-02-22 10:44:41', '0000-00-00 00:00:00'),
(54, 50, 14, '[\"https:\\/\\/images.pexels.com\\/photos\\/821652\\/pexels-photo-821652.jpeg\",\"https:\\/\\/images.pexels.com\\/photos\\/1388947\\/technology-telephone-mobile-smart-1388947.jpeg\",\"https:\\/\\/images.pexels.com\\/photos\\/719399\\/pexels-photo-719399.jpeg\",\"https:\\/\\/images.pexels.com\\/photos\\/5053740\\/pexels-photo-5053740.jpeg\"]', 'https://images.pexels.com/photos/719399/pexels-photo-719399.jpeg', 0, 'Super titre 53', 'In atque et et ut ipsam aut. Autem aut eum est error est. Molestiae ipsa non qui eum modi qui omnis laborum.', 638, 'Pacochaton', '17804', -45.522175, 44.296971, '2021-02-22 10:44:41', '0000-00-00 00:00:00'),
(55, 24, 21, '[\"https:\\/\\/images.pexels.com\\/photos\\/821652\\/pexels-photo-821652.jpeg\",\"https:\\/\\/images.pexels.com\\/photos\\/1388947\\/technology-telephone-mobile-smart-1388947.jpeg\",\"https:\\/\\/images.pexels.com\\/photos\\/719399\\/pexels-photo-719399.jpeg\",\"https:\\/\\/images.pexels.com\\/photos\\/5053740\\/pexels-photo-5053740.jpeg\"]', 'https://images.pexels.com/photos/5053740/pexels-photo-5053740.jpeg', 0, 'Super titre 54', 'Voluptates eos quo laborum aut quo quas et. Molestias iure dolore veritatis nihil animi animi repellendus. Saepe voluptate nihil consectetur illum architecto. Aliquid alias ut eos non.', 610, 'Lake Amir', '15192-1313', 30.126352, -179.189622, '2021-02-22 10:44:41', '0000-00-00 00:00:00'),
(56, 50, 8, '[\"https:\\/\\/images.pexels.com\\/photos\\/821652\\/pexels-photo-821652.jpeg\",\"https:\\/\\/images.pexels.com\\/photos\\/1388947\\/technology-telephone-mobile-smart-1388947.jpeg\",\"https:\\/\\/images.pexels.com\\/photos\\/719399\\/pexels-photo-719399.jpeg\",\"https:\\/\\/images.pexels.com\\/photos\\/5053740\\/pexels-photo-5053740.jpeg\"]', 'https://images.pexels.com/photos/5053740/pexels-photo-5053740.jpeg', 0, 'Super titre 55', 'Est est aliquam ex nam ullam. Velit quidem iure magni ex ad. Quia inventore amet dolore.', 78, 'Garrickborough', '16405', -31.495534, -137.726254, '2021-02-22 10:44:41', '0000-00-00 00:00:00'),
(57, 42, 16, '[\"https:\\/\\/images.pexels.com\\/photos\\/821652\\/pexels-photo-821652.jpeg\",\"https:\\/\\/images.pexels.com\\/photos\\/1388947\\/technology-telephone-mobile-smart-1388947.jpeg\",\"https:\\/\\/images.pexels.com\\/photos\\/719399\\/pexels-photo-719399.jpeg\",\"https:\\/\\/images.pexels.com\\/photos\\/5053740\\/pexels-photo-5053740.jpeg\"]', 'https://images.pexels.com/photos/719399/pexels-photo-719399.jpeg', 0, 'Super titre 56', 'Dolores deleniti sit quod. Nulla omnis quia nemo. Quasi sed repellendus et voluptas veritatis ut. Dolore doloremque exercitationem velit. Dolore cum harum cupiditate illum.', 528, 'Osvaldostad', '63824-1931', -66.29589, -71.099178, '2021-02-22 10:44:41', '0000-00-00 00:00:00'),
(58, 36, 4, '[\"https:\\/\\/images.pexels.com\\/photos\\/821652\\/pexels-photo-821652.jpeg\",\"https:\\/\\/images.pexels.com\\/photos\\/1388947\\/technology-telephone-mobile-smart-1388947.jpeg\",\"https:\\/\\/images.pexels.com\\/photos\\/719399\\/pexels-photo-719399.jpeg\",\"https:\\/\\/images.pexels.com\\/photos\\/5053740\\/pexels-photo-5053740.jpeg\"]', 'https://images.pexels.com/photos/1388947/technology-telephone-mobile-smart-1388947.jpeg', 0, 'Super titre 57', 'Dicta sequi cupiditate quaerat qui. Ipsa ut et reprehenderit inventore modi cupiditate velit. Nobis ut possimus quas quia.', 618, 'Kianton', '68625-1489', -19.206372, 100.469262, '2021-02-22 10:44:41', '0000-00-00 00:00:00'),
(59, 24, 0, '[\"https:\\/\\/images.pexels.com\\/photos\\/821652\\/pexels-photo-821652.jpeg\",\"https:\\/\\/images.pexels.com\\/photos\\/1388947\\/technology-telephone-mobile-smart-1388947.jpeg\",\"https:\\/\\/images.pexels.com\\/photos\\/719399\\/pexels-photo-719399.jpeg\",\"https:\\/\\/images.pexels.com\\/photos\\/5053740\\/pexels-photo-5053740.jpeg\"]', 'https://images.pexels.com/photos/1388947/technology-telephone-mobile-smart-1388947.jpeg', 0, 'Super titre 58', 'Quia et id distinctio quia qui voluptatem asperiores. Odit similique quia quam molestiae minima. Eligendi eum repellendus sed.', 873, 'Andersonburgh', '06524-5038', 41.338622, 175.93854, '2021-02-22 10:44:41', '0000-00-00 00:00:00'),
(60, 66, 11, '[\"https:\\/\\/images.pexels.com\\/photos\\/821652\\/pexels-photo-821652.jpeg\",\"https:\\/\\/images.pexels.com\\/photos\\/1388947\\/technology-telephone-mobile-smart-1388947.jpeg\",\"https:\\/\\/images.pexels.com\\/photos\\/719399\\/pexels-photo-719399.jpeg\",\"https:\\/\\/images.pexels.com\\/photos\\/5053740\\/pexels-photo-5053740.jpeg\"]', 'https://images.pexels.com/photos/5053740/pexels-photo-5053740.jpeg', 0, 'Super titre 59', 'Perspiciatis non asperiores assumenda sit eos. Aspernatur facilis facilis mollitia est magni est sapiente debitis. Dolores iusto doloremque est ea. Incidunt nostrum temporibus eveniet sed.', 868, 'Nigelstad', '70956-3125', -52.925495, -42.38319, '2021-02-22 10:44:41', '0000-00-00 00:00:00'),
(61, 51, 19, '[\"https:\\/\\/images.pexels.com\\/photos\\/821652\\/pexels-photo-821652.jpeg\",\"https:\\/\\/images.pexels.com\\/photos\\/1388947\\/technology-telephone-mobile-smart-1388947.jpeg\",\"https:\\/\\/images.pexels.com\\/photos\\/719399\\/pexels-photo-719399.jpeg\",\"https:\\/\\/images.pexels.com\\/photos\\/5053740\\/pexels-photo-5053740.jpeg\"]', 'https://images.pexels.com/photos/719399/pexels-photo-719399.jpeg', 0, 'Super titre 60', 'Quibusdam odio commodi et. Mollitia accusantium et voluptatem magni aspernatur. Quod illo delectus tenetur quam at.', 458, 'Harrisview', '44710', -2.537188, -16.361921, '2021-02-22 10:44:41', '0000-00-00 00:00:00'),
(62, 45, 10, '[\"https:\\/\\/images.pexels.com\\/photos\\/821652\\/pexels-photo-821652.jpeg\",\"https:\\/\\/images.pexels.com\\/photos\\/1388947\\/technology-telephone-mobile-smart-1388947.jpeg\",\"https:\\/\\/images.pexels.com\\/photos\\/719399\\/pexels-photo-719399.jpeg\",\"https:\\/\\/images.pexels.com\\/photos\\/5053740\\/pexels-photo-5053740.jpeg\"]', 'https://images.pexels.com/photos/1388947/technology-telephone-mobile-smart-1388947.jpeg', 0, 'Super titre 61', 'Optio dolor excepturi dolorem at. Beatae est et perferendis reiciendis tenetur repellendus deleniti. Similique eum est sed consequuntur fugit ut et. Aut sit quo dolorum saepe beatae quo mollitia.', 609, 'Lake Tianaburgh', '78498', 71.210578, 171.210124, '2021-02-22 10:44:41', '0000-00-00 00:00:00'),
(63, 35, 1, '[\"https:\\/\\/images.pexels.com\\/photos\\/821652\\/pexels-photo-821652.jpeg\",\"https:\\/\\/images.pexels.com\\/photos\\/1388947\\/technology-telephone-mobile-smart-1388947.jpeg\",\"https:\\/\\/images.pexels.com\\/photos\\/719399\\/pexels-photo-719399.jpeg\",\"https:\\/\\/images.pexels.com\\/photos\\/5053740\\/pexels-photo-5053740.jpeg\"]', 'https://images.pexels.com/photos/719399/pexels-photo-719399.jpeg', 0, 'Super titre 62', 'Explicabo vel pariatur nam accusamus mollitia. Voluptas sit unde dolor consectetur aspernatur ut aut. Eligendi magni et explicabo odio quo labore aut sit.', 848, 'Casperchester', '47445', -4.23475, -149.828324, '2021-02-22 10:44:41', '0000-00-00 00:00:00'),
(64, 30, 10, '[\"https:\\/\\/images.pexels.com\\/photos\\/821652\\/pexels-photo-821652.jpeg\",\"https:\\/\\/images.pexels.com\\/photos\\/1388947\\/technology-telephone-mobile-smart-1388947.jpeg\",\"https:\\/\\/images.pexels.com\\/photos\\/719399\\/pexels-photo-719399.jpeg\",\"https:\\/\\/images.pexels.com\\/photos\\/5053740\\/pexels-photo-5053740.jpeg\"]', 'https://images.pexels.com/photos/821652/pexels-photo-821652.jpeg', 0, 'Super titre 63', 'Magnam voluptatem totam qui qui. Dolores id rerum at quis adipisci et.', 487, 'West Jackie', '65573-2000', -52.243921, -31.656659, '2021-02-22 10:44:41', '0000-00-00 00:00:00'),
(65, 43, 15, '[\"https:\\/\\/images.pexels.com\\/photos\\/821652\\/pexels-photo-821652.jpeg\",\"https:\\/\\/images.pexels.com\\/photos\\/1388947\\/technology-telephone-mobile-smart-1388947.jpeg\",\"https:\\/\\/images.pexels.com\\/photos\\/719399\\/pexels-photo-719399.jpeg\",\"https:\\/\\/images.pexels.com\\/photos\\/5053740\\/pexels-photo-5053740.jpeg\"]', 'https://images.pexels.com/photos/821652/pexels-photo-821652.jpeg', 0, 'Super titre 64', 'Minus magni ab accusantium ullam consequatur voluptas. Ipsum incidunt reprehenderit nihil excepturi quia. Magni rem expedita ut minus fugiat reiciendis iusto.', 575, 'Port Raoul', '16439', -86.154042, -93.649171, '2021-02-22 10:44:41', '0000-00-00 00:00:00'),
(66, 51, 9, '[\"https:\\/\\/images.pexels.com\\/photos\\/821652\\/pexels-photo-821652.jpeg\",\"https:\\/\\/images.pexels.com\\/photos\\/1388947\\/technology-telephone-mobile-smart-1388947.jpeg\",\"https:\\/\\/images.pexels.com\\/photos\\/719399\\/pexels-photo-719399.jpeg\",\"https:\\/\\/images.pexels.com\\/photos\\/5053740\\/pexels-photo-5053740.jpeg\"]', 'https://images.pexels.com/photos/821652/pexels-photo-821652.jpeg', 0, 'Super titre 65', 'Sed labore sit aperiam dolor. Aspernatur molestiae quam quibusdam et. Assumenda pariatur maiores sit. Dignissimos enim aut illo illo mollitia.', 34, 'Anselview', '15897', -81.927891, -89.522984, '2021-02-22 10:44:41', '0000-00-00 00:00:00'),
(67, 71, 11, '[\"https:\\/\\/images.pexels.com\\/photos\\/821652\\/pexels-photo-821652.jpeg\",\"https:\\/\\/images.pexels.com\\/photos\\/1388947\\/technology-telephone-mobile-smart-1388947.jpeg\",\"https:\\/\\/images.pexels.com\\/photos\\/719399\\/pexels-photo-719399.jpeg\",\"https:\\/\\/images.pexels.com\\/photos\\/5053740\\/pexels-photo-5053740.jpeg\"]', 'https://images.pexels.com/photos/5053740/pexels-photo-5053740.jpeg', 0, 'Super titre 66', 'Vel architecto aut ut suscipit et repellendus nihil ipsa. Eos rerum aut consequuntur. Iure officiis eum deleniti magnam.', 392, 'Kreigershire', '22534-7365', 38.918571, -121.224902, '2021-02-22 10:44:41', '0000-00-00 00:00:00'),
(68, 69, 8, '[\"https:\\/\\/images.pexels.com\\/photos\\/821652\\/pexels-photo-821652.jpeg\",\"https:\\/\\/images.pexels.com\\/photos\\/1388947\\/technology-telephone-mobile-smart-1388947.jpeg\",\"https:\\/\\/images.pexels.com\\/photos\\/719399\\/pexels-photo-719399.jpeg\",\"https:\\/\\/images.pexels.com\\/photos\\/5053740\\/pexels-photo-5053740.jpeg\"]', 'https://images.pexels.com/photos/1388947/technology-telephone-mobile-smart-1388947.jpeg', 0, 'Super titre 67', 'Ut vitae repudiandae dolorum distinctio ipsa rem optio. Est velit ipsam voluptate fugit sed neque velit.', 605, 'North Savannahchester', '80519', -12.864057, -150.265653, '2021-02-22 10:44:41', '0000-00-00 00:00:00'),
(69, 56, 4, '[\"https:\\/\\/images.pexels.com\\/photos\\/821652\\/pexels-photo-821652.jpeg\",\"https:\\/\\/images.pexels.com\\/photos\\/1388947\\/technology-telephone-mobile-smart-1388947.jpeg\",\"https:\\/\\/images.pexels.com\\/photos\\/719399\\/pexels-photo-719399.jpeg\",\"https:\\/\\/images.pexels.com\\/photos\\/5053740\\/pexels-photo-5053740.jpeg\"]', 'https://images.pexels.com/photos/1388947/technology-telephone-mobile-smart-1388947.jpeg', 0, 'Super titre 68', 'Magnam recusandae commodi dolore excepturi facere. Aut consectetur nemo ducimus sit. Sit hic sit non consectetur. Minus ullam recusandae amet sint dolore praesentium.', 125, 'New Alfredaland', '81372-8526', 36.238026, 101.778357, '2021-02-22 10:44:41', '0000-00-00 00:00:00'),
(70, 59, 1, '[\"https:\\/\\/images.pexels.com\\/photos\\/821652\\/pexels-photo-821652.jpeg\",\"https:\\/\\/images.pexels.com\\/photos\\/1388947\\/technology-telephone-mobile-smart-1388947.jpeg\",\"https:\\/\\/images.pexels.com\\/photos\\/719399\\/pexels-photo-719399.jpeg\",\"https:\\/\\/images.pexels.com\\/photos\\/5053740\\/pexels-photo-5053740.jpeg\"]', 'https://images.pexels.com/photos/719399/pexels-photo-719399.jpeg', 0, 'Super titre 69', 'Accusamus ipsam velit et ab sint. Et amet quas quidem reiciendis error at. Vitae et corporis aut aut.', 335, 'Jaquelineton', '80573', -1.258741, 176.341375, '2021-02-22 10:44:41', '0000-00-00 00:00:00');
INSERT INTO `posts` (`id`, `id_user`, `id_breakdown_category`, `images`, `cover_image`, `is_solved`, `title`, `content`, `budget`, `city`, `postal_code`, `lat`, `lng`, `created_at`, `updated_at`) VALUES
(71, 62, 10, '[\"https:\\/\\/images.pexels.com\\/photos\\/821652\\/pexels-photo-821652.jpeg\",\"https:\\/\\/images.pexels.com\\/photos\\/1388947\\/technology-telephone-mobile-smart-1388947.jpeg\",\"https:\\/\\/images.pexels.com\\/photos\\/719399\\/pexels-photo-719399.jpeg\",\"https:\\/\\/images.pexels.com\\/photos\\/5053740\\/pexels-photo-5053740.jpeg\"]', 'https://images.pexels.com/photos/719399/pexels-photo-719399.jpeg', 0, 'Super titre 70', 'Qui et voluptas minima ut sed provident nobis. Voluptatem tempore vitae cumque error quis aliquid illo. Dolor odit repellat provident blanditiis sapiente. Eos tempore dolores alias ea vel.', 345, 'O\'Konton', '57670-4875', -34.9424, 158.471334, '2021-02-22 10:44:41', '0000-00-00 00:00:00'),
(72, 20, 3, '[\"https:\\/\\/images.pexels.com\\/photos\\/821652\\/pexels-photo-821652.jpeg\",\"https:\\/\\/images.pexels.com\\/photos\\/1388947\\/technology-telephone-mobile-smart-1388947.jpeg\",\"https:\\/\\/images.pexels.com\\/photos\\/719399\\/pexels-photo-719399.jpeg\",\"https:\\/\\/images.pexels.com\\/photos\\/5053740\\/pexels-photo-5053740.jpeg\"]', 'https://images.pexels.com/photos/821652/pexels-photo-821652.jpeg', 0, 'Super titre 71', 'Amet fugit accusantium aut natus nam officiis iusto. Et repellendus et ratione amet. Quas accusamus repellat labore enim. Quia et voluptas nihil.', 775, 'Marksfurt', '02087', -59.837516, -15.574453, '2021-02-22 10:44:41', '0000-00-00 00:00:00'),
(73, 49, 8, '[\"https:\\/\\/images.pexels.com\\/photos\\/821652\\/pexels-photo-821652.jpeg\",\"https:\\/\\/images.pexels.com\\/photos\\/1388947\\/technology-telephone-mobile-smart-1388947.jpeg\",\"https:\\/\\/images.pexels.com\\/photos\\/719399\\/pexels-photo-719399.jpeg\",\"https:\\/\\/images.pexels.com\\/photos\\/5053740\\/pexels-photo-5053740.jpeg\"]', 'https://images.pexels.com/photos/821652/pexels-photo-821652.jpeg', 0, 'Super titre 72', 'Corrupti ut ut atque eius facere sapiente. Et quae ad dolorum et voluptas illo nihil. Et et vero distinctio aliquam eos.', 335, 'Gwenville', '33795-9689', -64.227816, 85.151375, '2021-02-22 10:44:41', '0000-00-00 00:00:00'),
(74, 34, 7, '[\"https:\\/\\/images.pexels.com\\/photos\\/821652\\/pexels-photo-821652.jpeg\",\"https:\\/\\/images.pexels.com\\/photos\\/1388947\\/technology-telephone-mobile-smart-1388947.jpeg\",\"https:\\/\\/images.pexels.com\\/photos\\/719399\\/pexels-photo-719399.jpeg\",\"https:\\/\\/images.pexels.com\\/photos\\/5053740\\/pexels-photo-5053740.jpeg\"]', 'https://images.pexels.com/photos/719399/pexels-photo-719399.jpeg', 0, 'Super titre 73', 'Odio numquam voluptatibus rerum vitae. In non eum fugiat in nostrum cum. Repellendus blanditiis et explicabo omnis nisi. Quibusdam quod est aperiam similique adipisci ea placeat qui.', 743, 'West Sharonville', '55487-3887', 44.516206, 27.494152, '2021-02-22 10:44:41', '0000-00-00 00:00:00'),
(75, 89, 7, '[\"https:\\/\\/images.pexels.com\\/photos\\/821652\\/pexels-photo-821652.jpeg\",\"https:\\/\\/images.pexels.com\\/photos\\/1388947\\/technology-telephone-mobile-smart-1388947.jpeg\",\"https:\\/\\/images.pexels.com\\/photos\\/719399\\/pexels-photo-719399.jpeg\",\"https:\\/\\/images.pexels.com\\/photos\\/5053740\\/pexels-photo-5053740.jpeg\"]', 'https://images.pexels.com/photos/821652/pexels-photo-821652.jpeg', 0, 'Super titre 74', 'Omnis est quo sunt ut sed et eum. Consequatur dignissimos sed totam ullam vero aliquam non. Perspiciatis consectetur ullam voluptatem deserunt sit est.', 966, 'Marleebury', '74916', 48.713844, 110.601886, '2021-02-22 10:44:41', '0000-00-00 00:00:00'),
(76, 64, 14, '[\"https:\\/\\/images.pexels.com\\/photos\\/821652\\/pexels-photo-821652.jpeg\",\"https:\\/\\/images.pexels.com\\/photos\\/1388947\\/technology-telephone-mobile-smart-1388947.jpeg\",\"https:\\/\\/images.pexels.com\\/photos\\/719399\\/pexels-photo-719399.jpeg\",\"https:\\/\\/images.pexels.com\\/photos\\/5053740\\/pexels-photo-5053740.jpeg\"]', 'https://images.pexels.com/photos/719399/pexels-photo-719399.jpeg', 0, 'Super titre 75', 'Voluptatem voluptatem quia natus aliquam et minima et. Et ut blanditiis laudantium occaecati. Vitae ut distinctio sed voluptatum dolorem. Sed et nulla eum voluptatem et et dolores consectetur.', 264, 'New Libby', '10316-8209', 10.729081, -158.98426, '2021-02-22 10:44:41', '0000-00-00 00:00:00'),
(77, 47, 8, '[\"https:\\/\\/images.pexels.com\\/photos\\/821652\\/pexels-photo-821652.jpeg\",\"https:\\/\\/images.pexels.com\\/photos\\/1388947\\/technology-telephone-mobile-smart-1388947.jpeg\",\"https:\\/\\/images.pexels.com\\/photos\\/719399\\/pexels-photo-719399.jpeg\",\"https:\\/\\/images.pexels.com\\/photos\\/5053740\\/pexels-photo-5053740.jpeg\"]', 'https://images.pexels.com/photos/1388947/technology-telephone-mobile-smart-1388947.jpeg', 0, 'Super titre 76', 'Perspiciatis est at recusandae laudantium eum labore. Quaerat corrupti corporis magni. In sit aut et repellendus. Qui blanditiis odio ea necessitatibus ut exercitationem.', 230, 'Alisonborough', '09503-8338', 3.524655, -77.246089, '2021-02-22 10:44:41', '0000-00-00 00:00:00'),
(78, 76, 14, '[\"https:\\/\\/images.pexels.com\\/photos\\/821652\\/pexels-photo-821652.jpeg\",\"https:\\/\\/images.pexels.com\\/photos\\/1388947\\/technology-telephone-mobile-smart-1388947.jpeg\",\"https:\\/\\/images.pexels.com\\/photos\\/719399\\/pexels-photo-719399.jpeg\",\"https:\\/\\/images.pexels.com\\/photos\\/5053740\\/pexels-photo-5053740.jpeg\"]', 'https://images.pexels.com/photos/821652/pexels-photo-821652.jpeg', 0, 'Super titre 77', 'Fuga dolorem maxime quo. Rerum voluptas sed earum similique accusantium. Ratione sapiente id voluptates expedita pariatur quia ut. Dolores omnis enim repellendus blanditiis.', 484, 'Junemouth', '90414', 57.445013, 29.155018, '2021-02-22 10:44:41', '0000-00-00 00:00:00'),
(79, 11, 21, '[\"https:\\/\\/images.pexels.com\\/photos\\/821652\\/pexels-photo-821652.jpeg\",\"https:\\/\\/images.pexels.com\\/photos\\/1388947\\/technology-telephone-mobile-smart-1388947.jpeg\",\"https:\\/\\/images.pexels.com\\/photos\\/719399\\/pexels-photo-719399.jpeg\",\"https:\\/\\/images.pexels.com\\/photos\\/5053740\\/pexels-photo-5053740.jpeg\"]', 'https://images.pexels.com/photos/1388947/technology-telephone-mobile-smart-1388947.jpeg', 0, 'Super titre 78', 'Porro enim velit quia. Qui inventore sint modi illum. Voluptatem delectus deserunt ut nihil quae. Id molestias molestiae est qui cupiditate aliquam. Porro veritatis omnis doloribus quos.', 644, 'East Julian', '59973', 8.205846, 120.156016, '2021-02-22 10:44:41', '0000-00-00 00:00:00'),
(80, 50, 6, '[\"https:\\/\\/images.pexels.com\\/photos\\/821652\\/pexels-photo-821652.jpeg\",\"https:\\/\\/images.pexels.com\\/photos\\/1388947\\/technology-telephone-mobile-smart-1388947.jpeg\",\"https:\\/\\/images.pexels.com\\/photos\\/719399\\/pexels-photo-719399.jpeg\",\"https:\\/\\/images.pexels.com\\/photos\\/5053740\\/pexels-photo-5053740.jpeg\"]', 'https://images.pexels.com/photos/5053740/pexels-photo-5053740.jpeg', 0, 'Super titre 79', 'Optio iusto sit reiciendis eum facere et repudiandae. Vero quia sint consequuntur voluptas tenetur esse et aliquid. Quia itaque velit esse dolores incidunt.', 254, 'Port Heidi', '30751', -75.566535, -103.47406, '2021-02-22 10:44:41', '0000-00-00 00:00:00'),
(81, 89, 9, '[\"https:\\/\\/images.pexels.com\\/photos\\/821652\\/pexels-photo-821652.jpeg\",\"https:\\/\\/images.pexels.com\\/photos\\/1388947\\/technology-telephone-mobile-smart-1388947.jpeg\",\"https:\\/\\/images.pexels.com\\/photos\\/719399\\/pexels-photo-719399.jpeg\",\"https:\\/\\/images.pexels.com\\/photos\\/5053740\\/pexels-photo-5053740.jpeg\"]', 'https://images.pexels.com/photos/719399/pexels-photo-719399.jpeg', 0, 'Super titre 80', 'Magnam numquam porro voluptatum et quis fuga. In culpa rerum qui optio quos unde. Earum autem saepe animi odit.', 523, 'Gibsonmouth', '37827-8567', 2.112596, 171.921423, '2021-02-22 10:44:41', '0000-00-00 00:00:00'),
(82, 37, 14, '[\"https:\\/\\/images.pexels.com\\/photos\\/821652\\/pexels-photo-821652.jpeg\",\"https:\\/\\/images.pexels.com\\/photos\\/1388947\\/technology-telephone-mobile-smart-1388947.jpeg\",\"https:\\/\\/images.pexels.com\\/photos\\/719399\\/pexels-photo-719399.jpeg\",\"https:\\/\\/images.pexels.com\\/photos\\/5053740\\/pexels-photo-5053740.jpeg\"]', 'https://images.pexels.com/photos/1388947/technology-telephone-mobile-smart-1388947.jpeg', 0, 'Super titre 81', 'Nulla harum laboriosam numquam. Illum doloremque voluptatem consequuntur laborum delectus necessitatibus culpa.', 490, 'Geovannyburgh', '75661-6935', 69.195258, 125.307385, '2021-02-22 10:44:41', '0000-00-00 00:00:00'),
(83, 6, 20, '[\"https:\\/\\/images.pexels.com\\/photos\\/821652\\/pexels-photo-821652.jpeg\",\"https:\\/\\/images.pexels.com\\/photos\\/1388947\\/technology-telephone-mobile-smart-1388947.jpeg\",\"https:\\/\\/images.pexels.com\\/photos\\/719399\\/pexels-photo-719399.jpeg\",\"https:\\/\\/images.pexels.com\\/photos\\/5053740\\/pexels-photo-5053740.jpeg\"]', 'https://images.pexels.com/photos/5053740/pexels-photo-5053740.jpeg', 0, 'Super titre 82', 'Ullam vitae quia laborum dolorum. Cumque perferendis maiores magni et. Eum ab dolore at aliquid nesciunt delectus voluptatem. Dicta corrupti rerum omnis magnam dolor totam quidem.', 581, 'Mollymouth', '19943-4895', -68.727375, -9.662304, '2021-02-22 10:44:41', '0000-00-00 00:00:00'),
(84, 12, 22, '[\"https:\\/\\/images.pexels.com\\/photos\\/821652\\/pexels-photo-821652.jpeg\",\"https:\\/\\/images.pexels.com\\/photos\\/1388947\\/technology-telephone-mobile-smart-1388947.jpeg\",\"https:\\/\\/images.pexels.com\\/photos\\/719399\\/pexels-photo-719399.jpeg\",\"https:\\/\\/images.pexels.com\\/photos\\/5053740\\/pexels-photo-5053740.jpeg\"]', 'https://images.pexels.com/photos/821652/pexels-photo-821652.jpeg', 0, 'Super titre 83', 'Esse ducimus ut eum doloremque est ea qui deleniti. Qui ut et quas quas. Maiores magnam error harum nulla explicabo dolor aut. Eligendi tenetur quae veniam odit.', 556, 'Metzchester', '89332-0695', -79.825813, -29.784634, '2021-02-22 10:44:41', '0000-00-00 00:00:00'),
(85, 83, 0, '[\"https:\\/\\/images.pexels.com\\/photos\\/821652\\/pexels-photo-821652.jpeg\",\"https:\\/\\/images.pexels.com\\/photos\\/1388947\\/technology-telephone-mobile-smart-1388947.jpeg\",\"https:\\/\\/images.pexels.com\\/photos\\/719399\\/pexels-photo-719399.jpeg\",\"https:\\/\\/images.pexels.com\\/photos\\/5053740\\/pexels-photo-5053740.jpeg\"]', 'https://images.pexels.com/photos/719399/pexels-photo-719399.jpeg', 0, 'Super titre 84', 'Omnis voluptatum perspiciatis aut ipsa quas assumenda. Sed ex recusandae facere aut. Commodi illum quis beatae laboriosam eum aliquam. Dicta ipsum ea aspernatur vel quasi iusto sint.', 835, 'West Rowanmouth', '35492-7701', -31.64872, 134.721619, '2021-02-22 10:44:41', '0000-00-00 00:00:00'),
(86, 56, 21, '[\"https:\\/\\/images.pexels.com\\/photos\\/821652\\/pexels-photo-821652.jpeg\",\"https:\\/\\/images.pexels.com\\/photos\\/1388947\\/technology-telephone-mobile-smart-1388947.jpeg\",\"https:\\/\\/images.pexels.com\\/photos\\/719399\\/pexels-photo-719399.jpeg\",\"https:\\/\\/images.pexels.com\\/photos\\/5053740\\/pexels-photo-5053740.jpeg\"]', 'https://images.pexels.com/photos/5053740/pexels-photo-5053740.jpeg', 0, 'Super titre 85', 'Commodi nulla tenetur molestiae amet. Porro ullam voluptatem aliquam explicabo. Quis blanditiis et illum nulla ea laborum harum.', 899, 'Buckridgestad', '30170-9377', -61.884698, 25.525748, '2021-02-22 10:44:41', '0000-00-00 00:00:00'),
(87, 68, 20, '[\"https:\\/\\/images.pexels.com\\/photos\\/821652\\/pexels-photo-821652.jpeg\",\"https:\\/\\/images.pexels.com\\/photos\\/1388947\\/technology-telephone-mobile-smart-1388947.jpeg\",\"https:\\/\\/images.pexels.com\\/photos\\/719399\\/pexels-photo-719399.jpeg\",\"https:\\/\\/images.pexels.com\\/photos\\/5053740\\/pexels-photo-5053740.jpeg\"]', 'https://images.pexels.com/photos/5053740/pexels-photo-5053740.jpeg', 0, 'Super titre 86', 'Voluptatibus sint aut ut et. Aspernatur quia consectetur consequatur fugiat quod. Ut labore et et ea voluptates culpa doloremque excepturi. Voluptatem et et quis voluptatem qui maxime.', 427, 'North Christelle', '95956-0294', 61.188069, -24.847043, '2021-02-22 10:44:41', '0000-00-00 00:00:00'),
(88, 85, 8, '[\"https:\\/\\/images.pexels.com\\/photos\\/821652\\/pexels-photo-821652.jpeg\",\"https:\\/\\/images.pexels.com\\/photos\\/1388947\\/technology-telephone-mobile-smart-1388947.jpeg\",\"https:\\/\\/images.pexels.com\\/photos\\/719399\\/pexels-photo-719399.jpeg\",\"https:\\/\\/images.pexels.com\\/photos\\/5053740\\/pexels-photo-5053740.jpeg\"]', 'https://images.pexels.com/photos/821652/pexels-photo-821652.jpeg', 0, 'Super titre 87', 'Consequuntur et est ipsa eos consequatur rerum qui. Nam cum facilis dolorum aut eligendi officia ea. Quia non voluptas accusantium consectetur vero.', 400, 'Adrienton', '55997-1877', 20.108822, -150.71924, '2021-02-22 10:44:41', '0000-00-00 00:00:00'),
(89, 78, 5, '[\"https:\\/\\/images.pexels.com\\/photos\\/821652\\/pexels-photo-821652.jpeg\",\"https:\\/\\/images.pexels.com\\/photos\\/1388947\\/technology-telephone-mobile-smart-1388947.jpeg\",\"https:\\/\\/images.pexels.com\\/photos\\/719399\\/pexels-photo-719399.jpeg\",\"https:\\/\\/images.pexels.com\\/photos\\/5053740\\/pexels-photo-5053740.jpeg\"]', 'https://images.pexels.com/photos/821652/pexels-photo-821652.jpeg', 0, 'Super titre 88', 'Qui molestiae enim explicabo dignissimos et. Sit et excepturi exercitationem ab qui ea. Maiores maiores quasi numquam officia.', 393, 'Presleymouth', '31066-2798', 38.403243, 144.551465, '2021-02-22 10:44:41', '0000-00-00 00:00:00'),
(90, 92, 18, '[\"https:\\/\\/images.pexels.com\\/photos\\/821652\\/pexels-photo-821652.jpeg\",\"https:\\/\\/images.pexels.com\\/photos\\/1388947\\/technology-telephone-mobile-smart-1388947.jpeg\",\"https:\\/\\/images.pexels.com\\/photos\\/719399\\/pexels-photo-719399.jpeg\",\"https:\\/\\/images.pexels.com\\/photos\\/5053740\\/pexels-photo-5053740.jpeg\"]', 'https://images.pexels.com/photos/719399/pexels-photo-719399.jpeg', 0, 'Super titre 89', 'Et repudiandae est incidunt cum dicta. Suscipit illo temporibus temporibus vero ducimus. Est ut voluptatibus et ut maiores sed aut.', 541, 'Lake Constantinhaven', '06675', 19.158151, -104.312691, '2021-02-22 10:44:41', '0000-00-00 00:00:00'),
(91, 37, 15, '[\"https:\\/\\/images.pexels.com\\/photos\\/821652\\/pexels-photo-821652.jpeg\",\"https:\\/\\/images.pexels.com\\/photos\\/1388947\\/technology-telephone-mobile-smart-1388947.jpeg\",\"https:\\/\\/images.pexels.com\\/photos\\/719399\\/pexels-photo-719399.jpeg\",\"https:\\/\\/images.pexels.com\\/photos\\/5053740\\/pexels-photo-5053740.jpeg\"]', 'https://images.pexels.com/photos/821652/pexels-photo-821652.jpeg', 0, 'Super titre 90', 'Omnis quidem quibusdam architecto rerum nostrum. Temporibus consequuntur sed et eligendi aliquid aut dolorum.', 903, 'Maryton', '46278', -68.156173, 30.310825, '2021-02-22 10:44:41', '0000-00-00 00:00:00'),
(92, 78, 9, '[\"https:\\/\\/images.pexels.com\\/photos\\/821652\\/pexels-photo-821652.jpeg\",\"https:\\/\\/images.pexels.com\\/photos\\/1388947\\/technology-telephone-mobile-smart-1388947.jpeg\",\"https:\\/\\/images.pexels.com\\/photos\\/719399\\/pexels-photo-719399.jpeg\",\"https:\\/\\/images.pexels.com\\/photos\\/5053740\\/pexels-photo-5053740.jpeg\"]', 'https://images.pexels.com/photos/1388947/technology-telephone-mobile-smart-1388947.jpeg', 0, 'Super titre 91', 'Illo commodi dolor sunt necessitatibus. Voluptates minus voluptates laborum autem. Dolorem maiores maxime dolorem nam. Vel ratione voluptate rerum provident minus nesciunt.', 816, 'North Josefina', '64386-6762', 16.580225, -96.389751, '2021-02-22 10:44:41', '0000-00-00 00:00:00'),
(93, 4, 7, '[\"https:\\/\\/images.pexels.com\\/photos\\/821652\\/pexels-photo-821652.jpeg\",\"https:\\/\\/images.pexels.com\\/photos\\/1388947\\/technology-telephone-mobile-smart-1388947.jpeg\",\"https:\\/\\/images.pexels.com\\/photos\\/719399\\/pexels-photo-719399.jpeg\",\"https:\\/\\/images.pexels.com\\/photos\\/5053740\\/pexels-photo-5053740.jpeg\"]', 'https://images.pexels.com/photos/5053740/pexels-photo-5053740.jpeg', 0, 'Super titre 92', 'Voluptatum ad nihil dolorem vitae corporis tenetur non. Omnis distinctio quidem animi amet necessitatibus. Ut nemo dicta est id et eos in. Et asperiores sequi velit tempora magnam odio ut.', 901, 'Rustystad', '87402-9150', -70.421345, 25.360466, '2021-02-22 10:44:41', '0000-00-00 00:00:00'),
(94, 9, 20, '[\"https:\\/\\/images.pexels.com\\/photos\\/821652\\/pexels-photo-821652.jpeg\",\"https:\\/\\/images.pexels.com\\/photos\\/1388947\\/technology-telephone-mobile-smart-1388947.jpeg\",\"https:\\/\\/images.pexels.com\\/photos\\/719399\\/pexels-photo-719399.jpeg\",\"https:\\/\\/images.pexels.com\\/photos\\/5053740\\/pexels-photo-5053740.jpeg\"]', 'https://images.pexels.com/photos/719399/pexels-photo-719399.jpeg', 0, 'Super titre 93', 'Quidem esse odit ut nobis eaque eveniet. Quas aliquid dolor natus corporis hic nemo. Quia aut voluptas cum vitae tempora saepe autem.', 337, 'New Candelarioberg', '00639-4622', 80.559419, 102.768731, '2021-02-22 10:44:41', '0000-00-00 00:00:00'),
(95, 89, 0, '[\"https:\\/\\/images.pexels.com\\/photos\\/821652\\/pexels-photo-821652.jpeg\",\"https:\\/\\/images.pexels.com\\/photos\\/1388947\\/technology-telephone-mobile-smart-1388947.jpeg\",\"https:\\/\\/images.pexels.com\\/photos\\/719399\\/pexels-photo-719399.jpeg\",\"https:\\/\\/images.pexels.com\\/photos\\/5053740\\/pexels-photo-5053740.jpeg\"]', 'https://images.pexels.com/photos/821652/pexels-photo-821652.jpeg', 0, 'Super titre 94', 'Aut modi aut nulla. Repellat consequatur dignissimos deleniti hic tempore.', 984, 'Abdielhaven', '61157', -25.264873, 115.932893, '2021-02-22 10:44:41', '0000-00-00 00:00:00'),
(96, 74, 6, '[\"https:\\/\\/images.pexels.com\\/photos\\/821652\\/pexels-photo-821652.jpeg\",\"https:\\/\\/images.pexels.com\\/photos\\/1388947\\/technology-telephone-mobile-smart-1388947.jpeg\",\"https:\\/\\/images.pexels.com\\/photos\\/719399\\/pexels-photo-719399.jpeg\",\"https:\\/\\/images.pexels.com\\/photos\\/5053740\\/pexels-photo-5053740.jpeg\"]', 'https://images.pexels.com/photos/821652/pexels-photo-821652.jpeg', 0, 'Super titre 95', 'Ut voluptas omnis neque sit. Nemo non iste hic dolorum. Modi dicta quo natus voluptas.', 385, 'New Kiel', '92663-5989', -72.022666, 125.809715, '2021-02-22 10:44:41', '0000-00-00 00:00:00'),
(97, 33, 18, '[\"https:\\/\\/images.pexels.com\\/photos\\/821652\\/pexels-photo-821652.jpeg\",\"https:\\/\\/images.pexels.com\\/photos\\/1388947\\/technology-telephone-mobile-smart-1388947.jpeg\",\"https:\\/\\/images.pexels.com\\/photos\\/719399\\/pexels-photo-719399.jpeg\",\"https:\\/\\/images.pexels.com\\/photos\\/5053740\\/pexels-photo-5053740.jpeg\"]', 'https://images.pexels.com/photos/1388947/technology-telephone-mobile-smart-1388947.jpeg', 0, 'Super titre 96', 'Occaecati nisi totam mollitia voluptas voluptatem consectetur. Expedita nostrum aspernatur ut illo id. Ipsa quas maxime necessitatibus et. Vel illo suscipit repellendus officia ea veritatis.', 636, 'East Barbaraside', '60077-4626', -41.629195, 109.519464, '2021-02-22 10:44:41', '0000-00-00 00:00:00'),
(98, 99, 3, '[\"https:\\/\\/images.pexels.com\\/photos\\/821652\\/pexels-photo-821652.jpeg\",\"https:\\/\\/images.pexels.com\\/photos\\/1388947\\/technology-telephone-mobile-smart-1388947.jpeg\",\"https:\\/\\/images.pexels.com\\/photos\\/719399\\/pexels-photo-719399.jpeg\",\"https:\\/\\/images.pexels.com\\/photos\\/5053740\\/pexels-photo-5053740.jpeg\"]', 'https://images.pexels.com/photos/1388947/technology-telephone-mobile-smart-1388947.jpeg', 0, 'Super titre 97', 'Iure blanditiis dignissimos optio vel et. Placeat sapiente veniam numquam rerum saepe ea. Dolorem reiciendis natus fugit repellat laboriosam.', 332, 'Charlotteshire', '11309-7497', 58.192484, 12.201231, '2021-02-22 10:44:41', '0000-00-00 00:00:00'),
(99, 85, 22, '[\"https:\\/\\/images.pexels.com\\/photos\\/821652\\/pexels-photo-821652.jpeg\",\"https:\\/\\/images.pexels.com\\/photos\\/1388947\\/technology-telephone-mobile-smart-1388947.jpeg\",\"https:\\/\\/images.pexels.com\\/photos\\/719399\\/pexels-photo-719399.jpeg\",\"https:\\/\\/images.pexels.com\\/photos\\/5053740\\/pexels-photo-5053740.jpeg\"]', 'https://images.pexels.com/photos/821652/pexels-photo-821652.jpeg', 0, 'Super titre 98', 'Id et velit est totam. Quod blanditiis quia tenetur et exercitationem rerum sint. Ut aut cumque aut in non. Fugit adipisci quaerat non a corrupti.', 397, 'East Libbie', '41694', -70.780212, -41.675904, '2021-02-22 10:44:41', '0000-00-00 00:00:00'),
(100, 68, 13, '[\"https:\\/\\/images.pexels.com\\/photos\\/821652\\/pexels-photo-821652.jpeg\",\"https:\\/\\/images.pexels.com\\/photos\\/1388947\\/technology-telephone-mobile-smart-1388947.jpeg\",\"https:\\/\\/images.pexels.com\\/photos\\/719399\\/pexels-photo-719399.jpeg\",\"https:\\/\\/images.pexels.com\\/photos\\/5053740\\/pexels-photo-5053740.jpeg\"]', 'https://images.pexels.com/photos/5053740/pexels-photo-5053740.jpeg', 0, 'Super titre 99', 'Perspiciatis ut pariatur vel aut explicabo ab. Molestiae nulla debitis amet voluptas minus qui. Ullam quis voluptatum totam laborum culpa.', 174, 'South Jennie', '90395', -11.520438, -68.762834, '2021-02-22 10:44:41', '0000-00-00 00:00:00');

-- --------------------------------------------------------

--
-- Structure de la table `reviews`
--

CREATE TABLE `reviews` (
  `id` int(11) NOT NULL,
  `id_reviewed` int(11) NOT NULL,
  `id_reviewer` int(11) NOT NULL,
  `score` double NOT NULL,
  `comment` tinytext DEFAULT NULL,
  `created_at` datetime NOT NULL DEFAULT current_timestamp(),
  `updated_at` datetime NOT NULL DEFAULT '0000-00-00 00:00:00' ON UPDATE current_timestamp()
) ENGINE=InnoDB DEFAULT CHARSET=utf8mb4;

--
-- Déchargement des données de la table `reviews`
--

INSERT INTO `reviews` (`id`, `id_reviewed`, `id_reviewer`, `score`, `comment`, `created_at`, `updated_at`) VALUES
(1, 66, 101, 3.5, 'Travil très moyen mais ersonne disponible et sourainate', '2021-02-16 14:00:34', '0000-00-00 00:00:00');

-- --------------------------------------------------------

--
-- Structure de la table `skills`
--

CREATE TABLE `skills` (
  `id` int(11) NOT NULL,
  `name` varchar(100) NOT NULL,
  `id_breakdown_category` int(11) NOT NULL,
  `created_at` datetime NOT NULL DEFAULT current_timestamp(),
  `updated_at` datetime NOT NULL DEFAULT '0000-00-00 00:00:00' ON UPDATE current_timestamp()
) ENGINE=InnoDB DEFAULT CHARSET=utf8mb4;

--
-- Déchargement des données de la table `skills`
--

INSERT INTO `skills` (`id`, `name`, `id_breakdown_category`, `created_at`, `updated_at`) VALUES
(1, 'Formattage/redémarrage', 1, '2021-02-22 10:44:41', '0000-00-00 00:00:00'),
(2, 'Installation Système exploitation', 1, '2021-02-22 10:44:41', '0000-00-00 00:00:00'),
(3, 'Changement de pièce', 1, '2021-02-22 10:44:41', '0000-00-00 00:00:00'),
(4, 'Changement de pièce', 2, '2021-02-22 10:44:41', '0000-00-00 00:00:00'),
(5, 'Installation périphérique', 2, '2021-02-22 10:44:41', '0000-00-00 00:00:00'),
(6, 'Assemblage ordinateur', 2, '2021-02-22 10:44:41', '0000-00-00 00:00:00'),
(7, 'Installation Système exploitation', 3, '2021-02-22 10:44:41', '0000-00-00 00:00:00'),
(8, 'Installation logiciel', 3, '2021-02-22 10:44:41', '0000-00-00 00:00:00'),
(9, 'Cours/Aide à l\'utilisation', 4, '2021-02-22 10:44:41', '0000-00-00 00:00:00'),
(10, 'Apple iOS', 5, '2021-02-22 10:44:41', '0000-00-00 00:00:00'),
(11, 'Android', 5, '2021-02-22 10:44:41', '0000-00-00 00:00:00'),
(12, 'Windows Phone', 5, '2021-02-22 10:44:41', '0000-00-00 00:00:00'),
(13, 'Apple iOS', 6, '2021-02-22 10:44:41', '0000-00-00 00:00:00'),
(14, 'Android', 6, '2021-02-22 10:44:41', '0000-00-00 00:00:00'),
(15, 'Windows Phone', 6, '2021-02-22 10:44:41', '0000-00-00 00:00:00'),
(16, 'Apple iOS', 7, '2021-02-22 10:44:41', '0000-00-00 00:00:00'),
(17, 'Android', 7, '2021-02-22 10:44:41', '0000-00-00 00:00:00'),
(18, 'Windows Phone', 7, '2021-02-22 10:44:41', '0000-00-00 00:00:00'),
(19, 'Installation box', 9, '2021-02-22 10:44:41', '0000-00-00 00:00:00'),
(20, 'Configuration réseau', 10, '2021-02-22 10:44:41', '0000-00-00 00:00:00'),
(21, 'Configuration réseau', 11, '2021-02-22 10:44:41', '0000-00-00 00:00:00'),
(22, 'Installation (gros/petit)', 13, '2021-02-22 10:44:41', '0000-00-00 00:00:00'),
(23, 'Réparation/Entretien petit', 14, '2021-02-22 10:44:41', '0000-00-00 00:00:00'),
(24, 'Réparation/Entretien gros', 15, '2021-02-22 10:44:41', '0000-00-00 00:00:00'),
(25, 'Réparation', 16, '2021-02-22 10:44:41', '0000-00-00 00:00:00'),
(26, 'Changer le stockage', 16, '2021-02-22 10:44:41', '0000-00-00 00:00:00'),
(27, 'Réparation', 17, '2021-02-22 10:44:41', '0000-00-00 00:00:00'),
(28, 'Changer le stockage', 17, '2021-02-22 10:44:41', '0000-00-00 00:00:00'),
(29, 'Réparation', 18, '2021-02-22 10:44:41', '0000-00-00 00:00:00'),
(30, 'Changer le stockage', 18, '2021-02-22 10:44:41', '0000-00-00 00:00:00'),
(31, 'Réparation', 19, '2021-02-22 10:44:41', '0000-00-00 00:00:00'),
(32, 'Changer le stockage', 19, '2021-02-22 10:44:41', '0000-00-00 00:00:00'),
(33, 'Installation/Configuration TV', 20, '2021-02-22 10:44:41', '0000-00-00 00:00:00'),
(34, 'Réparation TV', 20, '2021-02-22 10:44:41', '0000-00-00 00:00:00'),
(35, 'Installation audio/vidéo', 21, '2021-02-22 10:44:41', '0000-00-00 00:00:00'),
(36, 'Configuration audio/vidéo', 21, '2021-02-22 10:44:41', '0000-00-00 00:00:00'),
(37, 'Réparation', 21, '2021-02-22 10:44:41', '0000-00-00 00:00:00'),
(38, 'Installation audio/vidéo', 22, '2021-02-22 10:44:41', '0000-00-00 00:00:00'),
(39, 'Configuration audio/vidéo', 22, '2021-02-22 10:44:41', '0000-00-00 00:00:00'),
(40, 'Réparation', 22, '2021-02-22 10:44:41', '0000-00-00 00:00:00');

-- --------------------------------------------------------

--
-- Structure de la table `users`
--

CREATE TABLE `users` (
  `id` int(11) NOT NULL,
  `avatar` varchar(255) DEFAULT NULL,
  `username` varchar(25) NOT NULL,
  `firstname` varchar(25) DEFAULT NULL,
  `lastname` varchar(25) DEFAULT NULL,
  `birthdate` date DEFAULT NULL,
  `email` varchar(50) NOT NULL,
  `adress` varchar(255) DEFAULT NULL,
  `city` varchar(55) DEFAULT NULL,
  `postal_code` varchar(15) DEFAULT NULL,
  `phone_number` varchar(25) DEFAULT NULL,
  `password` varchar(255) NOT NULL,
  `lat` double DEFAULT NULL,
  `lon` double DEFAULT NULL,
  `is_helper` tinyint(1) NOT NULL DEFAULT 0,
  `is_admin` tinyint(1) NOT NULL DEFAULT 0,
  `created_at` datetime NOT NULL DEFAULT current_timestamp(),
  `updated_at` datetime NOT NULL DEFAULT '0000-00-00 00:00:00' ON UPDATE current_timestamp()
) ENGINE=InnoDB DEFAULT CHARSET=utf8mb4;

--
-- Déchargement des données de la table `users`
--

INSERT INTO `users` (`id`, `avatar`, `username`, `firstname`, `lastname`, `birthdate`, `email`, `adress`, `city`, `postal_code`, `phone_number`, `password`, `lat`, `lon`, `is_helper`, `is_admin`, `created_at`, `updated_at`) VALUES
(1, NULL, 'deanna.oberbrunner', 'Schinner', 'Merlin', '2005-12-01', 'turner.blanda@keebler.com', '86454 Carleton Road\nWest Coralie, VA 69461-7886', NULL, NULL, '1-663-386-2787 x6631', '$2y$10$qwXb8N6EkEIGxAQjtWXa/evrDIHrohCrQikcF3IUD.F4m4Rx6VZLi', NULL, NULL, 0, 0, '2021-02-22 10:44:34', '0000-00-00 00:00:00'),
(2, NULL, 'emilio50', 'Nienow', 'Alexandro', '2016-04-12', 'buckridge.francesco@graham.org', '424 Carroll Brook\nEast Javontetown, MS 81506-1036', NULL, NULL, '719-284-2541', '$2y$10$EwXn2YAe6KxvIaUjMJ3WLODqRFnU6MClFX7ztdGBaPqjToN2A99aG', NULL, NULL, 0, 0, '2021-02-22 10:44:34', '0000-00-00 00:00:00'),
(3, NULL, 'maeve90', 'Bechtelar', 'Darby', '2016-09-17', 'monserrat.feest@senger.com', '222 Swaniawski Overpass\nErikchester, NH 27679-8894', NULL, NULL, '+1-351-231-0864', '$2y$10$A5BWAPtoM5a7V4c924sOKetMOJjt/8mEccbs2wpWm4UxLiRc3fnGe', NULL, NULL, 0, 0, '2021-02-22 10:44:34', '0000-00-00 00:00:00'),
(4, NULL, 'torphy.lynn', 'Abernathy', 'Ian', '1995-11-23', 'konopelski.abby@turcotte.com', '72474 Schoen Burg\nNew Siennafurt, SC 22693-7211', NULL, NULL, '(247) 297-3079 x09293', '$2y$10$zsyOn5QsTOtvbEzsB60r3e/pFK2bWVQALHq/2D9nkkhWogYdySRbe', NULL, NULL, 0, 0, '2021-02-22 10:44:35', '0000-00-00 00:00:00'),
(5, NULL, 'julianne.rowe', 'Ernser', 'Arnold', '1972-07-08', 'rosina.zboncak@yahoo.com', '4174 Runolfsdottir Club\nNorth Calebport, MI 04417', NULL, NULL, '(778) 959-1656 x29392', '$2y$10$eRQiE5K//hfZtHaMsZhaN.2b1zUgz.hDI1UItCJlericoYlkGmsMy', NULL, NULL, 0, 0, '2021-02-22 10:44:35', '0000-00-00 00:00:00'),
(6, NULL, 'jabari.beer', 'Johns', 'Marianna', '1979-11-08', 'knicolas@hoeger.com', '63012 Kemmer Walk Apt. 340\nChristinabury, SC 30875-2910', NULL, NULL, '(850) 436-5018 x84996', '$2y$10$NLdXt/drXQIN7sD4y9Z.m.e3PG.2DVupzSxFaYZNDNaF.yTO59EhW', NULL, NULL, 0, 0, '2021-02-22 10:44:35', '0000-00-00 00:00:00'),
(7, NULL, 'xmayert', 'Lueilwitz', 'Keenan', '1989-04-30', 'muhammad.abernathy@yahoo.com', '31021 Cassin Valleys\nCummingsbury, HI 14561-5753', NULL, NULL, '+1 (803) 578-8484', '$2y$10$L5tgUjLnhSx5Q03hs.F9mOFMY.IRlvDQ8ncOZWFGNY.ZApQvvrj7e', NULL, NULL, 0, 0, '2021-02-22 10:44:35', '0000-00-00 00:00:00'),
(8, NULL, 'tressa84', 'Heidenreich', 'Logan', '1994-03-16', 'franecki.roosevelt@yahoo.com', '2713 Denesik River Apt. 405\nHuelstad, IL 50225-9054', NULL, NULL, '431.668.2905 x521', '$2y$10$V/B/Mpc5mhwErxIi/CMrNO.nveA2fSsCcfXQTUAoPnr.TfmiMTT/i', NULL, NULL, 0, 0, '2021-02-22 10:44:35', '0000-00-00 00:00:00'),
(9, NULL, 'alaina.wintheiser', 'Kling', 'Ashlynn', '2011-05-17', 'gerhold.lenore@prosacco.info', '1659 Ashleigh Grove\nKathleenville, MN 96997', NULL, NULL, '778-214-0684 x81756', '$2y$10$fLUPDZ.LCtf3yCQ4EVlCGOQ4og/pdp1c8qKTmFK4cQF9E.IZHOPVC', NULL, NULL, 0, 0, '2021-02-22 10:44:35', '0000-00-00 00:00:00'),
(10, NULL, 'igraham', 'Schaefer', 'Harvey', '2018-09-13', 'khalil.crooks@hotmail.com', '84397 Melvin Pines\nSouth Elmoreshire, TX 34142', NULL, NULL, '(639) 506-9921 x92204', '$2y$10$dhEIUbqYTC.9S2YXJCuQQ.v9GV/R/mwDByDanl0P2QJsXow5B7pIC', NULL, NULL, 0, 0, '2021-02-22 10:44:35', '0000-00-00 00:00:00'),
(11, NULL, 'ward.llewellyn', 'Tromp', 'Katarina', '1995-02-14', 'felipa.runte@yahoo.com', '6666 Jenifer Prairie\nSchmelermouth, CT 99076', NULL, NULL, '+1 (868) 320-2465', '$2y$10$Ep9nWq2mmzOYx8630oMSHebC0/fiqnXug9dnVvnlMWl0PF16kWAsu', NULL, NULL, 0, 0, '2021-02-22 10:44:35', '0000-00-00 00:00:00'),
(12, NULL, 'lockman.lawrence', 'Gibson', 'Sabina', '2000-08-21', 'elva06@howell.com', '508 Alanis Island Apt. 185\nPort Louieland, MO 59515-6706', NULL, NULL, '270.646.8383 x703', '$2y$10$8WrMS4ZhTAhV6mZBUzNbwefnu9BlNpDrx.zwJNcaTjQW0/lLj2MoK', NULL, NULL, 0, 0, '2021-02-22 10:44:35', '0000-00-00 00:00:00'),
(13, NULL, 'zieme.alvis', 'Torp', 'Gladys', '1985-09-18', 'mohr.nakia@funk.com', '29291 Jammie Forge\nNorth Evebury, OR 25630-4549', NULL, NULL, '+13345173233', '$2y$10$elGFa4fxmhCAiymiAbakD.lu3Bfp/sQOUJ/mZyJtpEaOqdsPI10Om', NULL, NULL, 0, 0, '2021-02-22 10:44:35', '0000-00-00 00:00:00'),
(14, NULL, 'alex76', 'Bayer', 'Demetrius', '2012-02-02', 'mcdermott.pearl@mann.biz', '631 Ratke Vista\nWildermanbury, CO 05584-3859', NULL, NULL, '(797) 572-0235', '$2y$10$u8Lofyg2rax1mSPkS6GKNu7RxvF060jsSVsHgq.KnL3oLOLEXorKW', NULL, NULL, 0, 0, '2021-02-22 10:44:35', '0000-00-00 00:00:00'),
(15, NULL, 'jbaumbach', 'Larkin', 'Cecilia', '2011-07-14', 'bogan.emie@koss.com', '792 Jennifer Flat Apt. 270\nWest Lenna, LA 63205', NULL, NULL, '1-569-470-7695 x0413', '$2y$10$Eu8RiIk0Q6J1ziFela7NMOZ8Ld2cS6MJfc8V0.Cayz0hxNpJxp9K.', NULL, NULL, 0, 0, '2021-02-22 10:44:35', '0000-00-00 00:00:00'),
(16, NULL, 'ldoyle', 'Klein', 'Gladyce', '1971-06-09', 'dswaniawski@yahoo.com', '186 Vandervort Springs\nHellerberg, MD 01965-2485', NULL, NULL, '451-493-9175 x30109', '$2y$10$wNX.YNdEQUPyTLxzXh2f4OJOL.aX4.5IfMzHodZ41Yc3xHY30vlWe', NULL, NULL, 0, 0, '2021-02-22 10:44:35', '0000-00-00 00:00:00'),
(17, NULL, 'jkoch', 'Beatty', 'Mary', '1981-10-08', 'ayundt@heller.com', '21162 Hailee Circles Suite 183\nHansmouth, OK 87624-5244', NULL, NULL, '1-873-726-0519 x042', '$2y$10$myfbzSqv5sCG3BvsfdqBWOQWgzEUrYP.mJ9Dq02Y8aPEeNqEGEYo2', NULL, NULL, 0, 0, '2021-02-22 10:44:35', '0000-00-00 00:00:00'),
(18, NULL, 'rreilly', 'Conroy', 'Meta', '1986-11-20', 'cole.jaylin@ward.com', '4590 Sawayn Radial\nBatzshire, OK 44071', NULL, NULL, '(362) 230-0560', '$2y$10$3FjVYCUu7zbAPI5W2qJfCOxZ0nJJh0SYIjWWHFd4JkAJ2mfsX10e6', NULL, NULL, 0, 0, '2021-02-22 10:44:35', '0000-00-00 00:00:00'),
(19, NULL, 'tyson40', 'Rath', 'Abigale', '1999-03-06', 'herman.joe@gmail.com', '3788 Jamir Streets\nEast Loniemouth, WI 69493-5448', NULL, NULL, '1-965-771-1322', '$2y$10$zhoh99Qu8zBf/W9ZBe228eZ5deibJIDS6xd.c9jVFJKmjt9/bYYTq', NULL, NULL, 0, 0, '2021-02-22 10:44:35', '0000-00-00 00:00:00'),
(20, NULL, 'august91', 'Predovic', 'Taryn', '1971-10-13', 'lavada38@dare.com', '21994 Germaine Crest\nNorth Monte, WA 48704-5902', NULL, NULL, '1-489-589-6333 x54501', '$2y$10$9TPJZ74cxqToIsoLAgbRLORXSH97nDefzdcVZaWbKIL0AXa6DS4qe', NULL, NULL, 0, 0, '2021-02-22 10:44:35', '0000-00-00 00:00:00'),
(21, NULL, 'edwardo25', 'Goodwin', 'Kendra', '2015-01-29', 'zora.goodwin@gmail.com', '64796 Cassin Lights\nNew Dell, DE 00453', NULL, NULL, '(247) 688-7484 x9550', '$2y$10$1TB5.cqqSahvrijVoRo/AOE4J9zVV6YFeqB.3vR3Hh7Gt1s.tHiwe', NULL, NULL, 0, 0, '2021-02-22 10:44:36', '0000-00-00 00:00:00'),
(22, NULL, 'bernhard.rosetta', 'Gulgowski', 'Colby', '1993-05-01', 'skyla48@gmail.com', '187 Isaac Mountain Apt. 062\nJacinthebury, AR 42700-4558', NULL, NULL, '+1.716.642.7565', '$2y$10$KlKMqMiay6ou8fLfEs9/uuTKuISv5hg4P9qR6YoOmea1HmaU06pxq', NULL, NULL, 0, 0, '2021-02-22 10:44:36', '0000-00-00 00:00:00'),
(23, NULL, 'gustave.doyle', 'Brekke', 'Claud', '1989-10-26', 'trunte@harber.com', '4963 Windler Cape Suite 599\nBlickbury, KY 91331-8923', NULL, NULL, '659-626-0529 x411', '$2y$10$7BoVevnvXLUlBVkWMEepwOKJksjVx4uhyDkI4wCFWMFchI4hPuY8C', NULL, NULL, 0, 0, '2021-02-22 10:44:36', '0000-00-00 00:00:00'),
(24, NULL, 'johnson.maddison', 'Blick', 'Stanford', '1973-05-26', 'emerald63@hotmail.com', '360 Brakus Curve Suite 611\nTatetown, AR 56179-8224', NULL, NULL, '627-753-3212 x52532', '$2y$10$RoeB6stGTr7aCNWbzmjgi.b9U/4fiqJEe19aUYa3HhWLT/F/DyzuG', NULL, NULL, 0, 0, '2021-02-22 10:44:36', '0000-00-00 00:00:00'),
(25, NULL, 'maggio.mason', 'Ward', 'Angelica', '2019-06-21', 'forrest08@sporer.net', '4058 Jacinto Isle\nEast Webster, NE 63728', NULL, NULL, '(953) 538-5283', '$2y$10$whjewD5JSSS3Dfx4Nh2CHel5VX259fxYiNlAonPgHcHSdL2N5yAAK', NULL, NULL, 0, 0, '2021-02-22 10:44:36', '0000-00-00 00:00:00'),
(26, NULL, 'leuschke.guido', 'Dare', 'Zachery', '1991-06-12', 'marisa95@witting.com', '596 Hahn Mountain Suite 924\nWittingfurt, WY 01231', NULL, NULL, '1-649-479-1164 x94718', '$2y$10$FYF/VJIWeZHLZOj/WR8mDeRwLIXLu.tb4Z9lTeESey6wQo961Z7fC', NULL, NULL, 0, 0, '2021-02-22 10:44:36', '0000-00-00 00:00:00'),
(27, NULL, 'salvatore31', 'Larson', 'Elza', '1994-08-08', 'nick82@hotmail.com', '2591 Morar Crossing Suite 911\nPort Neldaborough, IN 31741', NULL, NULL, '489-414-6428 x0022', '$2y$10$8ED.es0cwj9xNB5MCqI.XOqXLZET3cGc0GfH.GnYvinhEOpuXaL0u', NULL, NULL, 0, 0, '2021-02-22 10:44:36', '0000-00-00 00:00:00'),
(28, NULL, 'moen.myrl', 'Muller', 'Sebastian', '2016-04-21', 'conroy.claudia@hotmail.com', '1812 Goodwin Islands Suite 600\nNorth Sydni, IN 00478-7676', NULL, NULL, '(697) 270-5363 x01152', '$2y$10$akSKaI8Grxx2pfVe88tY9.hHTi3lGW1Kf0eFgFE6zK9XFUR4Y5eI6', NULL, NULL, 0, 0, '2021-02-22 10:44:36', '0000-00-00 00:00:00'),
(29, NULL, 'dkuhlman', 'D\'Amore', 'Christelle', '1987-07-11', 'loyce55@gmail.com', '8280 Augustus Bypass Suite 745\nCrooksstad, AR 83310-3860', NULL, NULL, '790.235.7855 x9013', '$2y$10$Xa1yJqqvmdsK8r.AfyCCo.1CXCzPaBicUc/2sSjvmpDkacJgOehYe', NULL, NULL, 0, 0, '2021-02-22 10:44:36', '0000-00-00 00:00:00'),
(30, NULL, 'ruecker.tressie', 'Wolf', 'Josiane', '2009-05-15', 'thartmann@yahoo.com', '4243 Jairo Street Apt. 284\nMcKenzieborough, UT 73955-8298', NULL, NULL, '904-923-4259 x6115', '$2y$10$vI0uiwOC9F5bAWhuKEAz.ugbbl.qCtu4hfgFaijBc90sR5vYjExJ.', NULL, NULL, 0, 0, '2021-02-22 10:44:36', '0000-00-00 00:00:00'),
(31, NULL, 'kyra.zieme', 'Blanda', 'Josiane', '2012-07-19', 'dustin73@gmail.com', '9595 Sabryna Club\nDrakeburgh, NC 21750', NULL, NULL, '893-233-9077 x44513', '$2y$10$UgxcbHlIwW/QbIowXxpVpuwikHGKRMeqqDriOEnr3OYHF/z.Tt78S', NULL, NULL, 0, 0, '2021-02-22 10:44:36', '0000-00-00 00:00:00'),
(32, NULL, 'florence56', 'Reinger', 'Eulalia', '2003-05-14', 'hettie98@hoeger.com', '298 Langosh Knoll Suite 474\nKaylahshire, CA 96711-1679', NULL, NULL, '+1 (835) 306-7301', '$2y$10$pQBu/mfpQHeLMHO0gYXgXeDwWu0KLAYrFam1Q2.hXytUiXB0jPiHm', NULL, NULL, 0, 0, '2021-02-22 10:44:36', '0000-00-00 00:00:00'),
(33, NULL, 'milan.lehner', 'Cartwright', 'Susanna', '2014-02-13', 'lina.padberg@ohara.com', '612 Rutherford Field Suite 296\nNorth Ronnytown, TN 47089', NULL, NULL, '1-751-906-3535 x85391', '$2y$10$xUk130/ZrwxCSoMSlFuCau1rVuDLuHx97eyQwEY5j.tHduW7u76q6', NULL, NULL, 0, 0, '2021-02-22 10:44:36', '0000-00-00 00:00:00'),
(34, NULL, 'laisha.king', 'Harvey', 'Orin', '1998-08-09', 'gschneider@waelchi.info', '22027 Ronaldo Brook Apt. 337\nWaltertown, AR 83253-2743', NULL, NULL, '971-268-3157 x3314', '$2y$10$QnWTx7E3Zf6Ge6d6P3.nVuvcvgu7aJh6JmqfwobUWnRdsZmKNFauC', NULL, NULL, 0, 0, '2021-02-22 10:44:36', '0000-00-00 00:00:00'),
(35, NULL, 'jayme.welch', 'Becker', 'Anissa', '1983-12-09', 'jerrell.littel@yahoo.com', '3224 Else Oval Apt. 464\nPort Antwon, CO 71952', NULL, NULL, '+1.708.672.2875', '$2y$10$s9u3mHRqC37Wvi60OTYFd.GFmhX4lXgABkdFvC.zoJ2B3EFWVDGUq', NULL, NULL, 0, 0, '2021-02-22 10:44:36', '0000-00-00 00:00:00'),
(36, NULL, 'dandre14', 'Nicolas', 'Ethel', '2003-04-16', 'sincere93@hotmail.com', '389 Lubowitz Locks Suite 644\nHudsonmouth, NY 89264', NULL, NULL, '640-460-0842', '$2y$10$84Fkkhh8BbawdkmNq8UG2.Mu4pNwr2i68aQb7WblgnpO9XkGkSBay', NULL, NULL, 0, 0, '2021-02-22 10:44:36', '0000-00-00 00:00:00'),
(37, NULL, 'alessandro.roberts', 'Mohr', 'Amari', '2005-05-19', 'magdalen.bauch@leannon.org', '31178 Corkery Skyway\nEast Vaughnburgh, MA 22325', NULL, NULL, '1-545-615-4592', '$2y$10$axk7kt7S5aNE9EG5ndjUZujfis6hGklHN4u8rE1d.9a0.V5eXZKAu', NULL, NULL, 0, 0, '2021-02-22 10:44:37', '0000-00-00 00:00:00'),
(38, NULL, 'mcdermott.lue', 'Ankunding', 'Nat', '2010-08-12', 'jmurazik@boehm.info', '308 Dach Street Suite 492\nValerieside, NY 73501', NULL, NULL, '+16593054580', '$2y$10$rM/MXjLb0uPeKYTyM95JBOm0.k1VXIn0JrvxQYrAWwiN3Ryi3R30a', NULL, NULL, 0, 0, '2021-02-22 10:44:37', '0000-00-00 00:00:00'),
(39, NULL, 'ferry.felix', 'Hills', 'Katherine', '1987-09-30', 'ziemann.nyah@hotmail.com', '791 Luna Mission Apt. 095\nSouth Casper, GA 40573-5713', NULL, NULL, '(941) 513-9470', '$2y$10$28UMr4.t/nogDGGxG6/vk.cKTkgH/SxVeruawYnb7NVEREqORoKZu', NULL, NULL, 0, 0, '2021-02-22 10:44:37', '0000-00-00 00:00:00'),
(40, NULL, 'isadore92', 'Schimmel', 'Jakayla', '2010-03-22', 'odicki@luettgen.com', '48996 Bailey Underpass\nGladysstad, KS 86333-4982', NULL, NULL, '990-966-1584 x031', '$2y$10$mX6JvWuni6AM3OcvuOi.k.psAs8EPcDh7/qB7v.o.eYgA.O9rOHcC', NULL, NULL, 0, 0, '2021-02-22 10:44:37', '0000-00-00 00:00:00'),
(41, NULL, 'nlangworth', 'Koelpin', 'Rebecca', '1984-07-18', 'wmuller@walker.net', '9840 Troy Path Suite 354\nNew Elijahfurt, KY 99909', NULL, NULL, '419.972.6575 x81785', '$2y$10$1j0M/Lk3Mjz4fmfa9YBYuOQtNMsWgkZh1iDF52K.lS9coacAHiAQ.', NULL, NULL, 0, 0, '2021-02-22 10:44:37', '0000-00-00 00:00:00'),
(42, NULL, 'nreichel', 'Witting', 'Harley', '2015-07-28', 'dconsidine@trantow.com', '118 Dickens Stream\nEast Augustineview, DC 86548-9012', NULL, NULL, '539-227-6307', '$2y$10$zkuEBQaIsbrR1IEg8yrbgOxSW4Kx7ndPXjXrN5/VDgxa1r4JReMSK', NULL, NULL, 0, 0, '2021-02-22 10:44:37', '0000-00-00 00:00:00'),
(43, NULL, 'xcrooks', 'Gerlach', 'Wilmer', '1990-09-17', 'ipadberg@klocko.com', '75770 Braun Heights Suite 393\nPort Davonte, NC 23625-0496', NULL, NULL, '1-718-635-0635', '$2y$10$nqwscziz/4YmyZrrG2WFbOhYZzhHpVuGCZS38jjxsta5TXDlBhiwe', NULL, NULL, 0, 0, '2021-02-22 10:44:37', '0000-00-00 00:00:00'),
(44, NULL, 'lkunde', 'Herzog', 'Lyla', '1987-07-28', 'green.nikita@yahoo.com', '857 Dayne Rue\nSouth Jevonshire, AR 98262-0046', NULL, NULL, '558.912.7548 x720', '$2y$10$bnrGrGtEex2W.cUQ9g0one1gHZpwZOtM92tCqxrF3EWndCh8JzmDy', NULL, NULL, 0, 0, '2021-02-22 10:44:37', '0000-00-00 00:00:00'),
(45, NULL, 'savanah61', 'O\'Conner', 'Rae', '1976-02-26', 'kenna.bernhard@yahoo.com', '7353 Wendell Dam\nSouth Emilie, NY 51477', NULL, NULL, '1-310-580-0728', '$2y$10$EW.vc.sBWAVI13qIl/9Nb.Ojqs6YZrVVnnt2.yqiGcICAF9Z6HQjC', NULL, NULL, 0, 0, '2021-02-22 10:44:37', '0000-00-00 00:00:00'),
(46, NULL, 'jwilderman', 'Goodwin', 'Serena', '1993-06-24', 'royce.boyer@gmail.com', '53596 Leland Rapid Apt. 400\nBayerchester, OK 03133', NULL, NULL, '1-589-504-1481 x1030', '$2y$10$69/yn9CYI8R08H/9H9c9P./v6u1fpFp5vp5ScFIpUnR9lD.rRZy4a', NULL, NULL, 0, 0, '2021-02-22 10:44:37', '0000-00-00 00:00:00'),
(47, NULL, 'stark.freeda', 'Willms', 'Michaela', '1974-03-06', 'marjory36@abernathy.com', '2410 Tillman Isle\nNew Kennethport, SC 82430-3173', NULL, NULL, '+1-305-301-1657', '$2y$10$VNiEWvTt5bfVbiTDqYPfsedBtUmCShiIJ9GQ08NehSpB7cJQZenii', NULL, NULL, 0, 0, '2021-02-22 10:44:37', '0000-00-00 00:00:00'),
(48, NULL, 'guillermo.thiel', 'Strosin', 'Brown', '2004-09-27', 'donnelly.prince@hotmail.com', '96352 Kayla Tunnel\nNorth Kaci, MT 97442-8609', NULL, NULL, '1-729-485-7436', '$2y$10$U5BxPS9pXG0YjZ4r/qFDl.oXoO1oziBwR0N3evvROc4grVIlHcZFa', NULL, NULL, 0, 0, '2021-02-22 10:44:37', '0000-00-00 00:00:00'),
(49, NULL, 'nhomenick', 'Ebert', 'Leonel', '1974-11-03', 'desiree68@yahoo.com', '17556 Reilly Mall\nJakubowskichester, ID 66139-4369', NULL, NULL, '951.318.8526 x0186', '$2y$10$2rDNyGzMqRjTAJiTkNyt9.kGFi3eRjwatUJQfAF6vnVdgxP9TOARm', NULL, NULL, 0, 0, '2021-02-22 10:44:37', '0000-00-00 00:00:00'),
(50, NULL, 'hoconnell', 'Auer', 'Donald', '2002-08-21', 'felicia.hilpert@kihn.info', '83844 Torphy Overpass Apt. 746\nNew Dameon, FL 68926', NULL, NULL, '1-562-742-3444 x53361', '$2y$10$PwwMRIZ3wj1rUZnbv94FKeuM5DMVDX0BeDDEJAoxg3Is5Qxua44oW', NULL, NULL, 0, 0, '2021-02-22 10:44:37', '0000-00-00 00:00:00'),
(51, NULL, 'haley.aisha', 'Strosin', 'Bethany', '1999-08-06', 'kulas.karlee@yahoo.com', '411 Octavia Parks Apt. 240\nSyblechester, OR 56700', NULL, NULL, '(554) 905-6010', '$2y$10$YTpy76qUiyK4p2mamqvYVu8xZecucIi.UlvDmin8CIDAwvmETNo8i', NULL, NULL, 0, 0, '2021-02-22 10:44:37', '0000-00-00 00:00:00'),
(52, NULL, 'cleta74', 'Monahan', 'Shana', '2006-02-14', 'ruthie16@yahoo.com', '2883 Irma Garden Suite 732\nSouth Stephanieview, WA 89724-6691', NULL, NULL, '732.432.8805', '$2y$10$VkAbonqlz/tEZ6f3XuwBo.iKyZlL/5KcZ5pApzLN9sKb0GRH0ecr6', NULL, NULL, 0, 0, '2021-02-22 10:44:37', '0000-00-00 00:00:00'),
(53, NULL, 'ldaugherty', 'Herman', 'Neil', '1996-03-28', 'ystreich@little.com', '10260 Aurelia Freeway\nStantonchester, MI 20089', NULL, NULL, '892-620-4230', '$2y$10$kwOGWELMqliNotTm/zADWOQDy1elhOMIvDduOJ.vtKVaNqfGV4gG.', NULL, NULL, 0, 0, '2021-02-22 10:44:38', '0000-00-00 00:00:00'),
(54, NULL, 'vickie.armstrong', 'Bartell', 'Brenda', '2006-01-09', 'green.verlie@gmail.com', '8765 Florian Mountains\nTrinitytown, MN 81252-5580', NULL, NULL, '1-470-416-2897 x100', '$2y$10$rg0yQsZ76x2I2Q1xJXEwYO79Ra32o2PugQBNaRdtrajpUAt7upI8G', NULL, NULL, 0, 0, '2021-02-22 10:44:38', '0000-00-00 00:00:00'),
(55, NULL, 'bmuller', 'Koelpin', 'Oswald', '2009-08-25', 'wzulauf@gmail.com', '9206 Odell Lock Suite 338\nNorth Rosella, NE 65898-2567', NULL, NULL, '740-201-2936', '$2y$10$ZoE4FeQdY/8LhhlYePEAFOwUySpIXKAeDosBdH6LETgetC7ZqKbnu', NULL, NULL, 0, 0, '2021-02-22 10:44:38', '0000-00-00 00:00:00'),
(56, NULL, 'derrick41', 'Ernser', 'Candelario', '2012-06-23', 'little.harley@wyman.com', '2602 Paige Lodge Apt. 325\nEast Jessieberg, CO 41634', NULL, NULL, '1-853-471-5926 x175', '$2y$10$yoPBDL73pdxF63Ki.c0.eugoQEROdcyGt2H3ACUbH.8OdUatOR/fK', NULL, NULL, 0, 0, '2021-02-22 10:44:38', '0000-00-00 00:00:00'),
(57, NULL, 'ziemann.sasha', 'Collins', 'Delaney', '2009-06-03', 'breitenberg.devan@hand.com', '63355 Stark Junction\nEast Elliebury, TX 77826', NULL, NULL, '267-798-1146', '$2y$10$8BQGIukKPWzJUGLwzLL8qeCNX3GCfQG0NL2AjF0zxwpjIDctOrvmC', NULL, NULL, 0, 0, '2021-02-22 10:44:38', '0000-00-00 00:00:00'),
(58, NULL, 'kiara.barton', 'Kozey', 'Kristy', '1980-04-24', 'waelchi.aglae@hotmail.com', '8435 Cronin Fall\nRusselmouth, OH 21408', NULL, NULL, '314-747-1064 x24367', '$2y$10$QHS4/27GylesTsF7acKAh.MwbjE8okNKq7UH4siqczGJ4brT1zWOW', NULL, NULL, 0, 0, '2021-02-22 10:44:38', '0000-00-00 00:00:00'),
(59, NULL, 'trevion.tromp', 'Kautzer', 'Reginald', '2008-10-31', 'golda30@yahoo.com', '9598 Braxton Forges Apt. 061\nBotsfordmouth, RI 51326-4909', NULL, NULL, '1-527-914-4312', '$2y$10$7Lrr1wvs.oh5engi1rtDBOqHOwHlEh4c7Q94gzqE8pt8bDUyejqoW', NULL, NULL, 0, 0, '2021-02-22 10:44:38', '0000-00-00 00:00:00'),
(60, NULL, 'gutmann.clovis', 'O\'Keefe', 'Eloy', '1973-06-06', 'white.alicia@batz.com', '33114 Velma Mews Suite 379\nWest Crystelside, NC 24543-5017', NULL, NULL, '+1-370-312-6802', '$2y$10$ctK./0enmrcaxRb6AY5uguOT20vo7V0LPPjnXrl/DJOO8xPTpS9si', NULL, NULL, 0, 0, '2021-02-22 10:44:38', '0000-00-00 00:00:00'),
(61, NULL, 'jack.bradtke', 'Hodkiewicz', 'Dorian', '1982-01-09', 'gino19@mcclure.net', '852 Abby Estate\nSouth Houstonshire, NY 19830-2674', NULL, NULL, '1-649-467-7226 x1903', '$2y$10$8oLXY65QItTpdTFdmZFB.uKbLvU85Z7WV0zT6XyElPw6peK7HJmWO', NULL, NULL, 0, 0, '2021-02-22 10:44:38', '0000-00-00 00:00:00'),
(62, NULL, 'scarroll', 'Hirthe', 'Flossie', '2008-08-04', 'milo.okuneva@yahoo.com', '37421 Verda Village Suite 084\nWardborough, NM 30769', NULL, NULL, '(991) 472-5578 x013', '$2y$10$Wk/8p1MJSRctk9tDEuKGwOXk.ZnxVT31FDvtvyG/A8hlF7unKGd0O', NULL, NULL, 0, 0, '2021-02-22 10:44:38', '0000-00-00 00:00:00'),
(63, NULL, 'delpha18', 'Kub', 'Lexi', '1991-11-09', 'haag.meredith@yahoo.com', '7838 Frank Port Apt. 816\nNorth Zachariahhaven, CA 51066', NULL, NULL, '371.397.5274 x86503', '$2y$10$Q2jeWgl6ykcFpdwf/3DINOWNVysMOZBsQb.m5XPbJdMYXbpVvEbLy', NULL, NULL, 0, 0, '2021-02-22 10:44:38', '0000-00-00 00:00:00'),
(64, NULL, 'rrau', 'Bartell', 'Audreanne', '1998-04-24', 'gerry47@lowe.biz', '552 Florencio Loop Apt. 327\nPort Hank, VT 67598', NULL, NULL, '(418) 489-3907 x5906', '$2y$10$CfTSCytJ/qn4TResddGN.eqGVoWnmdxZhehW322NgRBdXqQmrL7j6', NULL, NULL, 0, 0, '2021-02-22 10:44:38', '0000-00-00 00:00:00'),
(65, NULL, 'jordan.dietrich', 'Wintheiser', 'Troy', '2009-06-16', 'norberto05@hotmail.com', '852 Nitzsche Walk Suite 680\nWest Beverly, IL 84081-9705', NULL, NULL, '(604) 927-1586', '$2y$10$QUiaxoXb833VegA.KC6FT.qTZevg0JJBu9bhjM0XSJML5YP7z50K6', NULL, NULL, 0, 0, '2021-02-22 10:44:38', '0000-00-00 00:00:00'),
(66, NULL, 'ratke.abelardo', 'Thompson', 'Bridgette', '2020-01-22', 'ghickle@grimes.com', '86978 Murphy Shoals Suite 131\nFunkview, OH 75378', NULL, NULL, '998.368.9685 x43788', '$2y$10$jXjQb4LyS1CUlSvN9oV5cOGwDH3yvSfXMpAmJyjXq3Dt9mVRzjAzi', NULL, NULL, 0, 0, '2021-02-22 10:44:38', '0000-00-00 00:00:00'),
(67, NULL, 'greenfelder.emilio', 'Buckridge', 'Telly', '1999-09-16', 'kbreitenberg@fritsch.com', '84705 Rey Mission Apt. 876\nNorth Irmaside, NV 95953', NULL, NULL, '(591) 284-4744', '$2y$10$2BQSTuzOPgPhRvKoKxIIz.tq0AYKDxPd6aFVnLF0nDxMcQyfPh5My', NULL, NULL, 0, 0, '2021-02-22 10:44:38', '0000-00-00 00:00:00'),
(68, NULL, 'evert.predovic', 'Wolf', 'Juvenal', '2011-01-24', 'soledad68@gmail.com', '41713 Graciela View Suite 467\nSydniville, KS 51056-3549', NULL, NULL, '+1 (869) 660-9935', '$2y$10$e5cST18yMM43vDmxFxXGWu.leJFB5BObkU3cMqwE89Qrf5qeMrqXq', NULL, NULL, 0, 0, '2021-02-22 10:44:38', '0000-00-00 00:00:00'),
(69, NULL, 'colby11', 'Cremin', 'Rhoda', '1998-08-22', 'beatty.price@kulas.info', '4755 Beatty Mountain\nLebsackport, MA 95059-2261', NULL, NULL, '+1-991-228-7304', '$2y$10$g1zismD7svzoo40ZpxYK5.IIfIUI/6HML9kOl8DsgzCvv/25asOEa', NULL, NULL, 0, 0, '2021-02-22 10:44:39', '0000-00-00 00:00:00'),
(70, NULL, 'danny22', 'Nienow', 'Curt', '2002-12-19', 'rohan.jayda@oreilly.com', '14714 Addison Rapids Suite 071\nEdwardville, PA 91923-4623', NULL, NULL, '1-354-331-6721 x84203', '$2y$10$2r0vyRLRJGqXD8NiiNapkeorJe0sx/81cLOWyGorUV3muDPcaikzm', NULL, NULL, 0, 0, '2021-02-22 10:44:39', '0000-00-00 00:00:00'),
(71, NULL, 'keeling.valerie', 'Hermiston', 'Karine', '1999-05-14', 'frederic.auer@gmail.com', '62610 Langworth Shoal Suite 987\nBernhardside, TX 49553-2741', NULL, NULL, '558-991-5063 x0334', '$2y$10$raSBa0iEKnguW5atLUdw5ucVjTjtY./YbegFQ5ilJTAnk1BeIKHMS', NULL, NULL, 0, 0, '2021-02-22 10:44:39', '0000-00-00 00:00:00'),
(72, NULL, 'merritt74', 'Runte', 'Amari', '2015-03-10', 'audreanne.ferry@hill.com', '8038 Abigail Loop Apt. 424\nWest Andresbury, LA 07455-7896', NULL, NULL, '804-620-6384', '$2y$10$WI89QKRYltVjbblyuwnhYOxlauZzkA5QNqY5HFmx41nQ/COwDqp/W', NULL, NULL, 0, 0, '2021-02-22 10:44:39', '0000-00-00 00:00:00'),
(73, NULL, 'hcrooks', 'Beier', 'Zachariah', '1990-09-10', 'annalise.rolfson@bogisich.com', '65926 Herman Oval\nSerenityborough, DE 12012-9298', NULL, NULL, '1-820-267-9179', '$2y$10$XpvZqQM3ytFIAKY1fZwfdeMkgEutX7CSVBSrk/HVQBSrfachjsYUW', NULL, NULL, 0, 0, '2021-02-22 10:44:39', '0000-00-00 00:00:00'),
(74, NULL, 'greyson65', 'Kertzmann', 'Eliane', '2018-03-20', 'donnell.braun@hotmail.com', '43258 Heidi Path\nEast Ravenside, WV 05629', NULL, NULL, '748-413-8137 x51048', '$2y$10$CNvoevFD1hnb1ZbkfuhxUOajNUNjY6TzwC5Nq2EaqEKYOyj8FhN1i', NULL, NULL, 0, 0, '2021-02-22 10:44:39', '0000-00-00 00:00:00'),
(75, NULL, 'myrl.mcclure', 'Cronin', 'Margarete', '1998-05-10', 'cassin.blake@crona.net', '68508 Shanon Forge\nLake Aurelio, CO 84112', NULL, NULL, '+1 (219) 629-7697', '$2y$10$rEOugYtu/tCsKyeCMBpcX.K.20.xwH6TzMJut3sKdIgaOZrtNaNkC', NULL, NULL, 0, 0, '2021-02-22 10:44:39', '0000-00-00 00:00:00'),
(76, NULL, 'fdamore', 'Mayer', 'Dereck', '1980-03-05', 'uwhite@yahoo.com', '66301 Kerluke Forks Suite 475\nSouth Dariana, SC 53654', NULL, NULL, '1-463-533-9534', '$2y$10$XygmKkVGT37MEgcGDsIn6.IppCPvQGtnEkzo27teSKQ6XnOtt5qdy', NULL, NULL, 0, 0, '2021-02-22 10:44:39', '0000-00-00 00:00:00'),
(77, NULL, 'christiana.graham', 'Mante', 'Vergie', '2010-03-20', 'marvin.cornelius@baumbach.com', '91090 Jensen Circles\nCandidachester, MA 84536-2387', NULL, NULL, '(441) 915-9908 x4953', '$2y$10$Fuydo31eQeFp7uHGxPqC8O/N5/dsgrcCHvYTO9bP3ght6ax/J6bPe', NULL, NULL, 0, 0, '2021-02-22 10:44:39', '0000-00-00 00:00:00'),
(78, NULL, 'kerluke.nathaniel', 'Schmeler', 'Davion', '1985-02-21', 'sonya86@hotmail.com', '149 Katheryn Falls\nNew Elias, MN 32674', NULL, NULL, '(398) 268-3040 x55010', '$2y$10$Hkrr9eiqJU8HirqVi5xB4OYQoFdysz6zm0dxgZgwuH1gn.fgX0Y4i', NULL, NULL, 0, 0, '2021-02-22 10:44:39', '0000-00-00 00:00:00'),
(79, NULL, 'taurean.raynor', 'Waters', 'Jessika', '2014-11-06', 'theo.farrell@schulist.com', '38215 Daisy Park\nJacobistad, UT 38362-9062', NULL, NULL, '(898) 298-0976', '$2y$10$DJvdWhdooNn2b02ZwZr4k.sG37.p/3N7cE7jkpwR7pLhFkcAvEv0u', NULL, NULL, 0, 0, '2021-02-22 10:44:39', '0000-00-00 00:00:00'),
(80, NULL, 'parisian.watson', 'Crona', 'Callie', '2001-01-22', 'larkin.joelle@marquardt.com', '908 Norbert Orchard\nJovannyport, VT 23318-5914', NULL, NULL, '1-423-937-4929', '$2y$10$t4vvab4Em4/VKPjFqiJc..uToSfbxFypVg1L1rKlqG5ITIhUEmJky', NULL, NULL, 0, 0, '2021-02-22 10:44:39', '0000-00-00 00:00:00'),
(81, NULL, 'aditya.frami', 'Heller', 'Antone', '2010-09-08', 'porter.dooley@smitham.biz', '66538 Milan Way\nLake Babyfurt, IL 75332', NULL, NULL, '490-331-9856', '$2y$10$NgonGdoK4a6UJfBBPMkhfOP0SDqWktxezWNGG3Z0cIaXVHpJHIw42', NULL, NULL, 0, 0, '2021-02-22 10:44:39', '0000-00-00 00:00:00'),
(82, NULL, 'cdoyle', 'Mayer', 'Zelda', '2001-06-08', 'skiles.mariano@hotmail.com', '478 Botsford Mews\nEast Katrina, NJ 50624', NULL, NULL, '(486) 950-5420', '$2y$10$/Q1KacODHOWiOGmmqhIxe.dqPRhQAzt8N18LRdKmwtNBwVx/xqIiq', NULL, NULL, 0, 0, '2021-02-22 10:44:39', '0000-00-00 00:00:00'),
(83, NULL, 'rstroman', 'Altenwerth', 'Dangelo', '1998-07-22', 'antonietta66@gmail.com', '1674 Anissa Flat\nNew Gus, VT 83743-2311', NULL, NULL, '(649) 561-3008', '$2y$10$i5x2kNzBEk/fsGjEzS53YubRHWrt6GQLxMHGtj1NXQFz4wWeGwRH2', NULL, NULL, 0, 0, '2021-02-22 10:44:39', '0000-00-00 00:00:00'),
(84, NULL, 'vkris', 'Lebsack', 'Alaina', '2004-05-26', 'dietrich.creola@gmail.com', '549 Lueilwitz Mills\nRaynorchester, CO 53822-5003', NULL, NULL, '1-658-359-6730', '$2y$10$5TYrwIMWy4w9zfrW5vt5/eGAWxQ61bd52i/YFl5cTSwq0KDh/DQfG', NULL, NULL, 0, 0, '2021-02-22 10:44:39', '0000-00-00 00:00:00'),
(85, NULL, 'kuvalis.ben', 'Rodriguez', 'Brendan', '2014-10-28', 'quitzon.ransom@barton.info', '8047 Lynch Plain Suite 487\nRoxanneshire, TX 91989', NULL, NULL, '361-669-2497 x789', '$2y$10$1F45XdfpBQwXuvsZvYZZM.YAcMufZKcQGXesmlEwdLy2q8ZkH7lbG', NULL, NULL, 0, 0, '2021-02-22 10:44:40', '0000-00-00 00:00:00'),
(86, NULL, 'qkuhn', 'Pfannerstill', 'Darrion', '2001-01-22', 'jdooley@hotmail.com', '10092 Makenna Falls\nNew Anais, MI 79457-3026', NULL, NULL, '1-572-330-3492 x5237', '$2y$10$oBv6VNRguj2JFlvvn/AmPOUUkPi3arzNGGiHuSzAxjh8OtuZCVvLu', NULL, NULL, 0, 0, '2021-02-22 10:44:40', '0000-00-00 00:00:00'),
(87, NULL, 'hettinger.kendall', 'Champlin', 'Clement', '1980-07-05', 'grimes.simone@yahoo.com', '9951 Kessler Ferry Apt. 808\nBransonport, UT 02375', NULL, NULL, '357-462-5161', '$2y$10$XquoAgw8Ieqa7Q86Tfom3O6mPisO.lgdyhgRc.DFmjIbvmdV6.x4a', NULL, NULL, 0, 0, '2021-02-22 10:44:40', '0000-00-00 00:00:00'),
(88, NULL, 'sjacobs', 'Gibson', 'Peter', '1989-01-10', 'rigoberto.senger@yahoo.com', '6411 Ernser Mission Apt. 152\nSouth Riley, NV 95628-9803', NULL, NULL, '(232) 967-6544 x3543', '$2y$10$wt3tP3zNlmyBPDGN/o/YbO5R9ukDEdMn0rZiOtTnGLAHvHFpiLsaq', NULL, NULL, 0, 0, '2021-02-22 10:44:40', '0000-00-00 00:00:00'),
(89, NULL, 'nellie.leuschke', 'Armstrong', 'Laurine', '1992-05-01', 'aokuneva@hills.com', '187 Batz Mall Suite 582\nWest Wymantown, LA 80725', NULL, NULL, '660-440-1917 x852', '$2y$10$3GWr1taosWUh0Qr2pUcGzOxy25UOppE6QkyNEAanq.zxCEZLrqzgW', NULL, NULL, 0, 0, '2021-02-22 10:44:40', '0000-00-00 00:00:00'),
(90, NULL, 'cole03', 'Cormier', 'Stephon', '2017-02-21', 'qmuller@gmail.com', '613 Mann Cove\nHesselmouth, VA 01318-4399', NULL, NULL, '1-791-231-0662 x794', '$2y$10$.zimJPi60m51AtMbHTG6WeL3cT5/r3wYeDVuEQPmclDgkX9pYpqqW', NULL, NULL, 0, 0, '2021-02-22 10:44:40', '0000-00-00 00:00:00'),
(91, NULL, 'yrosenbaum', 'Mitchell', 'Guiseppe', '1998-03-29', 'bernhard.sven@gmail.com', '582 Swaniawski Mill\nPietroport, CO 36109-8266', NULL, NULL, '397.840.4167 x473', '$2y$10$sBlkSLGU2.wJD0MLLiMf.eGIC40sUbTWIYuGZQteCJJIHdOXAccfy', NULL, NULL, 0, 0, '2021-02-22 10:44:40', '0000-00-00 00:00:00'),
(92, NULL, 'flo.west', 'Nicolas', 'Karlee', '2018-03-05', 'cassin.donato@hotmail.com', '52173 Funk Trail Suite 638\nWest Danfort, AR 99316', NULL, NULL, '332-576-6124', '$2y$10$kfX03.IKEYHYlWr69G0zNO2A3GpPjh0zfa8JLdb4.tBQLv5BOrJyS', NULL, NULL, 0, 0, '2021-02-22 10:44:40', '0000-00-00 00:00:00'),
(93, NULL, 'dejah04', 'Welch', 'Conor', '1998-06-17', 'dante.simonis@brown.com', '80494 Glover Parks\nSouth Alba, OR 03402-8506', NULL, NULL, '(359) 740-6892 x12401', '$2y$10$z3sxboS7ENy/uP2FkiIYq.KvRpKBDze3UDJtjd1mF/NIaAcmplbta', NULL, NULL, 0, 0, '2021-02-22 10:44:40', '0000-00-00 00:00:00'),
(94, NULL, 'iweissnat', 'Aufderhar', 'Vella', '2008-09-20', 'daniel.dereck@gmail.com', '693 Opal Throughway Apt. 127\nSouth Madisenstad, PA 56206', NULL, NULL, '(741) 913-9505 x8373', '$2y$10$LAgQa.GozA3xj0x/uWdA5uKQPEhcpMGk.lD8tL/U61CC.WLnkBg0.', NULL, NULL, 0, 0, '2021-02-22 10:44:40', '0000-00-00 00:00:00'),
(95, NULL, 'rowe.libbie', 'Cartwright', 'Frederick', '2008-11-16', 'amir84@hotmail.com', '5129 Cole Passage\nRobelside, WI 64321', NULL, NULL, '930.590.5022 x4052', '$2y$10$4Go8Qlo3OZ81aDyWiI9yx.0jn3VTIk9hG31rIn8/jQwU54Qu6dsFu', NULL, NULL, 0, 0, '2021-02-22 10:44:40', '0000-00-00 00:00:00'),
(96, NULL, 'waelchi.dewayne', 'McLaughlin', 'Edwin', '2020-07-18', 'mkoepp@gmail.com', '2756 Heathcote Lakes Suite 144\nSouth Bridie, TX 85979', NULL, NULL, '332-406-7005 x03433', '$2y$10$K.XbxbXdDLvz9LPhukSHkuBKYvszBGHPqkmF../idTCPGY9Svpbzy', NULL, NULL, 0, 0, '2021-02-22 10:44:40', '0000-00-00 00:00:00'),
(97, NULL, 'botsford.davonte', 'Reynolds', 'Simone', '2011-10-02', 'ebert.amy@gmail.com', '9054 Gleichner Groves Suite 189\nEast Gerard, AZ 78797-5991', NULL, NULL, '(756) 591-4950', '$2y$10$s3vce/kp3h4eqaSR8Lk8Q.lSZKAWsyE1xseRf/EeVEC/jBBbkgbxu', NULL, NULL, 0, 0, '2021-02-22 10:44:40', '0000-00-00 00:00:00'),
(98, NULL, 'maxwell08', 'Will', 'Unique', '2016-05-06', 'sluettgen@schneider.com', '8898 O\'Keefe Terrace Apt. 061\nSouth Rachel, GA 90461', NULL, NULL, '274.779.2915 x04695', '$2y$10$Lnr2SGXArZRZ/9T2AQR0HeT2agzjd49zl4mk/hiWU5eivRaWaInu2', NULL, NULL, 0, 0, '2021-02-22 10:44:40', '0000-00-00 00:00:00'),
(99, NULL, 'larson.deven', 'Littel', 'Blanca', '1992-09-02', 'cchristiansen@luettgen.com', '5879 Schimmel Hills\nLake Lucius, WA 28719', NULL, NULL, '928-875-1792 x21493', '$2y$10$Vh5ZYA2pUe2GX9kIvBkgL.94cRoaVh0oKp3otmygcofv9uFVuC.YS', NULL, NULL, 0, 0, '2021-02-22 10:44:40', '0000-00-00 00:00:00'),
(100, NULL, 'dalton14', 'Nitzsche', 'Michel', '2014-08-18', 'jkuhic@mclaughlin.com', '69111 Clark Estates\nMaidamouth, AR 02575-6066', NULL, NULL, '+1-301-641-4582', '$2y$10$G92vWmbpMXrp8eM76b6.p.sIcTnfc.EqPXwBDqwDHZnZF.Lm/LNyO', NULL, NULL, 0, 0, '2021-02-22 10:44:40', '0000-00-00 00:00:00'),
(101, NULL, 'test123', NULL, NULL, NULL, 'test123@yopmail.com', NULL, NULL, NULL, NULL, '$2y$10$S6M2CGu9zfij0C/mb6DT/uQq68K7sTdXK.RDwHw4aSpGUfaxQcey.', NULL, NULL, 1, 0, '2021-02-22 10:45:16', '2021-02-22 10:45:48');

-- --------------------------------------------------------

--
-- Structure de la table `user_skills`
--

CREATE TABLE `user_skills` (
  `id` int(11) NOT NULL,
  `id_skill` int(11) NOT NULL,
  `id_user` int(11) NOT NULL,
  `created_at` datetime NOT NULL DEFAULT current_timestamp(),
  `updated_at` datetime NOT NULL DEFAULT '0000-00-00 00:00:00' ON UPDATE current_timestamp()
) ENGINE=InnoDB DEFAULT CHARSET=utf8mb4;

--
-- Déchargement des données de la table `user_skills`
--

INSERT INTO `user_skills` (`id`, `id_skill`, `id_user`, `created_at`, `updated_at`) VALUES
(1, 8, 20, '2021-02-22 10:44:41', '0000-00-00 00:00:00'),
(2, 12, 78, '2021-02-22 10:44:41', '0000-00-00 00:00:00'),
(3, 25, 25, '2021-02-22 10:44:41', '0000-00-00 00:00:00'),
(4, 31, 7, '2021-02-22 10:44:41', '0000-00-00 00:00:00'),
(5, 39, 18, '2021-02-22 10:44:41', '0000-00-00 00:00:00'),
(6, 6, 40, '2021-02-22 10:44:41', '0000-00-00 00:00:00'),
(7, 21, 9, '2021-02-22 10:44:41', '0000-00-00 00:00:00'),
(8, 3, 9, '2021-02-22 10:44:41', '0000-00-00 00:00:00'),
(9, 17, 55, '2021-02-22 10:44:41', '0000-00-00 00:00:00'),
(10, 18, 64, '2021-02-22 10:44:41', '0000-00-00 00:00:00'),
(11, 16, 52, '2021-02-22 10:44:41', '0000-00-00 00:00:00'),
(12, 26, 47, '2021-02-22 10:44:41', '0000-00-00 00:00:00'),
(13, 25, 93, '2021-02-22 10:44:41', '0000-00-00 00:00:00'),
(14, 37, 78, '2021-02-22 10:44:41', '0000-00-00 00:00:00'),
(15, 33, 66, '2021-02-22 10:44:41', '0000-00-00 00:00:00'),
(16, 25, 5, '2021-02-22 10:44:41', '0000-00-00 00:00:00'),
(17, 19, 30, '2021-02-22 10:44:41', '0000-00-00 00:00:00'),
(18, 34, 35, '2021-02-22 10:44:41', '0000-00-00 00:00:00'),
(19, 7, 27, '2021-02-22 10:44:41', '0000-00-00 00:00:00'),
(20, 11, 61, '2021-02-22 10:44:41', '0000-00-00 00:00:00'),
(21, 29, 95, '2021-02-22 10:44:41', '0000-00-00 00:00:00'),
(22, 38, 79, '2021-02-22 10:44:41', '0000-00-00 00:00:00'),
(23, 14, 63, '2021-02-22 10:44:41', '0000-00-00 00:00:00'),
(24, 19, 81, '2021-02-22 10:44:41', '0000-00-00 00:00:00'),
(25, 9, 20, '2021-02-22 10:44:41', '0000-00-00 00:00:00'),
(26, 20, 73, '2021-02-22 10:44:41', '0000-00-00 00:00:00'),
(27, 12, 38, '2021-02-22 10:44:41', '0000-00-00 00:00:00'),
(28, 11, 24, '2021-02-22 10:44:41', '0000-00-00 00:00:00'),
(29, 40, 72, '2021-02-22 10:44:42', '0000-00-00 00:00:00'),
(30, 6, 50, '2021-02-22 10:44:42', '0000-00-00 00:00:00'),
(31, 28, 3, '2021-02-22 10:44:42', '0000-00-00 00:00:00'),
(32, 32, 11, '2021-02-22 10:44:42', '0000-00-00 00:00:00'),
(33, 6, 6, '2021-02-22 10:44:42', '0000-00-00 00:00:00'),
(34, 30, 9, '2021-02-22 10:44:42', '0000-00-00 00:00:00'),
(35, 23, 43, '2021-02-22 10:44:42', '0000-00-00 00:00:00'),
(36, 13, 65, '2021-02-22 10:44:42', '0000-00-00 00:00:00'),
(37, 7, 29, '2021-02-22 10:44:42', '0000-00-00 00:00:00'),
(38, 3, 13, '2021-02-22 10:44:42', '0000-00-00 00:00:00'),
(39, 19, 78, '2021-02-22 10:44:42', '0000-00-00 00:00:00'),
(40, 3, 57, '2021-02-22 10:44:42', '0000-00-00 00:00:00'),
(41, 7, 83, '2021-02-22 10:44:42', '0000-00-00 00:00:00'),
(42, 26, 30, '2021-02-22 10:44:42', '0000-00-00 00:00:00'),
(43, 3, 51, '2021-02-22 10:44:42', '0000-00-00 00:00:00'),
(44, 22, 12, '2021-02-22 10:44:42', '0000-00-00 00:00:00'),
(45, 28, 15, '2021-02-22 10:44:42', '0000-00-00 00:00:00'),
(46, 27, 50, '2021-02-22 10:44:42', '0000-00-00 00:00:00'),
(47, 19, 64, '2021-02-22 10:44:42', '0000-00-00 00:00:00'),
(48, 31, 32, '2021-02-22 10:44:42', '0000-00-00 00:00:00'),
(49, 31, 36, '2021-02-22 10:44:42', '0000-00-00 00:00:00'),
(50, 37, 4, '2021-02-22 10:44:42', '0000-00-00 00:00:00'),
(51, 4, 54, '2021-02-22 10:44:42', '0000-00-00 00:00:00'),
(52, 1, 60, '2021-02-22 10:44:42', '0000-00-00 00:00:00'),
(53, 23, 46, '2021-02-22 10:44:42', '0000-00-00 00:00:00'),
(54, 24, 93, '2021-02-22 10:44:42', '0000-00-00 00:00:00'),
(55, 3, 87, '2021-02-22 10:44:42', '0000-00-00 00:00:00'),
(56, 37, 41, '2021-02-22 10:44:42', '0000-00-00 00:00:00'),
(57, 3, 97, '2021-02-22 10:44:42', '0000-00-00 00:00:00'),
(58, 5, 8, '2021-02-22 10:44:42', '0000-00-00 00:00:00'),
(59, 7, 13, '2021-02-22 10:44:42', '0000-00-00 00:00:00'),
(60, 30, 48, '2021-02-22 10:44:42', '0000-00-00 00:00:00'),
(61, 11, 98, '2021-02-22 10:44:42', '0000-00-00 00:00:00'),
(62, 14, 79, '2021-02-22 10:44:42', '0000-00-00 00:00:00'),
(63, 21, 71, '2021-02-22 10:44:42', '0000-00-00 00:00:00'),
(64, 28, 88, '2021-02-22 10:44:42', '0000-00-00 00:00:00'),
(65, 22, 16, '2021-02-22 10:44:42', '0000-00-00 00:00:00'),
(66, 6, 39, '2021-02-22 10:44:42', '0000-00-00 00:00:00'),
(67, 30, 29, '2021-02-22 10:44:42', '0000-00-00 00:00:00'),
(68, 16, 97, '2021-02-22 10:44:42', '0000-00-00 00:00:00'),
(69, 13, 46, '2021-02-22 10:44:42', '0000-00-00 00:00:00'),
(70, 1, 85, '2021-02-22 10:44:42', '0000-00-00 00:00:00'),
(71, 21, 79, '2021-02-22 10:44:42', '0000-00-00 00:00:00'),
(72, 16, 30, '2021-02-22 10:44:42', '0000-00-00 00:00:00'),
(73, 7, 69, '2021-02-22 10:44:42', '0000-00-00 00:00:00'),
(74, 15, 46, '2021-02-22 10:44:42', '0000-00-00 00:00:00'),
(75, 12, 59, '2021-02-22 10:44:42', '0000-00-00 00:00:00'),
(76, 4, 47, '2021-02-22 10:44:42', '0000-00-00 00:00:00'),
(77, 3, 58, '2021-02-22 10:44:42', '0000-00-00 00:00:00'),
(78, 4, 95, '2021-02-22 10:44:42', '0000-00-00 00:00:00'),
(79, 16, 80, '2021-02-22 10:44:42', '0000-00-00 00:00:00'),
(80, 19, 87, '2021-02-22 10:44:42', '0000-00-00 00:00:00'),
(81, 26, 73, '2021-02-22 10:44:42', '0000-00-00 00:00:00'),
(82, 14, 48, '2021-02-22 10:44:42', '0000-00-00 00:00:00'),
(83, 36, 36, '2021-02-22 10:44:42', '0000-00-00 00:00:00'),
(84, 1, 22, '2021-02-22 10:44:42', '0000-00-00 00:00:00'),
(85, 27, 35, '2021-02-22 10:44:42', '0000-00-00 00:00:00'),
(86, 28, 29, '2021-02-22 10:44:42', '0000-00-00 00:00:00'),
(87, 1, 91, '2021-02-22 10:44:42', '0000-00-00 00:00:00'),
(88, 1, 76, '2021-02-22 10:44:42', '0000-00-00 00:00:00'),
(89, 25, 72, '2021-02-22 10:44:42', '0000-00-00 00:00:00'),
(90, 39, 37, '2021-02-22 10:44:42', '0000-00-00 00:00:00'),
(91, 19, 6, '2021-02-22 10:44:42', '0000-00-00 00:00:00'),
(92, 8, 31, '2021-02-22 10:44:42', '0000-00-00 00:00:00'),
(93, 34, 31, '2021-02-22 10:44:42', '0000-00-00 00:00:00'),
(94, 24, 25, '2021-02-22 10:44:42', '0000-00-00 00:00:00'),
(95, 31, 98, '2021-02-22 10:44:42', '0000-00-00 00:00:00'),
(96, 10, 41, '2021-02-22 10:44:42', '0000-00-00 00:00:00'),
(97, 23, 26, '2021-02-22 10:44:42', '0000-00-00 00:00:00'),
(98, 34, 51, '2021-02-22 10:44:42', '0000-00-00 00:00:00'),
(99, 29, 91, '2021-02-22 10:44:42', '0000-00-00 00:00:00'),
(100, 7, 71, '2021-02-22 10:44:42', '0000-00-00 00:00:00');

-- --------------------------------------------------------

--
-- Structure de la table `warnings`
--

CREATE TABLE `warnings` (
  `id` int(11) NOT NULL,
  `id_user` int(11) NOT NULL,
  `id_post` int(11) NOT NULL,
  `message` tinytext NOT NULL,
  `created_at` datetime NOT NULL DEFAULT current_timestamp(),
  `updated_at` datetime NOT NULL DEFAULT '0000-00-00 00:00:00' ON UPDATE current_timestamp()
) ENGINE=InnoDB DEFAULT CHARSET=utf8mb4;

--
-- Index pour les tables déchargées
--

--
-- Index pour la table `asks`
--
ALTER TABLE `asks`
  ADD PRIMARY KEY (`id`),
  ADD KEY `id_user` (`id_user`,`id_post`),
  ADD KEY `id_post` (`id_post`);

--
-- Index pour la table `breakdown_categories`
--
ALTER TABLE `breakdown_categories`
  ADD PRIMARY KEY (`id`),
  ADD KEY `platform_id` (`id_platform`);

--
-- Index pour la table `chats`
--
ALTER TABLE `chats`
  ADD PRIMARY KEY (`id`);

--
-- Index pour la table `chat_users`
--
ALTER TABLE `chat_users`
  ADD PRIMARY KEY (`id`);

--
-- Index pour la table `messages`
--
ALTER TABLE `messages`
  ADD PRIMARY KEY (`id`);

--
-- Index pour la table `offers`
--
ALTER TABLE `offers`
  ADD PRIMARY KEY (`id`),
  ADD KEY `id_user` (`id_user`,`id_post`),
  ADD KEY `id_post` (`id_post`);

--
-- Index pour la table `platforms`
--
ALTER TABLE `platforms`
  ADD PRIMARY KEY (`id`),
  ADD UNIQUE KEY `name` (`name`);

--
-- Index pour la table `posts`
--
ALTER TABLE `posts`
  ADD PRIMARY KEY (`id`),
  ADD KEY `id_breakdown_type` (`id_breakdown_category`),
  ADD KEY `id_user` (`id_user`);

--
-- Index pour la table `reviews`
--
ALTER TABLE `reviews`
  ADD PRIMARY KEY (`id`);

--
-- Index pour la table `skills`
--
ALTER TABLE `skills`
  ADD PRIMARY KEY (`id`),
  ADD KEY `id_platform` (`id_breakdown_category`);

--
-- Index pour la table `users`
--
ALTER TABLE `users`
  ADD PRIMARY KEY (`id`),
  ADD UNIQUE KEY `username` (`username`,`email`);

--
-- Index pour la table `user_skills`
--
ALTER TABLE `user_skills`
  ADD PRIMARY KEY (`id`),
  ADD KEY `id_skill` (`id_skill`),
  ADD KEY `id_user` (`id_user`);

--
-- Index pour la table `warnings`
--
ALTER TABLE `warnings`
  ADD PRIMARY KEY (`id`),
  ADD KEY `id_user` (`id_user`,`id_post`),
  ADD KEY `id_post` (`id_post`);

--
-- AUTO_INCREMENT pour les tables déchargées
--

--
-- AUTO_INCREMENT pour la table `asks`
--
ALTER TABLE `asks`
  MODIFY `id` int(11) NOT NULL AUTO_INCREMENT;

--
-- AUTO_INCREMENT pour la table `breakdown_categories`
--
ALTER TABLE `breakdown_categories`
  MODIFY `id` int(11) NOT NULL AUTO_INCREMENT, AUTO_INCREMENT=24;

--
-- AUTO_INCREMENT pour la table `chats`
--
ALTER TABLE `chats`
  MODIFY `id` int(11) NOT NULL AUTO_INCREMENT;

--
-- AUTO_INCREMENT pour la table `chat_users`
--
ALTER TABLE `chat_users`
  MODIFY `id` int(11) NOT NULL AUTO_INCREMENT;

--
-- AUTO_INCREMENT pour la table `messages`
--
ALTER TABLE `messages`
  MODIFY `id` int(11) NOT NULL AUTO_INCREMENT;

--
-- AUTO_INCREMENT pour la table `offers`
--
ALTER TABLE `offers`
  MODIFY `id` int(11) NOT NULL AUTO_INCREMENT, AUTO_INCREMENT=101;

--
-- AUTO_INCREMENT pour la table `platforms`
--
ALTER TABLE `platforms`
  MODIFY `id` int(11) NOT NULL AUTO_INCREMENT, AUTO_INCREMENT=13;

--
-- AUTO_INCREMENT pour la table `posts`
--
ALTER TABLE `posts`
  MODIFY `id` int(11) NOT NULL AUTO_INCREMENT, AUTO_INCREMENT=101;

--
-- AUTO_INCREMENT pour la table `reviews`
--
ALTER TABLE `reviews`
  MODIFY `id` int(11) NOT NULL AUTO_INCREMENT, AUTO_INCREMENT=2;

--
-- AUTO_INCREMENT pour la table `skills`
--
ALTER TABLE `skills`
  MODIFY `id` int(11) NOT NULL AUTO_INCREMENT, AUTO_INCREMENT=41;

--
-- AUTO_INCREMENT pour la table `users`
--
ALTER TABLE `users`
  MODIFY `id` int(11) NOT NULL AUTO_INCREMENT, AUTO_INCREMENT=102;

--
-- AUTO_INCREMENT pour la table `user_skills`
--
ALTER TABLE `user_skills`
  MODIFY `id` int(11) NOT NULL AUTO_INCREMENT, AUTO_INCREMENT=101;

--
-- AUTO_INCREMENT pour la table `warnings`
--
ALTER TABLE `warnings`
  MODIFY `id` int(11) NOT NULL AUTO_INCREMENT;

--
-- Contraintes pour les tables déchargées
--

--
-- Contraintes pour la table `breakdown_categories`
--
ALTER TABLE `breakdown_categories`
  ADD CONSTRAINT `breakdown_categories_ibfk_1` FOREIGN KEY (`id_platform`) REFERENCES `platforms` (`id`);
COMMIT;

/*!40101 SET CHARACTER_SET_CLIENT=@OLD_CHARACTER_SET_CLIENT */;
/*!40101 SET CHARACTER_SET_RESULTS=@OLD_CHARACTER_SET_RESULTS */;
/*!40101 SET COLLATION_CONNECTION=@OLD_COLLATION_CONNECTION */;
